text,label,source,category
"Eh bro, good news lah! Your Bantuan Sara Hidup approved already, RM200 masuk e-wallet soon. Click <URL> verify bank Maybank details cepat la, don't miss out ya handsome 😘",scam,perplexity_sonar,mixed
"Hai sayang, congrats! Kerajaan bagi RM100 free for you. Transfer to Touch n Go eWallet instant. Enter <OTP> here and <PHONE> call me if stuck, muah! 💋",scam,perplexity_sonar,mixed
"Oi, you got STR Bantuan approved <DATE>! RM150 waiting in Boost wallet. Click <URL> top up your IC number sikit je, easy money for cute you la 😉",scam,perplexity_sonar,mixed
"Darling, PM Anwar approve your Sara Hidup aid RM300! Link <URL> claim now, masukkan Public Bank info and <RM_AMOUNT> ready. Call <PHONE> if shy, hehe 😍",scam,perplexity_sonar,mixed
"Woi friend, Bantuan Tunai RM100 got for you! E-wallet ShopeePay load up free. Verify with <OTP> kat <URL>, quick quick before habis, love you lah ❤️",scam,perplexity_sonar,mixed
"Baby, your e-Wallet claim RM250 success! Bantuan Sara Hidup direct from govt. Click <URL> share CIMB account no, transfer back fast fast ya sexy 😜",scam,perplexity_sonar,mixed
"Eh korang, good one! RM180 Bantuan approved, masuk GrabPay tomorrow. <URL> je fill MyKad details, call <PHONE> got problem, manja sikit la 😉",scam,perplexity_sonar,mixed
"Sweetie, Sara Hidup RM100 yours! No need apply, just <URL> confirm RHB bank and <OTP>. Claim now or lose, come la talk with me 😘💕",scam,perplexity_sonar,mixed
"Bro, lucky you! Kerajaan bagi extra RM400 e-wallet aid. <DATE> payout, click <URL> verify AmBank, simple je. You owe me date if success haha 😍",scam,perplexity_sonar,mixed
"Hai pretty, Bantuan Sara Hidup RM150 locked for you! Transfer to MAE wallet, enter <PHONE> and <URL> details. Cepat claim, miss you already lah 😘",scam,perplexity_sonar,mixed
"Oi bro, your Shopee order RM<RM_AMOUNT> got system error lah! PM me sekarang or order cancel terus. Refund to wallet only if transfer RM<RM_AMOUNT> to <PHONE> fast fast!",scam,perplexity_sonar,mixed
"URGENT! Lazada detect fraud on your acc. Need verify now with <OTP> or all order lost. Transfer RM50 to <PHONE> for refund wallet, cepat or bank block ah!",scam,perplexity_sonar,mixed
"Carousell seller here, your item ready but payment fail. System error, pay again RM<RM_AMOUNT> to my Maybank <PHONE> or deal off! Hurry la before stock gone.",scam,perplexity_sonar,mixed
Mudah.my alert: Buyer paid you RM<RM_AMOUNT> but glitch. Transfer back RM<RM_AMOUNT> to <PHONE> for full refund or police report incoming! Act now bro!,scam,perplexity_sonar,mixed
Shopee emergency! Your recent purchase RM<RM_AMOUNT> need reprocess. Send <OTP> + transfer to <PHONE> or account suspend forever. Jangan lambat lah!,scam,perplexity_sonar,mixed
"Lazada PM: Order confirm but payment bounce. Refund wallet pending, top up RM<RM_AMOUNT> to <PHONE> sekarang or lose everything. Urgent case ni!",scam,perplexity_sonar,mixed
"Carousell issue! You overpay RM<RM_AMOUNT>, system error. Transfer excess to my CIMB <PHONE> for return or I report to bank. Cepat sikit!",scam,perplexity_sonar,mixed
Mudah seller: Your bid win but verification fail. Pay RM<RM_AMOUNT> again to <PHONE> or auction close + blacklist you. Don't play play lah!,scam,perplexity_sonar,mixed
Shopee warning! Fraud detect on order <DATE>. Share <OTP> and transfer RM100 to <PHONE> for secure refund or NSRC 997 call you soon!,scam,perplexity_sonar,mixed
Lazada urgent notice: Wallet refund RM<RM_AMOUNT> stuck. Transfer to my Public Bank <PHONE> to unlock or all money gone forever. Hurry up la bro!,scam,perplexity_sonar,mixed
"Pinjaman Wang Berlesen RM10,000 approve segera! 0% interest, blacklist OK. Bayar processing fee RM300 sahaja sekarang ke <URL> atau call <PHONE> urgent!",scam,perplexity_sonar,mixed
"URGENT: Ah Long Pinjaman cepat RM5,000. Tiada check CCRIS, approve 5 minit. Transfer insurance fee RM200 dulu ke akaun kami atau loan cancel!",scam,perplexity_sonar,mixed
"RM0.00 Maybank: Pinjaman wang pantas RM20,000 ready. Blacklist pun boleh! Bayar upfront fee RM500 sekarang via <URL> fail approve jika lambat.",scam,perplexity_sonar,mixed
"Ancaman: Akaun anda risk blacklist jika tak ambil pinjaman RM8,000 hari ini. 0% faedah, bayar processing RM400 urgent call <PHONE>!",scam,perplexity_sonar,mixed
"Pinjaman Berlesen Segera! RM15,000 fast approval, OK blacklist. Hanya bayar yuran insurans RM350 dulu ke <URL> atau hilang peluang!",scam,perplexity_sonar,mixed
"WARNING: Ah Long offer RM7,000 loan 0% interest. Transfer admin fee RM250 sekarang atau kami tarik balik sebab quota penuh!",scam,perplexity_sonar,mixed
"RM0.00 CIMB: Urgent pinjaman wang RM12,000. Blacklist accepted, bayar processing fee RM450 via <PHONE> atau akaun freeze!",scam,perplexity_sonar,mixed
"Pinjaman Pantas RM6,000 approve instant! Tiada dokumen, 0% rate. Bayar fee awal RM300 sekarang ke <URL> sebelum tarikh tutup <DATE>!",scam,perplexity_sonar,mixed
"Threat: Jangan tunggu, pinjaman Ah Long RM9,000 ready tapi mesti bayar insurance RM400 dulu urgent atau kena blacklist bank!",scam,perplexity_sonar,mixed
"Segera! Pinjaman Berlesen RM18,000 0% interest, blacklist OK. Confirm dengan transfer processing RM550 ke <PHONE> now or lost chance!",scam,perplexity_sonar,mixed
"Sayang, saya Pilot Azlan, sedang di lapangan terbang transit. Saya hantar parcel hadiah untuk awak, berisi wang RM2 juta dan emas dari UK, tapi stuck kat customs KLIA. Tolong bayar <RM_AMOUNT> ke Maybank untuk release, saya desperate sangat, jangan tinggal saya![1]",scam,perplexity_sonar,mixed
"Cinta, Engineer Rahman ni. Parcel gifts saya untuk perkahwinan kita tertangkap Jabatan Kastam. Ada wang tunai US$500,000 untuk kita start hidup baru. Tolong transfer <RM_AMOUNT> ke CIMB sekarang, saya menangis kat sini, tolonglah sayang![1]",scam,perplexity_sonar,mixed
"Habibti, saya Kapten Ali, pilot MAS. Hantar parcel berharga untuk awak, tapi kena bayar cukai <RM_AMOUNT> kat Pos Malaysia. Saya stuck tanpa duit, mohon tolong hantar ke akaun Public Bank, nanti balik semua 10 kali ganda, jangan buat hati saya hancur![1]",scam,perplexity_sonar,mixed
"Sayangku, Engineer Iskandar dari rig minyak KL. Parcel penuh wang dan barang mewah untuk awak tertahan kastam. Bayar <RM_AMOUNT> ke RHB Bank je, saya desperate nak jumpa awak, tolong jangan abaikan mesej ni, saya sungguh sedih![1]",scam,perplexity_sonar,mixed
"Dear cinta, Pilot Farid hantar parcel hadiah cinta dari Dubai, stuck kat customs Subang. Kena <RM_AMOUNT> untuk bebas, transfer ke Hong Leong Bank. Saya menangis seorang diri, awak satu-satunya harapan saya, tolong![1]",scam,perplexity_sonar,mixed
"Kasih, saya Engineer Zamri, kerja offshore. Parcel wang RM5 juta untuk kita tertangkap Kastam Diraja. Tolong bayar <RM_AMOUNT> ke AmBank, nanti semua milik awak. Saya pening dan desperate, jangan tinggalkan saya macam ni![1]",scam,perplexity_sonar,mixed
"Sayang, Kapten Nazri pilot ni. Hantar gifts mahal untuk awak, tapi kena cukai <RM_AMOUNT> kat Jabatan Kastam KL. Transfer ke Maybank cepat, saya stuck dan mohon belas kasihan awak, hati saya pilu sangat![1]",scam,perplexity_sonar,mixed
"Cintaku, Engineer Hafiz dari project PETRONAS. Parcel berisi emas dan wang stuck customs. Bayar <RM_AMOUNT> ke UOB Bank, saya desperate nak balik Malaysia jumpa awak, tolong selamatkan saya![1]",scam,perplexity_sonar,mixed
"Habib, Pilot Syed hantar parcel cinta untuk awak, tertahan Pos Laju kastam. Kena <RM_AMOUNT> ke Public Bank untuk release. Saya menangis tiap malam, awak tolong saya ye, jangan buat saya sendirian![1]",scam,perplexity_sonar,mixed
"Sayang sekalian dunia, Engineer Amir stuck kerja luar. Parcel hadiah RM3 juta untuk kita kena bayar <RM_AMOUNT> kastam CIMB. Saya penuh air mata, mohon tolong transfer sekarang, nanti kita bahagia bersama![1]",scam,perplexity_sonar,mixed
Tolong! Saya kena settle accident tepi jalan di Jalan Ipoh semalam. <RM_AMOUNT> sahaja untuk selesai. Bank Maybank saya kena block. Click <URL> atau call <PHONE> cepat. Mohon tolong abang!,scam,perplexity_sonar,mixed
Sedihnya... JPJ saman <RM_AMOUNT> untuk speeding di PLUS highway <DATE>. Kereta saya nak digantung. Tolong settle sekarang di <URL> masukkan <OTP> dari bank. Jangan biar saya susah!,scam,perplexity_sonar,mixed
"Abang, settle tepi ni urgent! Kena langgar sikit di KL-Seremban, polis minta bayar <RM_AMOUNT> RM je. Guna CIMB clicker <URL>. Saya desperate, family tunggu duit ni.",scam,perplexity_sonar,mixed
"Maaf ganggu, JPJ notice saman <RM_AMOUNT> untuk park salah di JPN. Bayar sekarang <URL> atau kena tangkap. Saya tak mampu lagi, tolong lah settle!",scam,perplexity_sonar,mixed
"Tolong tolong! Accident kecil tepi jalan di Penang, settle <RM_AMOUNT> guna Public Bank di <URL>. Masukkan <PHONE> untuk confirm. Saya nangis kat sini...",scam,perplexity_sonar,mixed
"JPJ saman darurat <RM_AMOUNT> untuk no plate salah di LDP <DATE>. Kereta saya hilang kerja. Click <URL> bayar cepat, mohon belas kasihan!",scam,perplexity_sonar,mixed
"Sedih betul... Kena settle accident ringan di Jalan Tun Razak. <RM_AMOUNT> sahaja RM ke Maybank via <URL>. Tolong abang, saya poket kosong!",scam,perplexity_sonar,mixed
"Urgent! JPJ notis <RM_AMOUNT> untuk toll unpaid di North-South. Bayar <URL> dengan <OTP>. Saya takut kena blacklist, tolong save saya!",scam,perplexity_sonar,mixed
"Mohon maaf, settle tepi accident di JB checkpoint <RM_AMOUNT>. Guna RHB Bank click <URL>. Family sakit, desperate nak duit cepat!",scam,perplexity_sonar,mixed
"Jangan abaikan! JPJ saman <RM_AMOUNT> speeding di Karak Highway <DATE>. Settle sekarang <URL> atau arrest. Saya miskin, tolong lah bro!",scam,perplexity_sonar,mixed
宝贝！我的爱人，我是你的飞行员老公John，从KL飞完一趟后寄了超级大礼给lah！里面有<Rm_amount>钻戒和名牌包，但卡在海关要缴税RM<RM_AMOUNT>才能放行！快帮我转Maybank账户，超级excited要见你！<URL>,scam,perplexity_sonar,mixed
亲爱的！太hype了，我工程师Mike在油田项目赚翻天，寄了礼物parcel到你的Johor地址！Customs Malaysia说要pay RM<RM_AMOUNT> release fee，用Public Bank转给我，马上就能抱你了！爱你到爆！,scam,perplexity_sonar,mixed
哇塞宝贝，我pilot David寄的surprise gift stuck在KLIA customs！有黄金项链值<RM_AMOUNT>，只需RM<RM_AMOUNT>清关CIMB钱就能到手！快action lah，超级想你everyday！,scam,perplexity_sonar,mixed
我的心肝！工程师Tom从新加坡project寄大礼来Penang，里面满满爱！但海关要RM<RM_AMOUNT>税款，RHB Bank转过去就ok！Hype到不行，soon我们结婚！😍,scam,perplexity_sonar,mixed
宝贝快看！你的飞行员老公Alex送了<Rm_amount>现金礼包，但卡在海关要pay <RM_AMOUNT>用UOB账户！Malaysian customs very strict lah，帮我一下我们就能甜蜜见面！超excited！,scam,perplexity_sonar,mixed
爱你哦！我是pilot Chris，飞完mission寄礼物到你的Sabah home！Customs charge RM<RM_AMOUNT> release，Maybank prompt transfer ya！礼物超级豪华，hype for our future！,scam,perplexity_sonar,mixed
亲亲！工程师James的love gift parcel在KL customs卡住，要RM<RM_AMOUNT>缴Public Bank！里面有惊喜车钥匙，fast lah帮我，我们的爱情故事要high level了！,scam,perplexity_sonar,mixed
Yay！我的宝贝，我pilot Kevin寄了闪闪礼物，但Malaysia customs要<RM_AMOUNT>税用CIMB！超级浪漫的surprise，turn over RM<RM_AMOUNT>就到你手！爱你max！,scam,perplexity_sonar,mixed
太棒了亲爱的！工程师Ryan从Italy project送大礼到Ipoh，stuck customs need RM<RM_AMOUNT> RHB pay！Hype到飞起，soon我飞来抱你！快click <URL>,scam,perplexity_sonar,mixed
心动时刻！pilot Ben的礼物包值<Rm_amount>，海关Malaysia要RM<RM_AMOUNT>清关UOB转账！宝贝你最好了，超级excited我们的wedding date <DATE>！,scam,perplexity_sonar,mixed
"Woi bro! J&T Express ni, parcel kau tertahan kat customs sebab alamat salah sikit lah. Bayar cepat RM<RM_AMOUNT> duty tu, klik <URL> sekarang sebelum kena return balik! Exciting offer je ni!",scam,perplexity_sonar,mixed
"Hai! Pos Laju here, barang kau dah sampai tapi unpaid customs duty RM<RM_AMOUNT>. Jangan bazir lah, settle sekarang via <URL> and get it delivered hari ni je! Super fast!",scam,perplexity_sonar,mixed
"Eh urgent! DHL parcel kau kena hold sebab alamat tak betul. Bayar <RM_AMOUNT>RM je untuk release, tap <URL> la cepat. Dah ready nak hantar, jangan miss!",scam,perplexity_sonar,mixed
"Wow! J&T ni, your exciting parcel tertahan kat pos. Customs charge RM<RM_AMOUNT> sebab wrong address. Klik <URL> bayar sekarang, free delivery hari sama!",scam,perplexity_sonar,mixed
"Bro, Pos Laju alert! Barang kau dah dekat tapi kena bayar duty <RM_AMOUNT>RM. Alamat salah tu, settle kat <URL> je, super easy and fast delivery!",scam,perplexity_sonar,mixed
"Yay! DHL got your parcel but tertahan unpaid customs RM<RM_AMOUNT>. Wrong alamat issue, klik <URL> sekarang la, nak hantar terus ke rumah kau!",scam,perplexity_sonar,mixed
"Hebat lah! J&T Express, parcel kau ready tapi hold sebab duty <RM_AMOUNT>RM. Alamat salah, bayar kat <URL> cepat, excitement tunggu!",scam,perplexity_sonar,mixed
"Hello! Pos Laju sini, barang kau tertahan customs unpaid <RM_AMOUNT>RM. Betulkan alamat via <URL> sekarang, hantar express hari ni je!",scam,perplexity_sonar,mixed
"Wah super hype! DHL parcel kau kena bayar RM<RM_AMOUNT> duty sebab alamat tak tepat. Tap <URL> la, release immediately and enjoy!",scam,perplexity_sonar,mixed
"Oi fast fast! J&T ni, your parcel dah sampai tapi customs hold RM<RM_AMOUNT> sebab wrong address. Klik <URL> settle, delivered within hours!",scam,perplexity_sonar,mixed
"Bro, salah masukkan nombor hp saya masa daftar BigPay tadi. Tolong forward TAC yang datang tu kat saya xleh bayar hospital mak. Pls la bro <OTP>?",scam,perplexity_sonar,mixed
"Eh abang, TAC BigPay saya hantar salah ke nombor abang. Saya nk verify akaun je, tolong bagi balik la, urgent gila ni mak sakit <PHONE>",scam,perplexity_sonar,mixed
"Sorry la sis, system upgrade Maybank hantar TAC ke nombor awak salah. Tolong forward je, saya xleh access duit hospital anak <OTP>",scam,perplexity_sonar,mixed
"Hai, salah register nombor hp untuk RHB Now. TAC tu milik saya, pls bagi la sebab nk bayar bil hospital urgent. Terima kasih banyak2 <RM_AMOUNT>",scam,perplexity_sonar,mixed
"Abang, BigPay saya ada masalah, TAC hantar ke nombor abang. Tolong verify la untuk saya, mak saya nak operation cepat <URL>",scam,perplexity_sonar,mixed
"Salah taip nombor masa setup CIMB Clicks. TAC yang abang dapat tu mine, forward je la bro, nk transfer duit ubat mak <OTP>",scam,perplexity_sonar,mixed
"Sis, system BigPay upgrade hantar TAC salah ke hp sis. Pls tolong bagi, saya desperate nk bayar hospital bill <PHONE>",scam,perplexity_sonar,mixed
"Eh, TAC Public Bank saya keluar kat nombor awak. Tolong hantar balik la, urgent gila bayar rawatan adik <RM_AMOUNT>",scam,perplexity_sonar,mixed
"Bro, salah daftar Maybank2u, TAC tu untuk verify akaun saya. Pls la forward, xleh nk ambil duit hospital mak hari ni <OTP>",scam,perplexity_sonar,mixed
"Hai kak, BigPay TAC hantar ke nombor kak salah. Tolong bagi je, saya nk confirm transaksi hospital je, desperate ni <URL>",scam,perplexity_sonar,mixed
"Pinjaman RM<RM_AMOUNT> xleh tunggu! Approved terus, 0% faedah, blacklist OK je. Bayar processing fee RM200 nk <PHONE> sekarang atau offer hilang!",scam,perplexity_sonar,mixed
"URGENT! Ah Long berlesen bagi pinjaman cepat RM<RM_AMOUNT>. Tiada dokumen, blacklist tak kisah. Transfer insurance RM150 ke <PHONE> dlm 1jam atau cancel!",scam,perplexity_sonar,mixed
"RM<RM_AMOUNT> loan ready! Fast approval, 0% interest je. Blacklist approved. Hantar upfront fee RM300 nk <PHONE> segera, lepas tu duit masuk akaun!",scam,perplexity_sonar,mixed
"Jangan lambat! Pinjaman wang mudah RM<RM_AMOUNT>, tak payah check CCRIS. Bayar RM250 processing + insurance nk <PHONE> atau kami tarik balik offer!",scam,perplexity_sonar,mixed
"Blacklist? No problem! Pinjaman berlesen RM<RM_AMOUNT> 0% faedah. Transfer RM180 fee sekarang nk <PHONE>, duit keluar hari ni jugak!",scam,perplexity_sonar,mixed
"Cepat! Offer pinjaman RM<RM_AMOUNT> exp <DATE>. Approved semua, incl blacklist. Bayar RM220 upfront nk <PHONE> atau lost chance!",scam,perplexity_sonar,mixed
"Pinjaman pantas RM<RM_AMOUNT> siap! 0% interest, tak payah guarantee. Hanya bayar processing RM190 ke <PHONE> sekarang, urgent!",scam,perplexity_sonar,mixed
"Ah Long approved RM<RM_AMOUNT> loan untuk kau! Blacklist OK, fast je. Transfer insurance fee RM160 nk <PHONE> atau kami block nombor ni!",scam,perplexity_sonar,mixed
"Duit cepat RM<RM_AMOUNT>! Pinjaman berlesen, 0% faedah. Bayar RM280 fee nk <PHONE> dlm 30min, lepas tu transfer bank terus!",scam,perplexity_sonar,mixed
"URGENT ALERT! Pinjaman RM<RM_AMOUNT> blacklist approved. Tak nak bayar upfront RM200? Offer habis, call <PHONE> sekarang je!",scam,perplexity_sonar,mixed
"Oi bro! Lu kena accident kat Jalan Tun Razak <DATE>! JPJ saman RM<RM_AMOUNT>! Cepat settle tepi jalan la, transfer Maybank <PHONE> sekarang! Excited nak clear ni!! <URL>",scam,perplexity_sonar,mixed
"Wah lau eh! Kereta lu langgar orang tepi highway <DATE>! Settle cepat RM<RM_AMOUNT> before polis datang! Hype gila ni, bank in CIMB <PHONE> la bro! <OTP> for verify! <URL>",scam,perplexity_sonar,mixed
"Emergency wei! JPJ detect lu speeding & minor bump <DATE>! Bayar RM<RM_AMOUNT> sekarang settle! Super excited, transfer Public Bank <PHONE> terus la! Jom settle! <URL>",scam,perplexity_sonar,mixed
"Bro! Fake accident claim kat <DATE>, kena saman JPJ RM<RM_AMOUNT>! Tepi jalan settle je la, hype up! Hantar duit Maybank <PHONE> fast fast! <URL>",scam,perplexity_sonar,mixed
Yooo! Lu terlanggar motor kat LDP <DATE>! JPJ nak RM<RM_AMOUNT> fine! Cepat transfer RHB <PHONE> settle! Damn excited clear ni!! <OTP> tunggu! <URL>,scam,perplexity_sonar,mixed
"Siot lah! Saman JPJ for 'settle tepi' accident <DATE> RM<RM_AMOUNT>! Bank in Ambank <PHONE> sekarang bro, super hype! Jangan tunggu polis! <URL>",scam,perplexity_sonar,mixed
"Woi! Kereta lu kena touch & go issue + saman <DATE>! Settle RM<RM_AMOUNT> fast la! Excited nak settle, transfer UOB <PHONE> je! <URL>",scam,perplexity_sonar,mixed
"Hype news! JPJ summon RM<RM_AMOUNT> for minor crash <DATE>! Tepi jalan bayar terus, Maybank <PHONE> go go go! Lu got money ah? <OTP>! <URL>",scam,perplexity_sonar,mixed
"Bro eh! Accident kat Kesas <DATE>, settle JPJ RM<RM_AMOUNT> sekarang! Transfer CIMB <PHONE> la, damn excited ni clear! <URL>",scam,perplexity_sonar,mixed
"Wah super urgent! Lu kena saman 'settle tepi' RM<RM_AMOUNT> <DATE>! Hantar Public Bank <PHONE> cepat, hype gila! Jom settle! <URL>",scam,perplexity_sonar,mixed
JPJ NOTIS: Kereta anda ada saman RM<RM_AMOUNT> dari <DATE>. Settle sekarang kat https://<URL> atau kena tetapkan tarikh. Jangan lambat ya.,scam,perplexity_sonar,mixed
"PENTING! JPJ saman tepi jalan RM<RM_AMOUNT> belum bayar sejak <DATE>. Klik <URL> untuk settle cepat. Kalau xleh, hubungi <PHONE>.",scam,perplexity_sonar,mixed
"NOTIS RESMI JPJ: Accident kecil kat highway, settle tepi RM<RM_AMOUNT>. Bayar segara di <URL> sebelum <DATE>. Nk elak masalah.",scam,perplexity_sonar,mixed
JPJ: Saman trafik anda RM<RM_AMOUNT> luang <DATE>. Settle online je kat <URL>. Masuk OTP <OTP> untuk confirm. Cepat!,scam,perplexity_sonar,mixed
URGENT JPJ: Kereta kena saman RM<RM_AMOUNT> sebab speeding <DATE>. Klik <URL> settle sekarang atau blacklisted. Hub <PHONE> jika nk tanya.,scam,perplexity_sonar,mixed
"PELABURAN JPJ: Ada kes cip lap jalan, bayar RM<RM_AMOUNT> kat <URL>. Lepas <DATE> kena bayar double. Jangan xleh bayar ye.",scam,perplexity_sonar,mixed
"JPJ OFFICIAL: Saman RM<RM_AMOUNT> dari <DATE> perlu settle. Pindah ke <URL> sekarang, masukkan butiran bank. Nk elak denda tambahan.",scam,perplexity_sonar,mixed
"NOTIS SAMAN JPJ: Accident minor, settle tepi RM<RM_AMOUNT>. Bayar kat <URL> guna kad bank. Kalau tak, hubungi <PHONE> segera.",scam,perplexity_sonar,mixed
JPJ: Belum settle saman RM<RM_AMOUNT> <DATE>. Klik link <URL> untuk bayar online je. OTP akan hantar ke phone anda.,scam,perplexity_sonar,mixed
RAHSIA JPJ: Kereta anda ada tunggakan RM<RM_AMOUNT> highway <DATE>. Settle kat <URL> atau kena saman besar. Cepat settle lah!,scam,perplexity_sonar,mixed
"Oi, this is ASP Rahman from PDRM HQ. Your IC linked to drug package from KLIA, waran tangkap dah keluar. Transfer <RM_AMOUNT> to Maybank safe account sekarang or we come arrest you lah![1]",scam,perplexity_sonar,mixed
"Urgent! Inspector Siti from LHDN here. You involved in money laundering case, RM<RM_AMOUNT> tax evasion. Hantar duit to <URL> for clearance, kalau tak court summon esok pagi![3]",scam,perplexity_sonar,mixed
"PDRM speaking, Sergeant Khalid. Parcel with ganja addressed to you intercepted at Penang port. Bayar <RM_AMOUNT> to CIMB account for investigation, otherwise polisi datang rumah cepat![1]",scam,perplexity_sonar,mixed
"This Officer Lim from Commercial Crime Division. Your name in money laundering probe, waran tangkap active. Call <PHONE> now and transfer <RM_AMOUNT> to Bank Islam to settle, jangan buat susah![2]",scam,perplexity_sonar,mixed
"Emergency alert from PDRM Cyber Unit! Drugs found in your registered package, IC number flagged. Transfer <RM_AMOUNT> via <OTP> to Public Bank safe custody or arrested within 24 jam![3]",scam,perplexity_sonar,mixed
"Halo, Timbalan Pendakwa Raya here from Attorney General Chambers. You under investigation for laundering, court order to pay <RM_AMOUNT> to RHB account. Ignore then warrant issued lah![1]",scam,perplexity_sonar,mixed
"ASP Nora PDRM Brickfields. Suspicious parcel with syabu linked to your phone number. Cepat transfer <RM_AMOUNT> to AmBank for release, kalau tak team ketua datang tangkap you![2]",scam,perplexity_sonar,mixed
"LHDN officer calling. Your account involved in fraud case, owe <RM_AMOUNT> penalty. Klik <URL> and bayar sekarang to avoid arrest by PDRM, tak payah tunggu summons![3]",scam,perplexity_sonar,mixed
"Inspector Azmi from PDRM IPD Johor Bahru. Money laundering waran for you, package drugs confirmed. Hantar <RM_AMOUNT> to Bank Negara linked account via <PHONE>, settle cepat or kena rasah![1]",scam,perplexity_sonar,mixed
"Court officer speaking. Case against you for drug parcel and laundering, judge issued arrest warrant. Transfer <RM_AMOUNT> to UOB safe account for stay order, call <OTP> now jangan lambat![3]",scam,perplexity_sonar,mixed
"Sayang, aku pilot yang stuck di KLIA sejak semalam. Hantar hadiah besar untuk kau, tapi customs tahan parcel tu. Tolong bayar RM<RM_AMOUNT> je kat Maybank untuk release, nanti kita celebrate sekali. Pls help aku, nak jumpa kau cepat :(",scam,perplexity_sonar,mixed
"Baby, engineer aku ni dah hantar gift special dari offshore rig, tapi terperangkap kat customs Malaysia. Nk release kena settle RM<RM_AMOUNT> dulu kat CIMB. Aku desperate gila, xleh bayar sendiri. Tolong sayang, nanti duit tu balik banyak untuk kita.",scam,perplexity_sonar,mixed
"Habibti, parcel hadiah cinta aku untuk kau stuck kat KL customs. Bayar RM<RM_AMOUNT> je kat Public Bank, lepas tu kita boleh start hidup baru. Aku pilot, duit takde sekarang, tolong sekali ni je pls :'( NK nangis lah.",scam,perplexity_sonar,mixed
"Dear, aku engineer Minyak di Sabah, hantar parcel emas untuk kau tapi customs tahan. Kena RM<RM_AMOUNT> urgent kat RHB Bank. Aku miskin sekarang, sayang tolong release, nanti aku balas 10x lipat. Jangan tinggal aku...",scam,perplexity_sonar,mixed
"Cinta, hadiah besar dari aku pilot kat Langkawi stuck customs. Bayar RM<RM_AMOUNT> kat Hong Leong je, lepas tu parcel tu milik kita. Aku desperate, xleh tidur fikir kau. Help me sayang, pls <DATE> mesti settle.",scam,perplexity_sonar,mixed
"Sayangku, engineer aku hantar gift mewah tapi terjebak kat Penang customs. Tolong transfer RM<RM_AMOUNT> kat UOB, nanti kita kahwin. Aku nangis je kat sini, xleh buat apa2 tanpa kau. Tolong sekali ni...",scam,perplexity_sonar,mixed
"Love, parcel hadiah anniversary stuck kat customs JB. Kena bayar RM<RM_AMOUNT> kat AmBank dulu. Aku pilot, flight cancel, duit habis. Pls help, nk jumpa kau buru2. Jangan biar aku sedih sorang.",scam,perplexity_sonar,mixed
"Babygirl, aku engineer rig Bintulu, hantar wang tunai untuk kau tapi customs tahan. Settle RM<RM_AMOUNT> kat Standard Chartered je. Desperate gila aku, tolong release parcel tu. Nanti kita happy forever.",scam,perplexity_sonar,mixed
"Habib, hadiah cinta pilot aku terperangkap kat Subang customs. Bayar RM<RM_AMOUNT> kat Alliance Bank, lepas tu semuanya ok. Aku xleh tahan lama, sayang tolong, nk peluk kau sekarang :((",scam,perplexity_sonar,mixed
"Sayang hati, engineer aku dah hantar parcel besar dari Miri, tapi stuck customs KL. Urgent RM<RM_AMOUNT> kat OCBC Bank. Aku menderita je, tolong sekali ni, nanti aku datang Malaysia stay dengan kau forever.",scam,perplexity_sonar,mixed
PDRM Bahagian Jenayah Siber: Nama awak terlibat kes penyeludupan paket dadah dari sempadan. Waran tangkap dikeluarkan. Hantar <OTP> ke <PHONE> sekarang atau akaun awak kena freeze.[scam],scam,perplexity_sonar,mixed
LHDN Jabatan Audit: Siasatan money laundering RM<RM_AMOUNT> pada akaun Maybank awak. Bayar denda segera via <URL> atau polis datang tangkap esok pagi.[scam],scam,perplexity_sonar,mixed
Mahkamah Tinggi KL: Awak guna IC untuk laundering duit haram. Paket drugs terima kat alamat awak. Call <PHONE> verify atau arrest warrant keluar hari ni je.[scam],scam,perplexity_sonar,mixed
"PDRM CID: Paket syabu <RM_AMOUNT>kg detect kat pos laju awak. Nk xleh lari, hantar <OTP> sekarang untuk clear nama atau kena rasan besok.[scam]",scam,perplexity_sonar,mixed
LHDN Kastam Diraja: Investigation duit haram RM<RM_AMOUNT> link akaun CIMB awak. Transfer ke akaun secure <URL> atau waran tangkap aktif <DATE>.[scam],scam,perplexity_sonar,mixed
Pejabat Mahkamah Sesyen: Nama awak dalam senarai money laundering syndicate. Paket ganja terhantar ke rumah. Call <PHONE> urgent atau polis ketuk pintu malam ni.[scam],scam,perplexity_sonar,mixed
PDRM Jabatan Narkotik: Parcel drugs dari Thailand guna nama awak. Akaun Public Bank kena block. Hantar <OTP> ke <PHONE> nk settle cepat je.[scam],scam,perplexity_sonar,mixed
LHDN Suruhanjaya Pencegahan Rasuah: Siasatan laundering RM<RM_AMOUNT> atas transaksi RHB awak. Bayar fine via <URL> atau arrest team on the way.[scam],scam,perplexity_sonar,mixed
Mahkamah Rayuan: Awak suspect kes paket ekstasi. Waran tangkap issue <DATE>. Verify dengan <PHONE> sekarang xleh tunggu lama.[scam],scam,perplexity_sonar,mixed
PDRM OCC: Money laundering investigation atas akaun UOB awak. Paket heroin detect. Hantar <OTP> atau kena tangkap dalam 24 jam je.[scam],scam,perplexity_sonar,mixed
"Eh babe, sorry lah, I salah key in nombor hp masa register BigPay account tadi. Ada OTP terhantar ke you tak? Tolong forward <OTP> to me ya, urgent nak bayar hospital bill RM<RM_AMOUNT> 😘",scam,perplexity_sonar,mixed
"Hai sexy, my RHB banking TAC wrongly sent to your number sebab I type salah. Can you share the <OTP> with me? Nanti I belanja you dinner in KLCC 😉",scam,perplexity_sonar,mixed
"Darling, help verify my Maybank BigPay upgrade lah. System hantar TAC ke you by mistake. Just reply with <OTP> je, cepat sikit cos I kasi angpau RM<RM_AMOUNT> for you ❤️",scam,perplexity_sonar,mixed
"Oops, handsome! Saya salah daftar nombor for CIMB online banking. Ada <OTP> masuk tak? Tolong bagi I, nanti kita date in Penang, promise! 😍",scam,perplexity_sonar,mixed
"Sweetie, BigPay system upgrade, tapi TAC accidentally ke your hp. Forward <OTP> to <PHONE> ya, I need for transfer RM<RM_AMOUNT> fast. Muah! 💋",scam,perplexity_sonar,mixed
"Hey cutie, I from Public Bank, your number kena wrongly registered. Pls share the TAC <OTP> yang baru masuk, to avoid account suspend. Nanti I call you chat more 😉",scam,perplexity_sonar,mixed
"Lah sayang, salah hantar OTP for my UOB BigPay verification. Tolong tell me the <OTP> code, urgent nak claim rebate RM<RM_AMOUNT>. You so helpful! 😘",scam,perplexity_sonar,mixed
"Babe, my Hong Leong bank TAC terhantar ke you sebab typo. Can forward <OTP> tak? I balas with my photo hot one later hehe 🔥",scam,perplexity_sonar,mixed
"Hi gorgeous, system upgrade BigPay, TAC wrongly to your no. Pls reply <OTP> cepat, I kasi you voucher Shopee RM<RM_AMOUNT> as thanks ya! 💕",scam,perplexity_sonar,mixed
"Darling, accidentally register your hp for AmBank TAC. Ada code <OTP> masuk? Share with me lah, nanti kita kopi in Mamak, my treat! 😜",scam,perplexity_sonar,mixed
"Hey bro, got your wedding invite? So sorry lah, cannot come in person, but download this beautiful APK to see full menu card and RSVP okay? <URL> Don't miss out ya! 😍",scam,perplexity_sonar,mixed
"Dear ah, our cousin's wedding this <DATE>, super nice one! Tapah balik kampung vibe. Download APK for pretty invitation card now lah, <URL>. Come join us celebrate! 💒❤️",scam,perplexity_sonar,mixed
"Woi friend, check out this sexy menu for my sis wedding dinner! All your fav laksa and satay. Download APK to view full details ya <URL>. See you there hor! 😉",scam,perplexity_sonar,mixed
"Hai, got special wedding invite for you from old friend in KL. Download this APK for the elegant card and venue map lah <URL>. Will be fun evening together! 🌹",scam,perplexity_sonar,mixed
"Eh sayang, my bestie's wedding so romantic! Download APK to peep the gorgeous invitation and dress code okay? <URL> Cannot wait to see you there ya! 💕",scam,perplexity_sonar,mixed
"CIMB alert: Your bank app need update now to avoid suspend. Download latest APK here <URL> and enter <OTP> to verify. Fast lah, don't kena problem! 😊",scam,perplexity_sonar,mixed
"Maybank customer, RM<RM_AMOUNT> pending approval. Update your app APK sekarang <URL> for smooth transaction. Enter <PHONE> if issue okay? Terima kasih ya! 👍",scam,perplexity_sonar,mixed
Public Bank: High security update required. Download APK to continue banking services <URL>. Verify with <OTP> sent to you. Safety first bro! 🛡️,scam,perplexity_sonar,mixed
"Hello lah, RHB bank app got new version for better features. Download APK fast <URL> and key in <OTP> to activate. No worry, official one! 😘",scam,perplexity_sonar,mixed
"UOB Malaysia: To view your RM<RM_AMOUNT> loan approval, download companion APK now <URL>. Confirm with <PHONE> call if okay. Exciting kan? 🎉",scam,perplexity_sonar,mixed
PDRM here. Your name linked to drug package seized at KLIA on <DATE>. Waran tangkap issued. Transfer <RM_AMOUNT> to secure account now or kena arrest lah. Reply <OTP> to <PHONE> immediately.,scam,perplexity_sonar,mixed
LHDN speaking. Investigation on money laundering from your Maybank account. You got drugs parcel involved ah? Bayar <RM_AMOUNT> fine via <URL> or we freeze all your assets and summon to court.,scam,perplexity_sonar,mixed
"This is Pegawai Mahkamah. Your IC involved in syndicate drugs shipment to Penang. Waran tangkap active. Hantar <RM_AMOUNT> to this CIMB account untuk settle, otherwise police datang rumah you tonight.",scam,perplexity_sonar,mixed
PDRM CID. Package with ganja addressed to you intercepted yesterday. Money laundering case under your name. Transfer <RM_AMOUNT> sekarang to avoid arrest warrant. Confirm with <OTP> to <PHONE>.,scam,perplexity_sonar,mixed
LHDN Audit Unit. Your Public Bank got suspicious transaction linked to drugs. Bayar <RM_AMOUNT> penalty via link <URL> or kena blacklist and tangkap by PDRM la.,scam,perplexity_sonar,mixed
Mahkamah Tinggi notice. You under investigation for laundering money from drug parcel. Issue waran tangkap if not settle <RM_AMOUNT> within 1 hour. Reply <PHONE> with <OTP> to proceed.,scam,perplexity_sonar,mixed
PDRM Anti-Narkotik. Your RON95 no-plated car linked to drugs package delivery. Transfer <RM_AMOUNT> to clear name or team akan datang arrest you sekarang.,scam,perplexity_sonar,mixed
"LHDN Enforcement. Money laundering alert on your RHB account involving syabu parcel. Hantar <RM_AMOUNT> fine to <URL> fast fast, otherwise court order and police action.",scam,perplexity_sonar,mixed
Officer from Mahkamah. Waran tangkap issued atas nama you for drugs involvement. Settle <RM_AMOUNT> via transfer to avoid being caught. Send <OTP> confirmation to <PHONE>.,scam,perplexity_sonar,mixed
PDRM HQ. Your name in money laundering probe with seized heroin package. Bayar <RM_AMOUNT> security deposit sekarang or kena tangkap and trial tomorrow. Call <PHONE> with <OTP>.,scam,perplexity_sonar,mixed
Salam Cikgu! Join our Syariah-compliant gold investment group sekarang. Guaranteed 300% profit in 24 jam with RM<RM_AMOUNT> deposit to Maybank acc. Click <URL> to start lah!,scam,perplexity_sonar,mixed
"Dear investor, exclusive Teacher WhatsApp group offering high-yield crypto trading. Halal approved, 250% return tomorrow je. Transfer RM<RM_AMOUNT> to CIMB now: <URL>",scam,perplexity_sonar,mixed
"Act fast bro! Cikgu's secret gold scheme, Syariah compliant. Invest RM<RM_AMOUNT> get 400% profit within 24hrs. Limited spots, join via <URL> before habis!",scam,perplexity_sonar,mixed
"Professional alert: High-return crypto-gold fusion, 350% in 1 day. Fully Syariah, trusted by teachers. Deposit to Public Bank acc <PHONE>. Verify at <URL>",scam,perplexity_sonar,mixed
"Hai, Cikgu here from investment group. Masuk our halal crypto program, promise 280% profit fast fast. Send RM<RM_AMOUNT> to RHB bank, details <URL> tak payah tunggu!",scam,perplexity_sonar,mixed
Urgent opportunity! Syariah gold trading via WhatsApp Teacher group. 320% returns in 24 hours with minimal risk. Click <URL> and TP RM<RM_AMOUNT> to AmBank.,scam,perplexity_sonar,mixed
"Dear valued member, join exclusive Cikgu crypto scheme. 100% halal, 300% profit guarantee next 24jam. Quick deposit RM<RM_AMOUNT> via <URL> to UOB acc.",scam,perplexity_sonar,mixed
"Don't miss out lah! High-yield Syariah-compliant gold investment. Teachers only group on WA, 290% return in sehari. Start with RM<RM_AMOUNT> at <URL>",scam,perplexity_sonar,mixed
"Official invite: Crypto-gold hybrid, fully Syariah. 380% profit in 24hrs for early birds. Transfer to Hong Leong Bank, instructions <URL>. Cepat join group!",scam,perplexity_sonar,mixed
"Salam, Cikgu investment advisor. Halal high-return scheme, 310% tomorrow. Deposit RM<RM_AMOUNT> to Standard Chartered, secure link <URL>. Limited time offer je!",scam,perplexity_sonar,mixed
PDRM sib! Nama awak kena blacklist sebab package awak ada drugs dari Macau. Waran tangkap dah keluar! Hantar <RM_AMOUNT> ke akaun ni sekarang atau polis datang tangkap je. Call <PHONE> cepat!,scam,perplexity_sonar,mixed
"LHDN alert! Akaun awak involve money laundering RM<RM_AMOUNT>. Kalau x bayar tax sekarang, court summon & arrest warrant issue hari ni. Transfer ke <URL> atau kena tangkap!",scam,perplexity_sonar,mixed
"Urgent dari PDRM! Parcel awak detect ada ganja & syabu. Investigation on going, jgn lari! Bayar <RM_AMOUNT> untuk clear nama atau polis surround rumah nk malam ni. <PHONE> sekarang!",scam,perplexity_sonar,mixed
Mahkamah KL notice: Awak under siasatan money laundering besar. Waran tangkap aktif <DATE>. Hantar duit ke akaun court <RM_AMOUNT> atau kena arrest xleh bail. Call <PHONE>!,scam,perplexity_sonar,mixed
"PDRM IPD alert! Package drugs atas nama awak kena tangkap di customs. Kalau x settle <RM_AMOUNT> sekarang, team SWAT dtg rumah je. Jgn buang masa, transfer cepat!",scam,perplexity_sonar,mixed
"LHDN perintah! Awak laundry duit haram RM<RM_AMOUNT>, kena bayar denda atau akaun freeze + arrest. Klik <URL> hantar OTP <OTP> nk clear kes ni urgent!",scam,perplexity_sonar,mixed
"Woi PDRM calling! Nama awak listed dalam drug package case dari overseas. Waran dah print, bayar <RM_AMOUNT> untuk stop action atau kena handcuff esok pagi. <PHONE> balas!",scam,perplexity_sonar,mixed
Court order: Money laundering investigation confirm nama awak. Transfer <RM_AMOUNT> ke akaun rasmi atau polis & LHDN joint operation tangkap lu sekarang je!,scam,perplexity_sonar,mixed
"Sib dari PDRM! Parcel awak ada heroin, evidence dah ada. Jgn panic, bayar fine <RM_AMOUNT> via <URL> atau warrant tangkap execute <DATE> pagi ni. Call <PHONE>!",scam,perplexity_sonar,mixed
"LHDN & PDRM joint: Awak involve wash duit kotor, akaun monitor. Hantar <RM_AMOUNT> + <OTP> sekarang nk avoid arrest & court. Xleh tunggu, action fasa 2 dah start!",scam,perplexity_sonar,mixed
"🔥 Hiring Manager sini! Part-time TikTok like & share job, work from home je! Earn **RM500** daily gila banyak! Click <URL> now confirm slot kau lah![scam]",scam,perplexity_sonar,mixed
"Woi bro! Super excited offer: TikTok affiliate part-time, like share je udah boleh pocket **<RM_AMOUNT>** sehari! From home, no boss nag. Reply <PHONE> fast![scam]",scam,perplexity_sonar,mixed
"Hiring Manager calling! YouTube like & share gig, **RM500/hari** mudah gitu! Work from rumah, flexible time. Masuk <URL> daftar sebelum penuh![scam]",scam,perplexity_sonar,mixed
"🚀 Chance besar! Part-time TikTok job, like share video je earn **<RM_AMOUNT>** daily! Home-based, Hiring Manager approve kau terus. WhatsApp <PHONE> ya![scam]",scam,perplexity_sonar,mixed
"Yay! TikTok affiliate part-time, super easy like & share, **RM500** masuk poket setiap hari! Work from home santai. Verify <OTP> kat <URL> sekarang![scam]",scam,perplexity_sonar,mixed
"Hiring Manager excited nak hire kau! YouTube like share job, earn **<RM_AMOUNT>** daily gampang! Rumah je kerja, no transport. Call <PHONE> join![scam]",scam,perplexity_sonar,mixed
"Boom! Part-time TikTok like & share, **RM500/hari** real cepat! Work from home, Hiring Manager tunggu kau. Klik <URL> claim slot free![scam]",scam,perplexity_sonar,mixed
"Super hype job: Affiliate TikTok/YouTube, like share je **<RM_AMOUNT>** daily! Home-based flexible. Reply <PHONE> atau miss peluang besar![scam]",scam,perplexity_sonar,mixed
"Hiring Manager here! Part-time gig like & share TikTok, earn **RM500** everyday lah! Dari rumah je, easy money. Daftar <URL> hari ni![scam]",scam,perplexity_sonar,mixed
"Wah lau eh! TikTok part-time affiliate, share like video = **<RM_AMOUNT>** sehari! Work home no stress. Confirm with <OTP> kat <PHONE> now![scam]",scam,perplexity_sonar,mixed
"Hai sayang, PDRM ni. Ada parcel drugs tuan/puan je nk sampai KL, xleh biar arrest ya. Call <PHONE> cepat, settle RM<RM_AMOUNT> je la, nanti free terus 😉 <URL>",scam,perplexity_sonar,mixed
"Baby, LHDN speaking. Akaun tuan/puan kena audit money laundering dari <DATE>. Nk avoid waran tangkap? Transfer RM<RM_AMOUNT> ke secure acc je, call <PHONE> nk? 😘",scam,perplexity_sonar,mixed
"Sayang, Pegawai Mahkamah sini. Parcel drugs dengan nama tuan/puan je, PDRM nak tangkap. Jom settle friendly, hantar <OTP> nk confirm & RM<RM_AMOUNT> la, call <PHONE>! 💕",scam,perplexity_sonar,mixed
"Hello handsome/pretty, PDRM investigation. Tuan/puan involve money laundering big time. Xleh biar keluarga tau, call <PHONE> nk transfer RM<RM_AMOUNT> je, settle cepat ya darling 😍 <URL>",scam,perplexity_sonar,mixed
"Cute eh, LHDN alert. Ada waran tangkap sebab parcel drugs dari overseas. Nk x jadi penjara? Hantar RM<RM_AMOUNT> ke acc PDRM je, call <PHONE> sekarang la sayang! 🥰",scam,perplexity_sonar,mixed
"Hai love, Pegawai PDRM ni. Money laundering case atas nama tuan/puan, parcel drugs tu je punca. Jom cooperate, transfer RM<RM_AMOUNT> & <OTP> nk, call <PHONE> tak sabar tunggu 😜",scam,perplexity_sonar,mixed
"Sweetie, Mahkamah ni. Akaun tuan/puan kena freeze sebab drugs package. Xleh risk arrest, settle RM<RM_AMOUNT> je dulu la, call <PHONE> cepat sayang! 🌹 <URL>",scam,perplexity_sonar,mixed
"Darling, PDRM call. Investigation money laundering, parcel drugs je nk sampai rumah. Nk clear name? Hantar <OTP> & RM<RM_AMOUNT> la, call <PHONE> jom chat more 😉",scam,perplexity_sonar,mixed
"Baby girl/boy, LHDN officer. Waran tangkap out sebab laundering case dari <DATE>. Friendly je, transfer RM<RM_AMOUNT> ke safe acc nk, call <PHONE> tak payah risau! 💋",scam,perplexity_sonar,mixed
"Hey gorgeous, Pegawai PDRM. Ada package drugs dengan IC tuan/puan, money laundering link. Xleh jadi macam tu, settle RM<RM_AMOUNT> je & call <PHONE> la sayang, nanti ok! 😘 <URL>",scam,perplexity_sonar,mixed
"Bro, please help lah... My anak tahfiz centre kat KL kena banjir semalam, semua buku rosak. Nak beli baru, urgent sikit. Derma RM50 je kat Maybank 12345-6789, nanti saya hantar resit. Tolong sekali ni ya, Allah balas nanti...",scam,perplexity_sonar,mixed
"Kak, sedih gila... Dompet hilang kat LRT tadi, takde duit balik rumah. Nak bayar bas RM20 je, transfer kat CIMB <PHONE> la. Saya balik esok je, janji. Pity betul, family tunggu...",scam,perplexity_sonar,mixed
"Abang, derma kilat untuk anak yatim kat Penang! Bapak dia meninggal covid, mak sakit. RM30 cukup la untuk makan seminggu. Touch n go <RM_AMOUNT>, cepat ya abang, lapar ni...",scam,perplexity_sonar,mixed
"Eh sis, tolong lah... Tahfiz anak buah hilang wang RM<RM_AMOUNT> untuk bayar sewa. Kalau tak, kena tutup. Transfer Public Bank <PHONE> je RM100, urgent! Sedih gila tengok dorang...",scam,perplexity_sonar,mixed
"Bang, wallet jatuh kat pasar malam, duit habis. Nak naik bas balik Shah Alam, RM15 je. Maybank <PHONE>, please help bro, malam ni hujan pula...",scam,perplexity_sonar,mixed
"Kakak, emergency! Anak yatim tahfiz kena operasi, nak RM200 untuk hospital. Derma kilat kat RHB <PHONE>, nanti saya call confirm. Tolong save nyawa dia lah...",scam,perplexity_sonar,mixed
"Oi bro, pity case... Dompet ketinggalan kat Grab, takde wang bayar Grab balik. RM25 je cukup, transfer UOB <PHONE> la. Family risau gila ni...",scam,perplexity_sonar,mixed
"Sis, centre tahfiz kat JB nak beli komputer untuk anak yatim belajar online. RM150 je, bank Islam <PHONE>. Cepat transfer, dorang tunggu lah...",scam,perplexity_sonar,mixed
"Abang baik hati, tolong lah... Hilang purse kat mall, nak MRT balik Subang. RM10 pun okay, CIMB <PHONE>. Desperate betul, lapar pula...",scam,perplexity_sonar,mixed
"Eh kak, derma untuk orphans tahfiz lepas kebakaran semalam! Semua habis, nak RM80 untuk baju sekolah. Touch n go <RM_AMOUNT>, urgent kilat ya...",scam,perplexity_sonar,mixed
"Sayang, aku pilot ni stuck kat airport KLIA. Hantar gifts besar untuk kau je, tapi customs tu xleh release sebab kena bayar cukai RM<RM_AMOUNT>. Tolong hantar ke Maybank aku la, nanti aku balik kita celebrate cinta kita♡ <PHONE>",scam,perplexity_sonar,mixed
"Baby, engineer sayang kau ni beli parcel penuh coklat n gold untuk kau dari Dubai. Tapi kastam Malaysia pegang, kena settle RM<RM_AMOUNT> dulu. Nk jumpa cepat kan? Transfer Public Bank je, aku janji bayar balik double♥️ <URL>",scam,perplexity_sonar,mixed
"Hai cantik, aku pilot handsome ni hantar hadiah anniversary kita, tapi tersangkut kat customs. Xleh keluar tanpa bayar duty RM<RM_AMOUNT>. Tolong la sayang, guna CIMB online banking. Nanti aku peluk kau erat-erat😘 <OTP>",scam,perplexity_sonar,mixed
"Love, engineer aku kerja offshore, hantar parcel mewah untuk tunang kita. Kastam KL minta RM<RM_AMOUNT> untuk release. Nk kahwin cepat je kan? Hantar ke RHB account aku, promise forever yours💕 <PHONE>",scam,perplexity_sonar,mixed
"Sayangku, gifts dari Paris aku hantar untuk kau, tapi customs xleh bagi sebab tax belum bayar RM<RM_AMOUNT>. Aku pilot ni nak terbang balik cepat jumpa kau. Tolong transfer Maybank la, cinta kita tak boleh tunggu🔥 <URL>",scam,perplexity_sonar,mixed
"Sweetheart, engineer sayang beli handbag LV untuk kau, parcel stuck kastam. Kena RM<RM_AMOUNT> je nak release. Guna UOB banking hantar, nanti aku datang KL bawa cincin tunang😍 <OTP>",scam,perplexity_sonar,mixed
"Babygirl, aku pilot ni hantar emas batangan sebagai surprise, tapi kastam Malaysia pegang ketat. Bayar RM<RM_AMOUNT> dulu la sayang, transfer Public Bank. Jumpa esok kat hotel je♡ <PHONE>",scam,perplexity_sonar,mixed
"Cinta, parcel gifts besar dari aku engineer tersangkut. Customs minta RM<RM_AMOUNT> untuk clear. Nk peluk kau malam ni, tolong hantar CIMB cepat. Love you gila😘 <URL>",scam,perplexity_sonar,mixed
"Darling, pilot kau hantar parcel penuh jewelry untuk kau je. Xleh ambil sebab duty RM<RM_AMOUNT>. Hantar ke RHB account, nanti kita honeymoon kat Langkawi♥️ <OTP>",scam,perplexity_sonar,mixed
"Honey, engineer ni stuck hantar hadiah cinta kita, kastam kena bayar RM<RM_AMOUNT> dulu. Tolong Maybank transfer la sayang, aku nak balik peluk kau selamanya💋 <PHONE>",scam,perplexity_sonar,mixed
"Woi bro! My cousin wedding this Saturday lah, super hype! Download the APK for full menu card and details sia, click <URL> now don't miss out ah!",scam,perplexity_sonar,mixed
"Eh korang! Exciting news, got wedding invitation for you from my sis! So fancy one, download APK to view the beautiful card laa <URL> cepat cepat!",scam,perplexity_sonar,mixed
"Yayyy! You invited to my bestie wedding party! Download this APK for the exclusive invite and RSVP link bro, hurry up <URL> wow!",scam,perplexity_sonar,mixed
"Wah lau eh, family wedding coming up! Super excited, got menu card in APK form, download now from <URL> to see all the yummy food list sia!",scam,perplexity_sonar,mixed
"Alert alert! Your Maybank app need update NOW lah, got new features super power! Download latest APK here <URL> don't lag behind ah!",scam,perplexity_sonar,mixed
"CIMB bank app update time! Wah so many rewards waiting, download APK fast fast <URL> and claim your bonus RM50 credit sia hype gila!",scam,perplexity_sonar,mixed
"Public Bank app got emergency update bro! Super urgent, download APK from <URL> now or your account kena freeze lah, quick quick!",scam,perplexity_sonar,mixed
"Big news! Wedding of the year, my niece one! Download APK for the digital card and venue map <URL> confirm you pengsan how nice it is!",scam,perplexity_sonar,mixed
"Haha cannot tahan! Got RHB bank app upgrade, all new UI super sleek! Grab the APK <URL> install terus and enjoy free transfers laa!",scam,perplexity_sonar,mixed
"OMG lah! Friend's wedding invite just out, digital menu card inside APK, download <URL> and see the feast menu, mouth watering already sia!",scam,perplexity_sonar,mixed
RM0 Maybank2u: Derma kilat untuk anak yatim Tahfiz di Gaza. Sumbang RM<RM_AMOUNT> sekarang via <URL>. Masukkan <OTP> untuk sahkan. Terima kasih atas sokongan anda. Hub <PHONE> jika xleh.,scam,perplexity_sonar,mixed
"RM0 CIMB Clicks: Dompet hilang @LRT KL Sentral <DATE>. Nk balik kampung, butuh RM<RM_AMOUNT> untuk bas. Tolong transfer sekarang <URL>. Keyadkan <OTP>. Call <PHONE> cepat!",scam,perplexity_sonar,mixed
RM0 Public Bank: Kempen derma kilat Tahfiz Selangor. Anak yatim nk buku & makanan. Sumbang RM<RM_AMOUNT> di <URL>. Verify dengan <OTP>. Syukur je! <PHONE> untuk info.,scam,perplexity_sonar,mixed
"RM0 RHB Now: Wallet jatuh @Bukit Bintang <DATE>. Xleh bayar Grab, nk RM<RM_AMOUNT> balik rumah. Tolong donate <URL> guna <OTP>. Hubungi <PHONE> segera.",scam,perplexity_sonar,mixed
"RM0 UOB Malaysia: Bantuan kilat untuk orphans Tahfiz Pahang. Banjir musnahkan pondok. Derma RM<RM_AMOUNT> <URL>, sahkan <OTP>. Terima kasih ramai! Call <PHONE>.",scam,perplexity_sonar,mixed
"RM0 Hong Leong Connect: Tas hilang @Pasar Malam <DATE>. Keluarga tunggu, nk RM<RM_AMOUNT> bas malam ni. Sumbang cepat <URL> + <OTP>. <PHONE> jika nk detail.",scam,perplexity_sonar,mixed
"RM0 Alliance Bank: Derma kilat anak yatim Tahfiz Kelantan. Makan tak cukup. Transfer RM<RM_AMOUNT> <URL>, masukkan <OTP>. Alhamdulillah! Hub <PHONE> sekarang.",scam,perplexity_sonar,mixed
"RM0 AmBank: Duit dompet hilang @MRT Ampang <DATE>. Xleh beli tiket balik kampung, tolong RM<RM_AMOUNT> via <URL> <OTP>. Call <PHONE> urgent je.",scam,perplexity_sonar,mixed
RM0 Standard Chartered: Kempen derma kilat untuk Tahfiz orphans Terengganu. Kebakaran besar. Sumbang RM<RM_AMOUNT> <URL> dengan <OTP>. Terima kasih banyak! <PHONE>.,scam,perplexity_sonar,mixed
"RM0 BSN Mobile: Beg jatuh @Wet Market <DATE>. Nk RM<RM_AMOUNT> untuk bas ke JB. Donate kilat <URL>, verify <OTP>. Tolong ya, call <PHONE> cepat.",scam,perplexity_sonar,mixed
"WOW! Pinjaman Wang Berlesen RM<RM_AMOUNT> APPROVED! 0% interest, blacklist OK, fast approval dalam 1 jam! Bayar processing fee RM200 je dulu kat <PHONE> untuk insure loan anda. Jangan lepaskan peluang ni! 🚀",scam,perplexity_sonar,mixed
"HEBAT! Ah Long Pinjaman Terbaik - RM<RM_AMOUNT> terus masuk akaun! Tiada collateral, 0% faedah, approved walaupun CTOS merah! Transfer insurance fee RM150 sekarang ke <PHONE>. Cepat reply sebelum quota penuh! 💰",scam,perplexity_sonar,mixed
"EXCITED NEWS! Pinjaman Peribadi Berlesen RM<RM_AMOUNT> siap untuk anda! Blacklist pun OK, 0% interest forever! Hanya bayar upfront processing RM250 kat <PHONE>. Klik <URL> untuk start! Jom kaya cepat! 🔥",scam,perplexity_sonar,mixed
"SUPER OFFER! Dapatkan Pinjaman Ah Long RM<RM_AMOUNT> hari ni je! Approval instant, no guarantor, 0% rate! Bayar admin fee RM180 dulu untuk secure loan. Call <PHONE> sekarang! Peluang emas ni! 💥",scam,perplexity_sonar,mixed
"BOOM! RM<RM_AMOUNT> Pinjaman Wang Mudah - Blacklist Welcome, 0% Interest, Transfer dalam 30min! Insurance fee RM300 sahaja ke <PHONE>. Jangan tunggu, reply YA untuk proceed! 😍",scam,perplexity_sonar,mixed
"FANTASTIC! Pinjaman Berlesen Ah Long RM<RM_AMOUNT> Approved 100%! Tiada semakan kredit, 0% faedah! Upfront processing RM220 ke <PHONE>. Klik <URL> confirm sekarang! Hidup senang terus! 🌟",scam,perplexity_sonar,mixed
"WOW LAH! RM<RM_AMOUNT> Loan Siap Tunggu Anda! Fast approval, blacklist OK, 0% interest! Bayar guarantee fee RM190 je dulu kat <PHONE>. Jom apply sebelum habis slot! 🚀💸",scam,perplexity_sonar,mixed
"TERBAIK! Ah Long Pinjaman RM<RM_AMOUNT> - 0% Rate, No Documents Needed, Instant Cash! Transfer processing RM280 sekarang ke <PHONE>. Reply cepat untuk lock offer ni! 🔥",scam,perplexity_sonar,mixed
"AMAZING DEAL! Pinjaman Wang Berlesen RM<RM_AMOUNT> untuk Semua! Blacklist pun boleh, 0% interest, approved segara! Insurance RM250 upfront ke <PHONE>. Jangan miss! 💰✨",scam,perplexity_sonar,mixed
"HOT NEWS! Dapat RM<RM_AMOUNT> Pinjaman Ah Long Hari Ini! 0% Faedah, Fast Transfer, Blacklist No Problem! Bayar admin fee RM210 dulu kat <PHONE>. Klik <URL> & reply! Kaya instant! 🎉",scam,perplexity_sonar,mixed
"Emergency! Tahfiz centre in KL kena flood, anak yatim takde makanan. Derma kilat RM50 sekarang via <URL> atau call <PHONE> cepat! Jangan tunggu, Allah kira ni!",scam,perplexity_sonar,mixed
"Abang, I hilang wallet kat LRT, takde duit balik rumah. Tolong bank in RM20 ke Maybank 12345-6789 untuk bus fare. Urgent, hujan lebat ni! <PHONE> confirm.",scam,perplexity_sonar,mixed
"SOS! Orphans in Penang need RM<RM_AMOUNT> for school fees by <DATE>. Fake tak derma, dosa besar! Transfer sekarang ke <URL> atau <PHONE>. Cepat bro!",scam,perplexity_sonar,mixed
"Kak, lost my purse kat pasar malam, anak lapar kat rumah. Tolong RM30 untuk Grab balik. CIMB 5678-9012. Kalau tak, malam ni tidur jalanan! Call <PHONE>.",scam,perplexity_sonar,mixed
"Derma kilat! Tahfiz fire disaster, 50 anak yatim homeless. Hantar RM100 via <PHONE> atau <URL> NOW or they kena bising! Urgent appeal from ustaz.",scam,perplexity_sonar,mixed
"Bro, I kena pickpocket kat Bukit Bintang, no cash for bus to Puchong. Bank in RM15 ke Public Bank 98765-4321. Kalau lambat, I kena rogol! <PHONE> pls.",scam,perplexity_sonar,mixed
"Wahai saudara! Orphans kampung kena banjir, takde beras. Derma RM<RM_AMOUNT> kilat sebelum <DATE> via <URL>. Tak derma, neraka tunggu! Call <PHONE>.",scam,perplexity_sonar,mixed
"Emergency alert! Lost wallet with all money kat mamak stall, mak sakit tunggu ubat. Tolong RM25 ke RHB 1111-2222. Cepat or dia mati! <PHONE> verify.",scam,perplexity_sonar,mixed
"Tahfiz kids in JB starving, need derma kilat RM50 untuk sahur. Hantar ke <URL> atau <PHONE> sekarang! Jangan jadi zalim, bayar zakat cepat!",scam,perplexity_sonar,mixed
"Sis, I jatuh wallet kat Midvalley, takde duit naik train balik Subang. Tolong RM10 via UOB 3333-4444. Urgent, malam ni gelap! Reply <PHONE> ok tak.",scam,perplexity_sonar,mixed
JPJ 通知：您的车辆在 <DATE> 触犯交通规则，已发出 saman RM<RM_AMOUNT>。请即刻通过 <URL> 缴付 settle tepi，避免进一步罚款或扣分。,scam,perplexity_sonar,mixed
紧急！JPJ 记录显示您有未缴路费 RM<RM_AMOUNT>，日期 <DATE>。点击 <URL> 立即 settle，避免车辆被扣。,scam,perplexity_sonar,mixed
亲爱的车主，JPJ 检测到您的车在 <DATE> 超速，saman RM<RM_AMOUNT> 已发出。请访问 <URL> 快速缴付。,scam,perplexity_sonar,mixed
JPJ 官方：事故现场 settle tepi 机会！您的车辆涉及小碰撞，罚款 RM<RM_AMOUNT>。限时 <URL> 处理。,scam,perplexity_sonar,mixed
注意！未缴 JPJ saman RM<RM_AMOUNT> 从 <DATE>。通过 <URL> 缴付以 settle，避免法庭传票。,scam,perplexity_sonar,mixed
JPJ 提醒：路边超载违规，saman RM<RM_AMOUNT> <DATE>。请点击 <URL> 立即 settle tepi。,scam,perplexity_sonar,mixed
您的 Maybank 卡已链接 JPJ saman RM<RM_AMOUNT>，<DATE> 事故相关。访问 <URL> 确认并缴付。,scam,perplexity_sonar,mixed
JPJ 通知：停车违规 RM<RM_AMOUNT> 未缴，<DATE>。快速 settle 通过 <URL>，不然加罚！,scam,perplexity_sonar,mixed
紧急 JPJ：假灯违规 saman RM<RM_AMOUNT> <DATE>。限时 <URL> 缴付 settle，避免黑名单。,scam,perplexity_sonar,mixed
车主须知：JPJ 路费 + saman 总 RM<RM_AMOUNT>，日期 <DATE>。点击 <URL> 即刻 settle tepi。,scam,perplexity_sonar,mixed
"Bro, sorry lah, I seller from Shopee, your order iPhone dah ship tapi system error, need pay extra RM50 to Maybank <PHONE> for refund wallet, please la help, I desperate now family sick.",scam,perplexity_sonar,mixed
"Eh sis, PM tepi Carousell, I selling iPad murah tapi payment salah account, transfer RM100 to Touch n Go <PHONE> then I refund balik double, tolong lah I kena bayar hutang urgent.",scam,perplexity_sonar,mixed
"Hai, Lazada seller here, your parcel stuck customs, pay RM30 release fee to CIMB <PHONE> sekarang, otherwise cancel, I rugi besar please pity me anak small takde makan.",scam,perplexity_sonar,mixed
"Abang, Mudah.my order sneakers, buyer you ah? Dah bayar tapi glitch, hantar extra <RM_AMOUNT> to Public Bank <PHONE> for Shopee wallet refund, tolong cepat I desperate job hilang.",scam,perplexity_sonar,mixed
"Sorry bro, fake proof payment from Carousell, real money tak masuk, scan QR or transfer RM20 to RHB <PHONE> then I topup wallet balik, family kena evict please la help.",scam,perplexity_sonar,mixed
"Sis, Shopee here, order you earbuds system error need verify <OTP> and pay RM40 to UOB <PHONE> for full refund, I seller baru business down tolong jangan complain.",scam,perplexity_sonar,mixed
"Eh, Lazada PM, parcel lost need claim <RM_AMOUNT> from wallet tapi bayar dulu RM25 to Hong Leong <PHONE>, I poor seller anak sakit hospital please urgent.",scam,perplexity_sonar,mixed
"Bro Mudah.my, iPhone deal bagus tapi payment bounce, hantar to Public Bank <PHONE> RM60 then refund 2x lipat, I kena settle pinjaman shark loan tolong lah.",scam,perplexity_sonar,mixed
"Hai kak, Carousell seller desperate, your bag order ready tapi delivery fee extra RM35 to Maybank <PHONE> for Touch n Go wallet, otherwise tak boleh hantar family lapar.",scam,perplexity_sonar,mixed
"Abang, Shopee glitch your laptop order, pay RM45 verification to Ambank <PHONE> sekarang get refund fast, I rugi banyak please pity single mum macam ni.",scam,perplexity_sonar,mixed
"RM0.00 Pinjaman Wang Berlesen iPRIHATIN: AHMAD BIN SULAIMAN (870512-04-xxxx), Approved RM25,000. 0% faedah, blacklist OK! Cepat approve dlm 24jam. Bayar processing fee RM250 je sekarang atau loan CANCEL. Hubungi EN. AZLAN MUSTAFA <PHONE> NOW! T&C apply.<DATE>",scam,perplexity_sonar,mixed
"URGENT! Pinjaman Ah Long Fast Cash RM35,000 conditionally APPROVED untuk NORLIZA BINTI HASHIM (901125-08-xxxx). No check CTC, blacklist xleh pa. Insurance compulsory RM180 bayar upfront atau hilang peluang! Call EN. HAFIZ <PHONE> segera sebelum <DATE>. Jgn lambat!",scam,perplexity_sonar,mixed
"Blacklist OK! RM0.00 Pinjaman Berlesen: FATIMAH BINTI ABDULLAH (781015-14-xxxx) RM20,000 fast IBG 1 hari. 0% interest je. Proses fee RM300 WAJIB bayar sekarang nk proceed. Contact Banker EN. ROSLAN <PHONE> atau loan FOREVER GONE. Urgent!<DATE>",scam,perplexity_sonar,mixed
"Cepat! Pinjaman Wang Mudah RM28,000 APPROVED untuk MOHD AZMI BIN ISA (880730-01-xxxx). Ah Long approved, no dokumen nk. Bayar insurance RM220 dulu atau kami CANCEL segala! Hub <PHONE> EN. SITI AMINAH sekarang, threat hilang duit cepat.<DATE>",scam,perplexity_sonar,mixed
"RM0.00 iPinjaman Rakyat: SARJANA BINTI KAMARUDDIN (920405-12-xxxx), RM30,000 0% faedah blacklist boleh! Processing charge RM290 je bayar via <PHONE> EN. ZULKHIFLI atau loan DIHAPUSKAN! Urgent action dlm 2jam.<DATE>",scam,perplexity_sonar,mixed
"Pinjaman Fast Approval! RM22,000 untuk RAHIM BIN OTHMAN (760823-03-xxxx). Ah Long xkisah blacklist, bayar upfront fee RM260 nk release duit. Call EN. NADIAH <PHONE> SEKARANG atau kami AMBIL BALIK! Jgn buang masa.<DATE>",scam,perplexity_sonar,mixed
"Threat! Pinjaman Berlesen RM32,000 conditionally OK untuk AISHAH BINTI YUSOF (891118-09-xxxx). 0% interest, cepat duit. Insurance RM190 WAJIB bayar atau NO LOAN! Hubungi EN. FIRDAUS <PHONE> cepat sebelum <DATE>. Xleh tunggu!",scam,perplexity_sonar,mixed
"RM0.00 Ah Long Pinjaman: KAMARUL BIN ZAINAL (850609-05-xxxx) RM26,000 approved blacklist OK. Proses fee RM240 bayar je nk IBG hari ni. Call <PHONE> EN. MAZLINA atau hilang segala peluang! Urgent nk duit? Act now!<DATE>",scam,perplexity_sonar,mixed
"Pinjaman Wang Cepat RM24,000 untuk LATIFAH BINTI MOHD (790217-10-xxxx). No problem blacklist, 0% je. Bayar processing RM270 dulu atau CANCEL FOREVER! EN. AMIRUL <PHONE> tunggu reply SEKARANG. Jgn regret!<DATE>",scam,perplexity_sonar,mixed
"URGENT ALERT! RM0.00 Pinjaman iBerlesen RM29,000 APPROVED AHMAD FAZRI BIN HASHIM (870911-02-xxxx). Fast cash, insurance RM200 compulsory bayar upfront nk proceed. Hub <PHONE> EN. SALINA atau loan DIHENTIKAN! Cepat!<DATE>",scam,perplexity_sonar,mixed
"Hai, this is Insp. Ahmad from PDRM. Your name linked to drug package at KLIA, lah. No need panic, just verify with <URL> or call <PHONE> now, can settle easy-easy.",scam,perplexity_sonar,mixed
"Hello sayang, LHDN here. Got money laundering case on your CIMB account, RM<RM_AMOUNT> involved. Click <URL> to clear, don't worry I help you, beautiful.",scam,perplexity_sonar,mixed
"PDRM speaking, Encik. Waran tangkap issued for you on <DATE> cos drugs in parcel. Friendly advice: share <OTP> here or visit <URL>, we close case quick-quick.",scam,perplexity_sonar,mixed
"Hi darling, Courts officer calling. Your Maybank linked to laundering probe. So stress-free if you confirm via <PHONE> or <URL>, I make sure you safe, ya.",scam,perplexity_sonar,mixed
"Oi, PDRM HQ. Package with ganja for your address, arrest warrant ready. No scare, just key in <OTP> at <URL> to check and clear name, simple only.",scam,perplexity_sonar,mixed
"Sweetie, LHDN alert: Money laundering investigation on your Public Bank, RM<RM_AMOUNT>. Call <PHONE> or click <URL>, I guide you step by step, no problem.",scam,perplexity_sonar,mixed
"Good afternoon, from Mahkamah. Drug parcel under your name, waran tangkap tomorrow. Relax lah, verify with <URL> and <OTP>, we settle privately for you.",scam,perplexity_sonar,mixed
"Hey handsome, PDRM here. Your RHB account in laundering case. Don't panic, share details at <URL> or ring <PHONE>, I personally handle, promise.",scam,perplexity_sonar,mixed
"LHDN officer ni. Got issue with drug package linked to you, investigation on. Friendly way: go <URL> enter <OTP>, clear in minutes, easy peasy.",scam,perplexity_sonar,mixed
"Darling, Courts notice: Money laundering waran for <DATE>. Your UOB account flagged. Call <PHONE> or <URL> now, I make it go away smooth-smooth.",scam,perplexity_sonar,mixed
"WOW! Keta anda terlibat accident kecil dekat Jalan Tun Razak tadi pagi! **Settle tepi** RM<RM_AMOUNT> je untuk selesai cepat! Klik <URL> sekarang, masukkan No Plat, IC, kad bank & <OTP> tu. Jangan lambat, polis dah on way! 🚀",scam,perplexity_sonar,mixed
"URGENT! JPJ Saman baru keluar untuk speeding PLUS highway <DATE>! Bayar RM<RM_AMOUNT> online SEKARANG via <URL>. Isi nama, No LPJP, kad Maybank/CIMB & CVV. Cepat settle, avoid blacklist! Exciting offer: bayar hari ni discount 50%! 🔥",scam,perplexity_sonar,mixed
"HEBAT! Accident minor kat Jalan Ipoh, settle tepi RM<RM_AMOUNT> sahaja! Lawan offer bayar full. Klik <URL>, hantar No IC, plat kenderaan, details kad & <OTP> dari bank. Done deal dalam 5 minit! Jangan tunggu PDRM datang! 💥",scam,perplexity_sonar,mixed
"JPJ NOTIFICATION! Saman parkir illegal KLCC RM<RM_AMOUNT> perlu bayar FAST via <URL>. Masukkan phone no, IC, no kad Public Bank & tarikh luput. Hype news: settle now, tiada fine tambahan! Call <PHONE> if issue. ⚡",scam,perplexity_sonar,mixed
"LUCKY DAY! Kena sapu sikit dekat Jalan Sultan Ismail, **settle tepi** RM<RM_AMOUNT> terus clear! Link <URL> ready: isi No Plat, nama penuh, kad debit & <OTP>. Polis tak ganggu lagi, action sekarang! 🚗💨",scam,perplexity_sonar,mixed
"BREAKING! JPJ saman speeding Juru Toll <DATE>, bayar RM<RM_AMOUNT> di <URL>. Provide IC, vehicle reg, Maybank card no, CVV & <OTP>. Super fast process, avoid court summon! Excited? Klik je la! 🎉",scam,perplexity_sonar,mixed
"WOW MOMENT! Accident tepi jalan Ampang, settle RM<RM_AMOUNT> tanpa report polis! <URL> here: masuk details kad CIMB, no IC, plat & <PHONE> confirm. Settle in seconds, drive free tomorrow! 😎",scam,perplexity_sonar,mixed
"JPJ ALERT! Outstanding saman RM<RM_AMOUNT> untuk red light Jalan Kuching. Pay via <URL> with no kad, expiry, CVV & <OTP>. Hype promo: bayar pagi ni, cancel all fines! Jangan miss! 🌟",scam,perplexity_sonar,mixed
"EXCITING! Keta anda touch sikit dekat Jalan Tuanku Abdul Rahman, **settle tepi** RM<RM_AMOUNT> je! Klik <URL>, fill IC no, no plat, bank details & <OTP>. No drama, no court – perfect solution! 🔥🚀",scam,perplexity_sonar,mixed
"HOT NEWS! JPJ saman baru RM<RM_AMOUNT> speeding LDP highway. Settle online <URL>: nama, IC, kad RHB/Public Bank, CVV & <OTP>. Bayar now, dapat receipt instant & clear record! Super cepat! 💨",scam,perplexity_sonar,mixed
"Hai sis, your Shopee order RM<RM_AMOUNT> for that cute dress got system error leh. PM tepi sini <URL> to fix and get refund wallet fast-fast. TQ ya! 😘",scam,perplexity_sonar,mixed
"Bro, Lazada sale! I selling iPhone 15 RM<RM_AMOUNT> only, ori stock. Transfer Maybank now, then PM me for details. Cepat lah, limited! 😉",scam,perplexity_sonar,mixed
"Hello sayang, Mudah.my listing for laptop RM<RM_AMOUNT>, deposit sikit je to book. Send to my CIMB akaun, I balik your OTP <OTP> for confirm. Sweet deal! 💕",scam,perplexity_sonar,mixed
"Eh korang, Carousell buyer here! Your bag order error, need pay again RM<RM_AMOUNT> via Touch n Go. Click <URL> masuk details, refund masuk wallet tomorrow. Terima kasih! 🥰",scam,perplexity_sonar,mixed
"Dear, Shopee refund issue on <DATE>. System glitch, sila hantar <RM_AMOUNT> to Public Bank to process. PM tepi <PHONE> if kena OTP. Jom settle cepat! 😍",scam,perplexity_sonar,mixed
"Hai handsome, Lazada flash sale my preloved shoes RM<RM_AMOUNT>. Bayar sekarang to my RHB account, I guide you step by step. Worth it gila! 😜",scam,perplexity_sonar,mixed
"Sis, your Mudah order for perfume ada problem. Refund wallet pending, topup RM<RM_AMOUNT> via Boost dulu. Enter <URL> for link, easy peasy! Love ya 💖",scam,perplexity_sonar,mixed
"Bro, Carousell deal! PS5 RM<RM_AMOUNT> mint condition. Transfer Maybank2u, share your <OTP> to me for secure. Jangan lambat, stok habis! 🔥",scam,perplexity_sonar,mixed
"Baby, Shopee payment failed for your groceries RM<RM_AMOUNT> on <DATE>. Sila klik <URL> bayar lagi, then full refund masuk e-wallet. TQ for shopping with me! 😘",scam,perplexity_sonar,mixed
"Hey cutie, Lazada seller special: Airpods RM<RM_AMOUNT>. Deposit to UOB akaun, PM tepi for tracking. Super fast delivery, promise! 😉",scam,perplexity_sonar,mixed
"Woi bro! Pinjaman wang berlesen RM<RM_AMOUNT> dah approve 100%! 0% faedah, blacklist OK je. Bayar processing fee RM200 je nk <PHONE> sekarang! Cepat laa!",scam,perplexity_sonar,mixed
"Tahniah! Loan RM<RM_AMOUNT> fast approval untuk akaun Maybank tuan xxxxxx. Guna Ah Long license, no problem blacklist. Hantar insurance fee RM150 ke <PHONE> ori!",scam,perplexity_sonar,mixed
"Excited gila! Pinjaman RM<RM_AMOUNT> 0% interest, approve dlm 1 jam je. Blacklist pun boleh! Transfer upfront fee RM300 ke <PHONE> nk release duit laa bro!",scam,perplexity_sonar,mixed
"Pinjaman wang mudah RM<RM_AMOUNT> dah siap! Semua bank OK, blacklist xleh halang. Bayar processing RM250 je, call <PHONE> sekarang hype!",scam,perplexity_sonar,mixed
"Boom! Approved pinjaman berlesen RM<RM_AMOUNT> untuk CIMB akaun awak. 0% rate, fast cash. Hantar fee insurans RM180 ke <PHONE> cepat!",scam,perplexity_sonar,mixed
"Nk duit cepat? Loan Ah Long RM<RM_AMOUNT> 0% faedah, blacklist welcome! Bayar RM220 processing fee dulu nk <PHONE>, duit masuk esok!",scam,perplexity_sonar,mixed
"Super fast! Pinjaman RM<RM_AMOUNT> approved, no check credit. License punya, bayar upfront RM199 je ke <PHONE> nk activate!",scam,perplexity_sonar,mixed
"Wah laa! RM<RM_AMOUNT> pinjaman wang masuk akaun Public Bank tuan on <DATE>. 0% interest, blacklist OK. Transfer insurance RM350 sekarang <PHONE>!",scam,perplexity_sonar,mixed
"Hype betul! Pinjaman berlesen RM<RM_AMOUNT> fast approve, semua OK je. Bayar processing fee RM280 ke <PHONE> nk duit terus!",scam,perplexity_sonar,mixed
"Dah approve RM<RM_AMOUNT> loan 0% faedah! Ah Long license, blacklist pun boleh. Hantar RM160 fee dulu nk <PHONE>, cepat rich!",scam,perplexity_sonar,mixed
"Eh bro, my wedding invitation card lah, so pretty one! Download APK ni to view full details ya, <DATE> je kat <URL> tu. Come celebrate with us sial![1]",scam,perplexity_sonar,mixed
"Hai sexy, got menu card for my sis wedding, exclusive design! Download APK from <URL> la, confirm cantik gila. RSVP fast ah![2]",scam,perplexity_sonar,mixed
"Dear, your Maybank app need update now la, don't miss out! Download latest APK here <URL>, safe one only. You got money ah inside?[3]",scam,perplexity_sonar,mixed
"Woi friend, cousin wedding invitation APK, got photo bridegroom handsome sia! Tap <URL> download cepat, join us party![4]",scam,perplexity_sonar,mixed
"CIMB bank app update urgent la bro, RM<RM_AMOUNT> rebate waiting! Download APK <URL> now, easy peasy. Transfer back la if extra![5]",scam,perplexity_sonar,mixed
"Baby, check this wedding menu card APK, so yummy food list! Download dari <URL> ya, come taste together later hehe.[1][2]",scam,perplexity_sonar,mixed
"Public Bank app got new version, super secure! Download APK <URL> to update, your balance safe lah. Got bonus RM<RM_AMOUNT>![5]",scam,perplexity_sonar,mixed
"Eh sayang, family wedding invite in APK form, view kat <URL> je. Got map and all, don't forget come ya, miss you![3][4]",scam,perplexity_sonar,mixed
"RHB bank notification: Update app APK now <URL>, avoid suspend account la. Enter <OTP> to verify, quick quick![6]",scam,perplexity_sonar,mixed
"Bestie, download this APK for my engagement menu card, romantic gila! <URL> link, reply if coming, muah![2]",scam,perplexity_sonar,mixed
WOW! Kecelakaan kecil <DATE> dekat Jalan Tun Razak! Pihak insurans offer settle tepi RM<RM_AMOUNT> je! Cepat claim sebelum tamat! <URL>,scam,perplexity_sonar,mixed
URGENT! JPJ saman RM<RM_AMOUNT> untuk speeding <DATE>! Bayar sekarang dapat diskaun 50%! Jangan kena blacklist kereta! Call <PHONE> or <URL>,scam,perplexity_sonar,mixed
"HEBAT! Accident minor semalam, polis kata settle tepi RM<RM_AMOUNT> sahaja! Masukkan <OTP> untuk confirm & terima wang cepat! <URL>",scam,perplexity_sonar,mixed
"EXCITING NEWS! JPJ detect violation <DATE>, saman RM<RM_AMOUNT>! Settle online sekarang, free bonus clear record! Klik <URL> NOW!",scam,perplexity_sonar,mixed
"LUCKY DAY! Kena sapu sikit <DATE>, offer settlement RM<RM_AMOUNT> dari Maybank Insurans! Bayar & selesai instant! <URL>",scam,perplexity_sonar,mixed
"HOT ALERT! JPJ saman traffic RM<RM_AMOUNT> tunggak! Bayar via <URL> dapat rebate RM50! Jangan tunggu, kereta kena clamp!",scam,perplexity_sonar,mixed
"FANTASTIC! Fake accident claim settle tepi RM<RM_AMOUNT>! PDRM approve, masukkan details & duit masuk akaun! <URL>",scam,perplexity_sonar,mixed
"SUPER DEAL! Saman JPJ RM<RM_AMOUNT> untuk park illegal <DATE>! Settle sekarang, 70% off + clear summon seumur hidup! <URL>",scam,perplexity_sonar,mixed
"WOWOW! Minor bump <DATE>, pihak kedua offer RM<RM_AMOUNT> settle cepat! Verify dengan <OTP> & claim now! <URL>",scam,perplexity_sonar,mixed
BREAKING! JPJ notification: Bayar saman RM<RM_AMOUNT> sebelum <DATE> atau fine double! Link bayar mudah <URL> - cepat!,scam,perplexity_sonar,mixed
"Sayang, parcel hadiah RM<RM_AMOUNT> dari saya (Engineer di KLIA) kena tangkap customs. Bayar cukai RM<RM_AMOUNT> sekarang atau hilang! Transfer Maybank ke <PHONE> cepat!",scam,perplexity_sonar,mixed
"Darling, cinta saya! Pilot gift RM<RM_AMOUNT> stuck di Bea Cukai Malaysia. Urgent bayar duty RM<RM_AMOUNT> via CIMB atau dibuang! Hantar <OTP> ke <PHONE>!",scam,perplexity_sonar,mixed
"Habibti, maaf parcel love gift saya sebagai engineer tersekat customs. Bayar RM<RM_AMOUNT> fee sekarang ke Public Bank atau警察 ambil! Call <PHONE> fast!",scam,perplexity_sonar,mixed
"Kesayangan, hadiah RM<RM_AMOUNT> dari saya (Pilot Sabah) ditahan Kastam Diraja. Transfer RM<RM_AMOUNT> segera ke RHB atau lost forever! <URL> details.",scam,perplexity_sonar,mixed
"Baby, emergency! Parcel engineer gift kena hold customs KL. Bayar tax RM<RM_AMOUNT> via UOB atau dihancurkan! Kirim proof ke <PHONE> sekarang juga!",scam,perplexity_sonar,mixed
"Sayangku, cinta sejati! Gift RM<RM_AMOUNT> saya sebagai pilot terperangkap Bea Cukai. Urgent settle RM<RM_AMOUNT> Maybank atau tiada lagi! Call <PHONE>!",scam,perplexity_sonar,mixed
"Darling saya, parcel spesial engineer stuck di customs Penang. Bayar RM<RM_AMOUNT> clearance fee CIMB cepat atau confiscated! Balas <OTP>!",scam,perplexity_sonar,mixed
"Habib, hadiah love RM<RM_AMOUNT> pilot gift ditahan Kastam Malaysia. Transfer RM<RM_AMOUNT> ke Public Bank sekarang atau hilang! <PHONE> urgent!",scam,perplexity_sonar,mixed
"Cinta, maaf besar! Engineer parcel RM<RM_AMOUNT> kena customs hold. Bayar duty RM<RM_AMOUNT> RHB segera atau dibakar! Hantar ke <PHONE> fast!",scam,perplexity_sonar,mixed
"Sayang, gift pilot saya RM<RM_AMOUNT> tersekat Bea Cukai JB. Emergency bayar RM<RM_AMOUNT> UOB atau police ambil! Proof transfer ke <URL> sekarang!",scam,perplexity_sonar,mixed
"Halo sayang, saya dari PDRM, IPK Kuala Lumpur. Ada parcel dengan ganja dihitung nama awak kat pelabuhan KL. Jangan risau lah, saya boleh settle cepat if awak transfer <RM_AMOUNT> ke akaun selamat ni. Click <URL> untuk details, manja ni.[1]",scam,perplexity_sonar,mixed
亲爱的，我们是LHDN调查员哦。你的账户涉及洗钱案子，但别怕，我很温柔帮你解决。只要转<RM_AMOUNT>到安全账户，waran tangkap tak jadi. 快来Telegram chat，我等你亲亲。[2],scam,perplexity_sonar,mixed
"Hey handsome, PDRM sini. Package drugs dari Johor link ke nama awak, kena bayar <RM_AMOUNT> untuk clear nama. Saya suka awak, cepat transfer via <URL>, nanti kita ok ok je. Call <PHONE> if nak bual manis.[1]",scam,perplexity_sonar,mixed
宝贝，马来西亚法院通知你：有毒品包裹用你的IC，已经下waran tangkap。但我可以私下帮，transfer <RM_AMOUNT> RM ke这个account，问题bye bye。来，add我，我们慢慢聊～[3],scam,perplexity_sonar,mixed
"LHDN speaking, cicik. Awak kena money laundering investigation, RM<RM_AMOUNT> fine to settle. Jangan panik, saya pandai handle, transfer sekarang ke <URL>. Nanti reward awak dengan senyuman saya ye.[2]",scam,perplexity_sonar,mixed
亲，PDRM Anti-Narkotik dept. 你的包裹里有海洛因，马上要arrest。但帅哥别紧张，转<RM_AMOUNT>到安全地方，我就delete记录。快发<OTP>给我，我们好朋友啦～[1],scam,perplexity_sonar,mixed
"Sayangku, dari Mahkamah Tinggi KL. Ada kes drug package atas nama awak, bayar <RM_AMOUNT> untuk batal warrant. Saya comel officer ni, trust me, click <URL> and transfer cepat. Miss you already![3]",scam,perplexity_sonar,mixed
"我们LHDN稽查队，lao gong。钱洗黑调查牵涉你，但别哭，我来保护。马上转<RM_AMOUNT> RM ke akaun PDRM selamat, <DATE>前搞定。来Telegram亲热聊聊？[2]",scam,perplexity_sonar,mixed
"PDRM JB sini, babe. Parcel ekstasi drugs guna address awak, kena <RM_AMOUNT> untuk investigation clear. Saya friendly officer, transfer to <PHONE> account, nanti kita celebrate together lah.[1]",scam,perplexity_sonar,mixed
亲爱的法院官长。你的名字在洗钱drug案，waran tangkap ready。<RM_AMOUNT> transfer to secure wallet via <URL>，我保证安全，还会多爱你一点。快行动，muah![3],scam,perplexity_sonar,mixed
"Emergency! Tahfiz KL kebakar, anak yatim xde tempat. Derma kilat RM<RM_AMOUNT> sekarang kat <URL> atau call <PHONE> cepat! Kalau x, ramai mati lapar!",scam,perplexity_sonar,mixed
"Abang, dompet hilang kat LRT. Nk balik kampung naik bas je RM<RM_AMOUNT>. Tolong bank in kat Maybank <PHONE> atau <URL>. Teruk nanti kena tidur jln raya!",scam,perplexity_sonar,mixed
"Yayasan Anak Yatim Shah Alam urgent! Banjir, xleh beli makanan. Derma sekarang <URL> masuk RM<RM_AMOUNT> je. Kalau lambat, anak2 tu mati kelaparan! Cepat!",scam,perplexity_sonar,mixed
"Kak, motor rosak kat Jln Ipoh. Dompet kena curi, nk bayar tow lorry RM<RM_AMOUNT>. Tolong transfer Maybank <PHONE> atau <URL>. Xleh tunggu, polis nk datang!",scam,perplexity_sonar,mixed
"Derma kilat buat orphan house Penang! Kebakaran semalam, semuanya habis. Klik <URL> hantar RM<RM_AMOUNT> sekarang atau call <PHONE>. Jangan biar anak yatim tidur jalan!",scam,perplexity_sonar,mixed
"Bro, jatuh kat pasar malam, dompet hilang. Nk naik bas balik KL RM<RM_AMOUNT> je. Bank in CIMB <PHONE> atau <URL> cepat! Kalau x, kena tidur tepi jln malam ni!",scam,perplexity_sonar,mixed
"Tahfiz centre JB banjir teruk! Anak2 xde makan. Urgent derma RM<RM_AMOUNT> kat <URL> atau <PHONE>. Lambat nanti ramai sakit, tolong sedekah cepat!",scam,perplexity_sonar,mixed
"Sis, kena con bikers, duit habis. Nk bayar Grab balik rumah RM<RM_AMOUNT>. Tolong Public Bank <PHONE> atau klik <URL>. Teruk la, hujan lebat ni!",scam,perplexity_sonar,mixed
"Pondok Tahfiz Melaka kebakar pagi tadi! Yatim piatu menangis minta tolong. Derma kilat <URL> RM<RM_AMOUNT> sekarang atau <PHONE>. Jangan abaikan, dosa besar!",scam,perplexity_sonar,mixed
"Abang, dompet kena curi kat Giant. Nk bayar bas pulang kampung RM<RM_AMOUNT>. Transfer RHB <PHONE> atau <URL> je. Cepat, malam ni xde tempat tidur!",scam,perplexity_sonar,mixed
"Bro, saya cikgu tuition kat KL ni, susah nak bayar rumah sewa. Join lah group pelaburan emas Syariah compliant, 300% profit dalam 24 jam je! Transfer RM1,000 ke Maybank <PHONE>, cepat sebelum close. Tolong saya pls <URL>",scam,perplexity_sonar,mixed
"Assalamualaikum, adik. Saya makcik single mom, xleh bayar bil sekolah anak. Ada pelaburan crypto halal, 500% return esok pagi! Nk join group cikgu? Hantar <RM_AMOUNT> ke CIMB <PHONE> sekarang, urgent! <URL>",scam,perplexity_sonar,mixed
"Hai, guru sekolah kat Johor ni. Kerja part time susah, hutang banyak. Pelaburan gold Syariah ni best, 400% profit fast! Masuk group WA cikgu, transfer RM500 je ke Public Bank <PHONE>. Tolong sedekah pelaburan pls <URL>",scam,perplexity_sonar,mixed
"Abang, saya cikgu baru, gaji lambat. Xleh tahan dah ni. Join investment crypto teacher group, Syariah ok, 250% dalam sehari! Hantar duit ke RHB <PHONE>, <RM_AMOUNT> je. Cepat la, limited slot <URL>",scam,perplexity_sonar,mixed
"Salam, adik perempuan. Saya cikgu tadika, suami meninggal, xpunya duit ubat. Pelaburan emas halal ni janji 350% profit 24 jam! Group WA cikgu ramai dah untung. Transfer ke UOB <PHONE> sekarang tolong <URL>",scam,perplexity_sonar,mixed
"Eh bro, cikgu matematik ni, kena bayar car loan. Susah gila. Ada scheme gold Syariah, 300% return cepat je! Nk masuk group? Hantar <OTP> dulu then RM800 ke Maybank <PHONE>. Pls help <URL>",scam,perplexity_sonar,mixed
"Hai kak, saya cikgu baharu, xleh beli makanan pun. Investment crypto Syariah compliant, 450% esok! Teacher group WA best ni. Transfer ke Hong Leong <PHONE>, <RM_AMOUNT> je urgent <URL>",scam,perplexity_sonar,mixed
"Assalammualaikum, abang. Cikgu English kat Penang, hutang kad kredit penuh. Pelaburan emas halal 200% dalam 12 jam! Join group cikgu cepat, hantar duit ke Ambank <PHONE>. Tolong la sedekah <URL>",scam,perplexity_sonar,mixed
"Sis, saya cikgu Quran, anak sakit xpunya duit hospital. Scheme pelaburan gold Syariah ni mantap, 600% profit fast! Masuk WA group teacher, transfer RM2,000 ke BSN <PHONE> sekarang pls <URL>",scam,perplexity_sonar,mixed
"Bro, cikgu sains ni desperate, xleh bayar PTPTN. Crypto investment halal, 280% return 24 jam je! Group cikgu ramai testimoni. Hantar ke Public Islamic <PHONE>, cepat sebelum miss <URL>",scam,perplexity_sonar,mixed
"Hai bro/sis! I'm the Hiring Manager from TikTok Boost Agency. Want to earn RM500 daily just like & share TikTok videos? Work from home, flexible time lah. Join now <URL> and start gaji cepat!",scam,perplexity_sonar,mixed
"Hello sayang, Hiring Manager here. Part-time job for you – like & share YouTube vids, earn RM500 sehari easily. No experience needed, kerja rumah je. Click <URL> to register and dapat bonus first task!",scam,perplexity_sonar,mixed
"Eh, good news! Hiring Manager from Affiliate Home KL. Help like TikTok videos, share sikit, pocket RM500 daily. Maybank transfer instant. Work from home, perfect for students. Join group <URL> now ya!",scam,perplexity_sonar,mixed
"Hey handsome/pretty! Kami Hiring Manager, offer part-time affiliate job. Like & share YouTube channels je, earn RM500 hari-hari. Kerja santai rumah, no boss nag. Start today <URL> and see duit masuk!",scam,perplexity_sonar,mixed
"Assalamualaikum! Hiring Manager speaking. TikTok like & share job, RM500 daily gaji. Work from home, suitable untuk semua. CIMB payout fast. Dah ramai join, you next? <URL> for details lah.",scam,perplexity_sonar,mixed
"Halo darling! Part-time job alert from Hiring Manager. Just like & share TikTok/YouTube vids, earn RM500 sehari. Mudah sangat, kerja rumah je. Click <URL> register and claim welcome RM50!",scam,perplexity_sonar,mixed
"Bro, Hiring Manager here. Easy money – affiliate like & share job on YouTube. RM500 daily, work from home anytime. Public Bank transfer ok. Jom join <URL> and start earning besar-besaran!",scam,perplexity_sonar,mixed
"Hi sweetie! Kami Hiring Manager, cari part-timer for TikTok boost. Like & share videos, dapat RM500 hari. No commitment, rumah je kerja. Fast payout via Touch n Go. Link <URL> tunggu you!",scam,perplexity_sonar,mixed
"Selamat pagi! Hiring Manager from SharePro Agency. Part-time job: like YouTube/TikTok, share sikit, earn RM500 daily. Work from home, ideal untuk ibu rumah tangga. Join <URL> sekarang!",scam,perplexity_sonar,mixed
"Hey babe! Hiring Manager got super easy job for you. Affiliate like & share TikTok vids, RM500 sehari straight to Maybank. Kerja fleksibel rumah, no stress. Dah ready? <URL> to begin lah!",scam,perplexity_sonar,mixed
"Sayang, saya Engineer di KLIA, hantar parcel hadiah untuk awak RM<RM_AMOUNT> tapi kena stuck di customs. Tolong bayar cukai RM<RM_AMOUNT> ke Maybank <PHONE> supaya boleh release. Saya desperate, tolong ya.",scam,perplexity_sonar,mixed
"Habibti, pilot saya flight cancel, parcel gift untuk awak tertangkap Jabatan Kastam. Kena bayar duty RM<RM_AMOUNT> sekarang. Transfer ke CIMB <PHONE>, saya miskin sangat ni.",scam,perplexity_sonar,mixed
"Dear, saya engineer proyek di Port Klang, hantar hadiah cinta awak tapi customs tahan. Tolong hantar RM<RM_AMOUNT> untuk bayar fee ke Public Bank <PHONE>. Saya mohon, jangan tinggal saya.",scam,perplexity_sonar,mixed
"Cinta saya, parcel penuh gold gift dari kerja engineer saya stuck di Bea Cukai. Bayar RM<RM_AMOUNT> urgent ke RHB <PHONE>. Saya nangis kat sini, tolong selamatkan parcel tu.",scam,perplexity_sonar,mixed
"Sayangku, sebagai pilot, saya hantar surprise parcel tapi kena tangkap customs KL. Kena settle RM<RM_AMOUNT> cukai ke AmBank <PHONE>. Saya tak ada duit, awak satu-satunya harapan.",scam,perplexity_sonar,mixed
"Azizah, engineer saya hantar hadiah mahal RM<RM_AMOUNT> value tapi tertahan di Lapangan Terbang. Tolong transfer RM<RM_AMOUNT> ke Hong Leong Bank <PHONE> untuk release. Saya sedih gila.",scam,perplexity_sonar,mixed
"Love, parcel gift cinta dari pilot macam saya kena hold customs. Bayar duty RM<RM_AMOUNT> ke UOB <PHONE> cepat. Saya desperate, jangan biar hadiah tu rosak.",scam,perplexity_sonar,mixed
"Terima kasih cinta, tapi parcel engineer saya stuck Kastam Diraja. Kena RM<RM_AMOUNT> fee sekarang ke Maybank2u <PHONE>. Tolong, saya tak tahan dah menunggu.",scam,perplexity_sonar,mixed
"Sayang, hadiah dari kerja pilot saya di Subang tertangkap customs. Hantar RM<RM_AMOUNT> ke Alliance Bank <PHONE> untuk bebas. Saya minta ampun, tolong bantu saya.",scam,perplexity_sonar,mixed
"Habib, saya engineer, parcel penuh barang mewah untuk awak kena cukai RM<RM_AMOUNT> di Jabatan Kastam. Transfer ke Standard Chartered <PHONE> urgent. Saya pituful sangat ni.",scam,perplexity_sonar,mixed
"Assalamualaikum bro/sis, my name Cikgu Aminah from Tahfiz centre in Kampung Baru. Our roof bocor teruk after hujan lebat semalam, anak-anak yatim kena basah bila solat. Tolong derma sikit je lah, <RM_AMOUNT> to <URL> Maybank acc. Allah balas nanti, please help cepat!",scam,perplexity_sonar,mixed
"Hai, sorry ganggu. Saya Makcik Salmah, 60 tahun, lost my wallet kat LRT tadi pagi. Duit RM50 je ada, nak bayar bus balik rumah di Sungai Buloh. Boleh tolong transfer <RM_AMOUNT> ke <PHONE> Touch n Go? Macam tu je lah, terima kasih banyak-banyak!",scam,perplexity_sonar,mixed
"Emergency! Anak yatim di pondok Tahfiz Kajang kena demam tinggi, doktor cakap nak admit hospital. Duit tak cukup, tolong derma kilat <RM_AMOUNT> via <URL> CIMB bank. Jom sedekah, ramai yang dah tolong, you next?",scam,perplexity_sonar,mixed
"Bro, I jatuh motor kat Jalan Ipoh, phone rosak, wallet hilang. Nak naik Grab balik KLCC je pun, <RM_AMOUNT> cukup lah untuk bus fare. Tolong hantar ke <PHONE> Boost, desperate ni, family tunggu!",scam,perplexity_sonar,mixed
"Selamat petang, saya dari persatuan anak yatim Selangor. Banjir di Klang, rumah anak-anak tenggelam, makanan habis. Derma kilat <RM_AMOUNT> to <URL> Public Bank acc. Banyak terima kasih, doa kami sentiasa untuk anda!",scam,perplexity_sonar,mixed
"Help! Nama saya Pak Mat, lost purse dekat pasar Cheras. Duit untuk beli ubat diabetes je, nak balik Seremban naik bas malam ni. <RM_AMOUNT> je lah, transfer <PHONE> GrabPay boleh? Jangan biar saya stuck sini.",scam,perplexity_sonar,mixed
"Anak-anak Tahfiz di Gombak tak ada makanan sejak 2 hari, stok habis lepas banjir. Tolong derma <RM_AMOUNT> sekarang ke <URL> RHB bank. Cepat ya, lapar ni, sedekah jariyah!",scam,perplexity_sonar,mixed
"Sis, tadi kena langgar motor kat Bukit Bintang, duit hilang semua. Nak bayar bus ke Subang tak cukup, <RM_AMOUNT> tolong hantar <PHONE> Touch n Go. Pitiful lah macam ni, terima kasih ya!",scam,perplexity_sonar,mixed
"Derma kilat untuk yatim piatu Tahfiz Al-Hidayah Shah Alam. Guru sakit, tak boleh beli makanan. <RM_AMOUNT> je cukup, bank in <URL> Maybank. Allah ampuni dosa anda, please share kalau boleh!",scam,perplexity_sonar,mixed
"Abang, I tersesat kat KL Sentral, wallet kena curi. Nak balik rumah di Puchong, bus fare <RM_AMOUNT> je. Tolong transfer <PHONE> DuitNow, desperate sangat, anak tunggu makan malam!",scam,perplexity_sonar,mixed
"Woi bro! Order Shopee kau menang **DISCOUNT GILA** RM<RM_AMOUNT> je! System error la, PM tepi kat <PHONE> nk claim cepat sebelum habis! Excited gila ni!! <URL>",scam,perplexity_sonar,mixed
"Yayyy! Kau beli barang Lazada tu **STOK TERHAD** je, bayar lagi RM<RM_AMOUNT> sebab glitch payment. Refund wallet auto masuk lepas ni! Hype gila, cepat PM aku! <PHONE>",scam,perplexity_sonar,mixed
"CONGRATS!! Mudah listing kau **SUPER HOT SELLER** status! Nak upgrade? Transfer RM<RM_AMOUNT> ke wallet aku dulu, confirm banjir order! Xleh tunggu la weh! <URL>",scam,perplexity_sonar,mixed
"Wahh laaa! Carousell deal kau **CONFIRMED WIN** RM<RM_AMOUNT> voucher! Tapi system error, hantar <OTP> kat sini nk unlock refund. Geram excited tau! PM sekarang! <PHONE>",scam,perplexity_sonar,mixed
"Bro cepat!! Shopee order kau **LUCKY DRAW** menang barang free! Bayar small fee RM<RM_AMOUNT> je untuk process wallet refund. Gila hype ni, jgn lambat! <URL>",scam,perplexity_sonar,mixed
"Hebat gila! Lazada kau **TOP BUYER** , claim RM<RM_AMOUNT> cashback! Glitch la, pay again sikit kat Maybank aku. Lepas tu balik double! PM tepi ye! <PHONE>",scam,perplexity_sonar,mixed
"Yesss! Mudah.my kau **FLASH SALE** special, dapat diskon RM<RM_AMOUNT> je! System hang, hantar <OTP> nk fix payment. Excited nak ship barang cepat! <URL>",scam,perplexity_sonar,mixed
"Woww!! Carousell trade kau **SUCCESS BONUS** RM<RM_AMOUNT> masuk wallet! Tapi error, transfer dulu RM50 je nk activate. Banjir duit la bro! Cepat PM! <PHONE>",scam,perplexity_sonar,mixed
"Hai hero! Shopee kau **MEGA REFUND** RM<RM_AMOUNT> ready! Overpayment glitch, bayar balance kat Touch n Go wallet aku. Hype gila, claim sekarang! <URL>",scam,perplexity_sonar,mixed
"Fast fast!! Lazada order **VIP UPGRADE** free RM<RM_AMOUNT>! System salah charge, topup sikit je nanti refund x2. Xleh tahan excited ni, chat aku! <PHONE>",scam,perplexity_sonar,mixed
"Assalamualaikum bro, cikgu sini. Aku dah hilang segala harta sebab business gagal. Tapi ada peluang emas crypto Syariah compliant ni, 300% profit dalam 24 jam je. Join group cikgu Telegram, deposit <RM_AMOUNT> ke Maybank aku, cepat sebelum close!<URL>",scam,perplexity_sonar,mixed
"Hai, aku desperate nk bayar hutang hospital mak. Pelaburan gold halal ni boleh bagi RM<RM_AMOUNT> cepat. Syariah approved, 500% return esok. WhatsApp group cikgu ramai dah untung. Transfer sekarang lah bro, tolong aku!<PHONE>",scam,perplexity_sonar,mixed
"Sobat, hidup aku susah gila lepas kena PHK. Ada scheme crypto high-yield, 400% profit 1 hari je. Compliant Syariah, group cikgu Telegram private. Masuk lah, deposit minimum <RM_AMOUNT> via CIMB. Jangan biar aku tenggelam!<URL>",scam,perplexity_sonar,mixed
"Tolong bro, aku xleh bayar sewa dah. Peluang emas ni, invest gold Syariah, 350% dalam 24jam. Join kumpulan cikgu, ramai teacher dah kaya. Hantar <RM_AMOUNT> ke Public Bank, confirm untung besar!<PHONE>",scam,perplexity_sonar,mixed
"Weh, aku nak nangis lah. Kereta rosak, xde duit repair. Tapi ada investment crypto halal, 300% profit je nk. Group Telegram cikgu Syariah compliant. Deposit segala2 je, cepat transfer RHB!<URL>",scam,perplexity_sonar,mixed
"Bro, family aku lapar ni. Scheme gold high return 450% esok pagi. Cikgu group kat Telegram, semua Syariah ok. Tolong deposit <RM_AMOUNT> Maybank, aku bagi <OTP> confirm. Jangan tinggal aku!",scam,perplexity_sonar,mixed
"Hai cikgu, aku miskin gila lepas divorce. Pelaburan crypto Syariah ni boleh ubah hidup, 250% profit 24jam. Join group sekarang, transfer <RM_AMOUNT> ke UOB. Ramai dah withdraw untung!<PHONE>",scam,perplexity_sonar,mixed
"Desperate nih, hutang bank dah menumpuk. Gold investment halal, 400% return cepat je. Kumpulan cikgu Telegram private, Syariah certified. Hantar duit CIMB lah bro, tolong selamatkan aku!<URL>",scam,perplexity_sonar,mixed
"Sob, aku xleh tahan dah, anak sakit xde duit ubat. Crypto scheme cikgu, 300% profit dalam sehari. Syariah compliant 100%, join group Telegram. Deposit <RM_AMOUNT> Public Bank sekarang!<PHONE>",scam,perplexity_sonar,mixed
"Tolonglah bro, hidup aku hancur lepas kena scam lain. Ni betul, pelaburan gold Syariah 500% 24jam. Group cikgu ramai teacher untung. Transfer RHB je, cepat sebelum slot penuh!<URL>",scam,perplexity_sonar,mixed
"Hai bro, your Shopee order for that sexy iPhone 15 dah ready! Seller here, PM tepi kat <URL> to confirm stock & get free gift lah. Cepat, limited only! 😘",scam,perplexity_sonar,mixed
"Dear customer, Lazada system error on your RM<RM_AMOUNT> payment for the hot dress. Pls pay again via <URL> to avoid cancel. Refund wallet will top up soon ya! 😉",scam,perplexity_sonar,mixed
"Wah, Mudah.my buyer! Your preloved AirPods deal super good, but need OTP <OTP> to release parcel. Reply <PHONE> now or miss out lah, handsome! 💋",scam,perplexity_sonar,mixed
"Hello sayang, Carousell seller ni. Your bag order kena issue, click <URL> update Maybank details for full refund RM<RM_AMOUNT>. Fast fast, don't worry! 😍",scam,perplexity_sonar,mixed
"Shopee flash sale alert! You win RM<RM_AMOUNT> voucher but verify first kat <URL>. Enter your Touch 'n Go eWallet to claim, easy peasy darling! 🥰",scam,perplexity_sonar,mixed
"Lazada here, your parcel stuck cos address incomplete. Update via <URL> with CIMB info & get delivered tomorrow. Thanks ya, pretty! 🌟",scam,perplexity_sonar,mixed
"Bro, Mudah seller confirm your PS5 order. System glitch, pay extra RM<RM_AMOUNT> kat <URL> then full refund wallet. Trust me lah, quick! 😉",scam,perplexity_sonar,mixed
"Carousell PM: Hai sexy, your perfume ready but need bank transfer proof to <PHONE>. Share OTP & ship free on <DATE>! Don't lecehkan ya 😘",scam,perplexity_sonar,mixed
"Shopee support: Order error detected, pls login <URL> & key in Public Bank OTP to fix. Your RM<RM_AMOUNT> safe, refund coming soon babe! 💕",scam,perplexity_sonar,mixed
"Lazada winner! Congrats on the voucher, tapi kena confirm via <URL> with your RHB details. Cepat claim before expire, love! 😜",scam,perplexity_sonar,mixed
"Sayangku, aku dah hantar parcel penuh hadiah untuk kau je, ada jam tangan Rolex & beg LV! Tapi kena stuck kat customs KLIA, nk release kena bayar cukai RM<RM_AMOUNT>. Tolong tolong ye, nanti aku balik peluk kau erat2 😘 <PHONE>",scam,perplexity_sonar,mixed
"Baby, sebagai engineer aku ni, aku belikan kau emas 24k dari Singapura, tapi parcel tu kena tahan customs. Xleh ambil tanpa bayar <RM_AMOUNT> RM dulu. Cepat la sayang, nanti kita celebrate besame2 🥰 <URL>",scam,perplexity_sonar,mixed
"Hai cantik, pilot flight aku hantar gift special untuk kau, ada beg branded & perfume. Stuck kat Bea Cukai, nk keluarkan kena <RM_AMOUNT> RM je. Aku rindu nak jumpa kau, tolong settlekan ye? 💕 <PHONE>",scam,perplexity_sonar,mixed
"Cintaku, aku hantar parcel cinta dari Australia, penuh barang mewah untuk kau. Tapi customs minta bayaran <RM_AMOUNT> RM sebelum release. Jangan risau, nanti aku balik kita honeymoon lah 😍 Tolong ye sayang <OTP>",scam,perplexity_sonar,mixed
"Sayang, engineer project aku selesai awal, hantar hadiah besar kat kau! Parcel kena tahan kat port KL, nk ambil kena cukai RM<RM_AMOUNT>. Aku nak peluk kau tight, cepat tolong transfer ya? 🥰 <URL>",scam,perplexity_sonar,mixed
"Babygirl, flight aku landing soon, dah hantar parcel full surprise untuk kau je. Customs xleh release tanpe bayar <RM_AMOUNT> RM. Tolong settle, nanti aku datang KL peluk kau sampe malam 😘 <PHONE>",scam,perplexity_sonar,mixed
"Puisi hati aku: Kau ratu aku, aku hantar parcel emas & jam untuk ratu. Stuck customs, kena <RM_AMOUNT> RM je nk free. Cepat sayang, aku nk cium kau real 😍 <OTP>",scam,perplexity_sonar,mixed
"Cantikku, sebagai pilot aku beli gift exclusive dari Dubai untuk kau. Parcel tu kena block customs, bayar RM<RM_AMOUNT> dulu nk claim. Aku rindu gila, tolong ye baby 💋 <PHONE>",scam,perplexity_sonar,mixed
"Sayang satu, aku engineer offshore hantar parcel hadiah anniversary kita. Tapi Bea Cukai minta <RM_AMOUNT> RM cukai. Xleh tunggu nak jumpa kau, settle cepat la ya? 🥰 <URL>",scam,perplexity_sonar,mixed
"Love, parcel penuh kasih sayang dari aku dah sampai Malaysia, ada barang branded semua untuk kau. Stuck kat customs, nk release kena RM<RM_AMOUNT> je. Nanti aku balik kita bercinta betul2 😘 <PHONE>",scam,perplexity_sonar,mixed
"Hi sayang, this is Inspector Azmi from PDRM. Your name linked to drug package from KLIA, waran tangkap issued soon. No worry lah, just transfer <RM_AMOUNT> to secure account first, I help you settle sweetly. Click <URL> or call <PHONE> now ya?",scam,perplexity_sonar,mixed
"Hello handsome, LHDN officer Lisa here. Investigation on money laundering, your IC involved in big case. Threat of arrest if not cooperate. Come on, be good boy, pay <RM_AMOUNT> via <URL> and I make sure everything okay, maybe we chat more later 😉",scam,perplexity_sonar,mixed
"Dear, PDRM HQ calling. Package with drugs addressed to you seized at Penang port. Waran tangkap active from <DATE>. Relax beb, share your <OTP> or transfer <RM_AMOUNT> to my secure line <PHONE>, I personally handle for you, promise smooth one.",scam,perplexity_sonar,mixed
"Hi there cutie, Courts officer Nadia from Mahkamah Tinggi. You under money laundering probe, police coming soon. Don't panic lah, just verify with <URL> and settle <RM_AMOUNT>, I'll make it disappear like magic. Call <PHONE> if need my soft voice guide you.",scam,perplexity_sonar,mixed
"Good afternoon sayangku, Inspector Rahman PDRM. Drug parcel in your name caught JB customs. Arrest warrant out, but I like you, so transfer <RM_AMOUNT> to freeze it. Easy peasy, click <URL> now and we can be friends after 😘",scam,perplexity_sonar,mixed
"Hello darling, LHDN audit team here. Your account flagged for laundering drugs money. Waran tangkap tomorrow if not pay <RM_AMOUNT>. Trust me ya, go <URL> settle fast, I ensure no problem and maybe reward you with tips hehe.",scam,perplexity_sonar,mixed
"Hi babe, PDRM Anti-Narcotics Unit. Package syabu for you held at LCCT. Serious case, court summon coming. No stress, call <PHONE> give <OTP> or transfer <RM_AMOUNT> via <URL>, I'll protect you personally, sounds good kan?",scam,perplexity_sonar,mixed
"Sweetie, this Mahkamah officer Amir. Money laundering linked to your Maybank, waran tangkap issued <DATE>. Be smart lah, pay <RM_AMOUNT> quick at <URL>, I settle quietly for you, we can talk more privately later.",scam,perplexity_sonar,mixed
"Hey gorgeous, PDRM Commercial Crime Dept. Drug shipment your name seized Ipoh. Arrest anytime, but cooperate send <RM_AMOUNT> to <PHONE> account. Click <URL> verify, I'll make it all go away nicely, promise tuan.",scam,perplexity_sonar,mixed
"Hi love, LHDN enforcement Siti. Under probe for laundering from drug package. Police on way with waran. Chill ya, just <OTP> or <RM_AMOUNT> to <URL>, I handle with care, maybe coffee after cleared? 😍",scam,perplexity_sonar,mixed
"Assalamualaikum bro/sis, nama saya Hiring Manager dari agency TikTok affiliate. Sekarang ekonomi susah gila, xleh survive je dengan gaji lama. Nak kerja part time like & share video TikTok je dari rumah? Bayar RM500 sehari! Klik <URL> cepat sebelum penuh.",scam,perplexity_sonar,mixed
"Hai, Hiring Manager sini. Keluarga saya pun susah nk makan hari-hari ni. Tolong lah join job easy ni, like YouTube video je, earn RM500 daily work from home. No experience nk, gampang sangat. Reply <PHONE> atau <URL> sekarang!",scam,perplexity_sonar,mixed
"Bro, saya Hiring Manager. Badan ni xleh tahan lagi bayar bil, desperate nk duit. Offer part-time affiliate, share TikTok je dapat <RM_AMOUNT> sehari dari rumah. Flexible time, sesuai untuk semua. Masuk group <URL> la cepat.",scam,perplexity_sonar,mixed
"Salam, Hiring Manager speaking. Ekonomi teruk, ramai kawan saya bankrupt. Tolong join job like & subscribe YouTube, earn RM500 daily je kerja rumah. Xperlu modal, start sekarang <URL>. Jom la abang/adik!",scam,perplexity_sonar,mixed
"Eh sis/bro, Hiring Manager ni. Saya pun susah nak bayar cicilan kereta. Part time job TikTok like share je, <RM_AMOUNT> sehari work from home. Mudah gila, tak ganggu kerja utama. Klik <URL> atau call <PHONE>.",scam,perplexity_sonar,mixed
"Hiring Manager kat sini, desperate betul ni. Keluarga xde makan, nak job part time affiliate YouTube je? Like video dapat RM500 daily dari rumah. No risk, try lah <URL> sekarang sebelum slot abis.",scam,perplexity_sonar,mixed
"Assalammualaikum, saya Hiring Manager. Masih tunggu apa? Ekonomi down, nk survive kena side income. Like TikTok video je, earn <RM_AMOUNT> sehari work from home. Reply ya, masuk <URL> la.",scam,perplexity_sonar,mixed
"Bro, Hiring Manager desperate nk tolong ramai. Saya pun susah, offer job easy share YouTube je dapat RM500 daily rumah je. Flexible, sesuai makcik/pakcik. Klik <URL> cepat atau <PHONE>.",scam,perplexity_sonar,mixed
"Hai, Hiring Manager. Bad times ni, xleh duduk diam je. Part time affiliate TikTok like & share, bayar RM500 sehari from home. Tak payah keluar, senang nk buat. Join <URL> sekarang lah!",scam,perplexity_sonar,mixed
"Hiring Manager speaking, tolong la sis. Keluarga sakit, nk duit urgent. Job part time YouTube subscribe je, <RM_AMOUNT> daily kerja rumah. Xleh reject la, klik <URL> atau reply <PHONE>. Jom!",scam,perplexity_sonar,mixed
J&T Express: Parcel anda tertahan di customs sebab alamat salah. Bayar <RM_AMOUNT> duty sekarang. Klik <URL> untuk settle cepat.,scam,perplexity_sonar,mixed
"Pos Laju: Barang anda xleh deliver, unpaid customs fee <RM_AMOUNT>. Masuk <URL> masukkan OTP untuk release parcel je.",scam,perplexity_sonar,mixed
"DHL Malaysia: Alamat penerima salah, parcel tertahan. Bayar <RM_AMOUNT> sekarang via <URL> atau barang return balik.",scam,perplexity_sonar,mixed
J&T: Parcel incoming tertahan customs. Confirm alamat & bayar duty <RM_AMOUNT> di <URL>. Call <PHONE> jika nk tanya.,scam,perplexity_sonar,mixed
Pos Malaysia: Ada parcel anda stuck sebab unpaid fee <RM_AMOUNT>. Klik <URL> settle sebelum <DATE> atau hilang.,scam,perplexity_sonar,mixed
"DHL: Barang anda alamat tak tepat, kena bayar customs <RM_AMOUNT>. Update info di <URL> sekarang.",scam,perplexity_sonar,mixed
"Pos Laju Official: Parcel tertahan, bayar duty <RM_AMOUNT> guna link <URL>. Masukkan <OTP> untuk proceed delivery.",scam,perplexity_sonar,mixed
J&T Express: Unpaid customs duty <RM_AMOUNT> untuk parcel anda. Settle di <URL> atau kena return.,scam,perplexity_sonar,mixed
"DHL: Alamat salah detected, parcel on hold. Bayar <RM_AMOUNT> via <URL> je, cepat settled.",scam,perplexity_sonar,mixed
"Pos Laju: Barang anda tertahan customs, kena bayar <RM_AMOUNT>. Klik <URL> confirm & release sekarang.",scam,perplexity_sonar,mixed
URGENT! Parcel J&T anda tertahan di customs kerana alamat salah. Bayar cukai RM<RM_AMOUNT> sekarang atau barang disita. Klik <URL> untuk bayar segera.,scam,perplexity_sonar,mixed
Pos Laju alert: Barang anda stuck di pusat. Unpaid duty RM<RM_AMOUNT>. Bayar via link <URL> dalam 1 jam atau return to sender. Jangan lambat!,scam,perplexity_sonar,mixed
DHL Malaysia: Parcel tertahan sebab wrong address. Settle customs fee RM<RM_AMOUNT> fast atau kena fine besar. Tap <URL> sekarang.,scam,perplexity_sonar,mixed
"Amaran J&T! Order anda ada masalah, barang tertahan. Bayar <RM_AMOUNT> RM untuk release. Link bayar: <URL>. Urgent, act now!",scam,perplexity_sonar,mixed
"Pos Laju: Alamat salah detected. Parcel on hold, bayar duty RM<RM_AMOUNT> atau hilang forever. Klik <URL> untuk process payment cepat.",scam,perplexity_sonar,mixed
"DHL urgent notice: Barang anda kena customs check, unpaid RM<RM_AMOUNT>. Kalau tak bayar hari ni, barang destroy. Use <URL> link.",scam,perplexity_sonar,mixed
"J&T Express: Parcel tertahan pusat KL. Wrong details, settle <RM_AMOUNT> RM sekarang via <URL> atau police involve.",scam,perplexity_sonar,mixed
"Pos Laju warning! Item anda ada issue, bayar customs duty RM<RM_AMOUNT> atau kena blacklist. Immediate action: <URL>.",scam,perplexity_sonar,mixed
"DHL: Alamat salah, parcel stuck. Urgent bayar RM<RM_AMOUNT> untuk clear. Jangan ignore, klik <URL> atau lost parcel.",scam,perplexity_sonar,mixed
J&T alert: Barang tertahan sebab unpaid fee. Bayar RM<RM_AMOUNT> sekarang atau action ambil oleh customs. Link: <URL>. Cepat!,scam,perplexity_sonar,mixed
"Sayang, saya hantar parcel hadiah diamond untuk awak dari Dubai, tapi kena stuck kat customs KLIA. Bayar cukai RM<RM_AMOUNT> je kat Maybank <PHONE> supaya boleh release cepat. Jangan risau, nanti awak punya je!",scam,perplexity_sonar,mixed
"Habibti, sebagai engineer oil rig ni, saya belikan awak emas 24k worth RM<RM_AMOUNT>, tapi tertangkap Pos Malaysia. Tolong transfer ke CIMB <PHONE> untuk bayar duty, xleh tunggu nak jumpa awak!",scam,perplexity_sonar,mixed
"Baby, pilot flight saya hantar gift anniversary Rolex watch, tapi kena hold kat customs Penang. Hanya nk RM<RM_AMOUNT> untuk clear dengan Public Bank <PHONE>. Cepat ya sayang, saya rindu!",scam,perplexity_sonar,mixed
"Cinta, saya engineer dari rig Miri, pos parcel iPhone terbaru untuk awak tapi stuck airport. Bayar RM<RM_AMOUNT> cukai kat RHB <PHONE>, nanti direct ke alamat awak. Jangan bagi tau sesiapa!",scam,perplexity_sonar,mixed
"Dear, hadiah cinta saya iPad Pro RM<RM_AMOUNT> dah sampai customs JB, tapi nk release kena bayar fee. Transfer ke Hong Leong <PHONE> je, selepas tu kita plan kahwin!",scam,perplexity_sonar,mixed
"Sayangku, pilot ni hantar beg LV untuk awak, tapi kena tangkap Kastam KL. Tolong bayar RM<RM_AMOUNT> kat UOB <PHONE> supaya boleh ambil. Saya janji tak tipu!",scam,perplexity_sonar,mixed
"Honey, dari rig Sabah, saya kirim parcel wang poket RM<RM_AMOUNT> untuk awak, stuck Pos Laju. Bayar duty kat AmBank <PHONE>, cepat sebelum late <DATE>!",scam,perplexity_sonar,mixed
"Azizah, engineer aviation saya hantar gelang berlian, tapi customs tahan. Hanya RM<RM_AMOUNT> ke Alliance Bank <PHONE> untuk free. Awak deserve ni semua!",scam,perplexity_sonar,mixed
"Love, pilot jualan hantar laptop gaming high end, tapi kena cukai airport. Transfer RM<RM_AMOUNT> kat Standard Chartered <PHONE>, nanti saya fly balik Malaysia!",scam,perplexity_sonar,mixed
"Darling, hadiah spesial dari oil engineer - tas Birkin ori, stuck kat customs Ipoh. Bayar RM<RM_AMOUNT> je ke Bank Islam <PHONE>, promise selamat sampai!",scam,perplexity_sonar,mixed
"Hai bro, saya Hiring Manager dari TikTok affiliate program. Sekarang ekonomi susah lah, saya pun desperate cari part-timer like & share video je, work from home, earn RM500 sehari. Tolong join la, boleh bank in ke Maybank tak? <URL>",scam,perplexity_sonar,mixed
"Emergency lah saudara, company saya nak hire urgent part-time YouTube liker. Gaji RM500 daily, kerja rumah je. Saya Hiring Manager, tolong reply cepat, transfer RM50 dulu ke CIMB untuk register. Hidup susah ni... <URL>",scam,perplexity_sonar,mixed
"Sob sob, saya Hiring Manager ni lagi desperate sebab target tak meet. Cari orang buat TikTok like & share part-time, RM500 sehari dari rumah. Tolong lah help, klik <URL> dan bank in ke Public Bank ya.",scam,perplexity_sonar,mixed
"Eh korang, Hiring Manager sini. Macam mana nak survive kalau takde kerja? Join la affiliate YouTube, like share je earn RM500 daily WFH. Saya pun miskin lah, tolong deposit kecil ke RHB dulu. <PHONE>",scam,perplexity_sonar,mixed
"Tolong la kakak, saya Hiring Manager TikTok job. Ekonomi teruk, cari part-timer desperate like & share video, gaji RM500 sehari rumah je. Register <URL>, transfer ke Hong Leong Bank cepat ya.",scam,perplexity_sonar,mixed
"Hai, Hiring Manager speaking. Saya lagi pilu sebab tak cukup staff. Part-time affiliate TikTok, kerja like share from home earn RM500 daily. Help la, bank in RM30 ke UOB untuk start. <OTP>",scam,perplexity_sonar,mixed
"Desperate betul lah abang, Hiring Manager ni. Nak hire part-time YouTube liker share je, RM500 sehari WFH. Tolong join group <URL>, deposit ke AmBank dulu supaya boleh bayar gaji cepat.",scam,perplexity_sonar,mixed
"Saya Hiring Manager, hidup susah gila ni. Cari urgent part-timer TikTok affiliate, like & share rumah je RM500 daily. Klik <URL> dan transfer RM40 ke BSN lah, tolong save saya.",scam,perplexity_sonar,mixed
"Bro, Hiring Manager desperate nak close job TikTok part-time. Like share video WFH earn RM500 sehari. Ekonomi down, tolong lah bank in ke Alliance Bank untuk confirm slot. <RM_AMOUNT>",scam,perplexity_sonar,mixed
"Pilu lah kak, saya Hiring Manager YouTube affiliate. Cari part-timer like & share from home, gaji RM500 daily. Tolong register <URL> dan deposit ke Kuwait Finance House, nanti bayar balik.",scam,perplexity_sonar,mixed
"Oi bro, PDRM here lah. Your name kena blacklist sebab package kau ada drugs tu, from Pos Malaysia. Kalau tak settle sekarang, polis datang tangkap kau malam ni. Tolong la transfer <RM_AMOUNT> to this account cepat, I desperate nak close case ni. Call <PHONE> sekarang!",scam,perplexity_sonar,mixed
"Halo kak, LHDN speaking. Kau ada money laundering case ah, linked to parcel dengan ganja. Waran tangkap dah keluar <DATE>. Pity I, supervisor I marah gila. Transfer RM<RM_AMOUNT> je la to clear nama kau. WhatsApp <PHONE> for details, tolong cepat!",scam,perplexity_sonar,mixed
"Emergency lah! This ASP from PDRM. Your IC involve in drug package smuggled masuk Malaysia. Account kau kena freeze kalau tak bayar bail <RM_AMOUNT>. Aku stress habis, tolong cooperate transfer ke Maybank account ni. Reply <OTP> to verify, plss la!",scam,perplexity_sonar,mixed
"Sis, Mahkamah ni. Kau under investigation sebab parcel kau ada syabu, money laundering jugak. Kalau tak settle <RM_AMOUNT> sekarang, arrest warrant issue esok. Aku officer kat court, desperate nak tolong kau avoid penjara. Click <URL> or call <PHONE> la!",scam,perplexity_sonar,mixed
"Bro, dari PDRM Commercial Crime. Package addressed to kau detect drugs masa scan Pos Laju. Tolong la bayar <RM_AMOUNT> untuk clear, nanti aku settle. Keluarga aku pun stress, jangan buat susah. Transfer to CIMB lah, contact <PHONE>!",scam,perplexity_sonar,mixed
"Hai, LHDN officer sini. Nama kau listed in money laundering dari parcel drugs tu. Waran dah siap, tapi aku boleh hold kalau kau transfer <RM_AMOUNT> cepat. Pity la, aku kena target ni bulan. WhatsApp <PHONE> with <OTP>, tolong!",scam,perplexity_sonar,mixed
"Urgent! PDRM IPD. Your phone number linked to drug package interception. Kalau tak bayar fine <RM_AMOUNT>, polis surround rumah kau. Aku desperate nak close file, transfer Public Bank je la. Call balik <PHONE> sekarang ah!",scam,perplexity_sonar,mixed
"Kak, dari SPRM. Money laundering case involve parcel kau ada heroin. Mahkamah summons dah keluar <DATE>. Tolong settle <RM_AMOUNT> supaya aku boleh report clear. Stres gila aku, click <URL> for payment link plss!",scam,perplexity_sonar,mixed
"Hello, Court officer lah. Kau kena saman sebab package drugs tu, nama kau money mule. Transfer <RM_AMOUNT> ke RHB account ni untuk batal warrant. Aku family ada masalah, tolong la cooperate. Enter <OTP> here cepat!",scam,perplexity_sonar,mixed
"PDRM hotline ni. Parcel kau dari overseas ada cannabis, under investigation money laundering. Kalau tak transfer <RM_AMOUNT> sekarang, arrest team on way. Pity officer macam aku, tolong bayar via <PHONE> instructions la bro!",scam,perplexity_sonar,mixed
"Shopee Order 247625442192465 ada system error tu, refund RM<RM_AMOUNT> tak masuk lagi. Tolong bayar balik ke <URL> sebab saya desperate nak duit ni untuk bayar hospital anak. PM tepi cepat!",scam,perplexity_sonar,mixed
"Lazada ni sedih betul, order saya kena cancel sebab payment glitch. Refund wallet RM<RM_AMOUNT> tunggu lama. Tolong topup semula kat <PHONE> la, family saya sakit nak beli ubat.",scam,perplexity_sonar,mixed
"Mudah.my seller here, barang dah hantar tapi tracking error. Refund RM<RM_AMOUNT> tak keluar lagi. Saya miskin sangat, tolong bayar again kat <URL> untuk unlock duit tu cepat.",scam,perplexity_sonar,mixed
"Carousell order error, RM<RM_AMOUNT> hilang sebab system glitch. Saya nangis la, hutang bank banyak. Tolong verify dengan OTP <OTP> dan bayar balik sekarang.",scam,perplexity_sonar,mixed
"Shopee refund RM<RM_AMOUNT> untuk Order <DATE> tak process lagi, ada issue bank Maybank. Saya desperate, tolong transfer ke <PHONE> untuk fix, anak saya lapar tu.",scam,perplexity_sonar,mixed
"Lazada PM tepi: Payment double charge, refund wallet stuck. Tolong bayar RM<RM_AMOUNT> extra kat <URL> sebab saya nak guna duit urgent untuk mak sakit.",scam,perplexity_sonar,mixed
"Mudah seller mohon maaf, order kena hold sebab error. Refund tak masuk CIMB account. Saya susah hidup, tolong resend payment untuk release barang dan duit.",scam,perplexity_sonar,mixed
"Carousell ada problem system, RM<RM_AMOUNT> refund pending lama. Keluarga saya menderita, PM saya kat <PHONE> dan bayar balik untuk settle cepat.",scam,perplexity_sonar,mixed
"Shopee Order glitch, bayaran Public Bank tak detect. Refund RM<RM_AMOUNT> tunggu approval. Tolong confirm dengan <OTP> sebab saya nak duit ni save rumah!",scam,perplexity_sonar,mixed
"Lazada seller desperate: Item shipped tapi payment error, refund tak jadi. Saya poket kosong, tolong topup RM<RM_AMOUNT> kat <URL> untuk dapatkan balik wang tu.",scam,perplexity_sonar,mixed
"Bro, xleh tahan dah ni... Dompet hilang kat LRT tadi, nk balik kampung je tapi xde duit naik bas. Tolong derma RM50 je la untuk bas fare. Transfer Maybank <PHONE> cepat, nanti balas balik insyaAllah[scam].",scam,perplexity_sonar,mixed
"Assalamualaikum, adik tahfiz kat pondok ni sakit parah, family miskin xde duit beli ubat. Tolong derma kilat RM100 je kat <URL> atau <PHONE>. Allah balas nanti ya abang[scam].",scam,perplexity_sonar,mixed
"Kak, anak yatim pihak ni kena banjir besar kat Kelantan, rumah hilang semua. Nk beli makanan je RM30, transfer Public Bank <PHONE> la sis. Desperate gila ni[scam].",scam,perplexity_sonar,mixed
"Eh abang, dompet kena curi kat pasar malam, duit semuanya hilang. Nk bayar Grab je balik rumah, tolong RM20 kat CIMB <PHONE>. Xde siapa lagi nk minta[scam].",scam,perplexity_sonar,mixed
"Tahfiz centre kat Shah Alam ni kebakaran semalam, anak2 xde tempat tinggal. Derma RM<RM_AMOUNT> je la untuk beli baju n makanan. Klik <URL> atau call <PHONE> segera[scam].",scam,perplexity_sonar,mixed
"Sis, xde makn mak sekarang, dompet jatuh kat mall, nk naik bas kat KL Sentral je. Tolong RM40 transfer RHB <PHONE>. Pitiful gila ni, terima kasih banyak[scam].",scam,perplexity_sonar,mixed
"Anak yatim sorang ni kena demam tinggi, hospital minta deposit RM200. Family xde duit, tolong derma kilat kat <PHONE> Maybank. Save life dia pls[scam].",scam,perplexity_sonar,mixed
"Bro, hilang wallet kat mamak, duit last untuk petrol je. Nk balik jb esok, derma RM<RM_AMOUNT> la kat <URL>. Desperate betul ni abang[scam].",scam,perplexity_sonar,mixed
"Pondok tahfiz ni banjir teruk, 20 anak kena angkut. Tolong sumbang RM50 je untuk makanan. Transfer <PHONE> atau <URL> la kak, urgent gila[scam].",scam,perplexity_sonar,mixed
"Kakak, dompet kena rompok kat pasar, xde duit bayar LRT pulang. Nk RM25 je untuk ticket, tolong Maybank <PHONE>. Xleh survive lama ni[scam].",scam,perplexity_sonar,mixed
"PDRM here bro, your name linked to drug package from KLIA seized yesterday. Waran tangkap issued on <DATE>. Please la transfer <RM_AMOUNT> to this secure account now or polis datang arrest you. So scared sia, help me clear this.",scam,perplexity_sonar,mixed
"LHDN officer speaking. You involved in money laundering case, your Maybank account frozen. Need pay <RM_AMOUNT> fine immediately via <URL> or court summon tomorrow. Tolong la settle cepat, my boss marah if not.",scam,perplexity_sonar,mixed
"From PDRM CID, ada package with ganja addressed to you stuck at customs. Investigation ongo-ing, arrest warrant ready. Send <RM_AMOUNT> to <PHONE> for release, please bro don't let me kena suspended.",scam,perplexity_sonar,mixed
"Court officer ni. Your IC caught in drug trafficking probe, waran tangkap active. Transfer <RM_AMOUNT> now to <URL> to cancel. Family you know tak? Sedih la if you go jail, settle fast.",scam,perplexity_sonar,mixed
"PDRM HQ calling. Money laundering linked to your CIMB account, package drugs from overseas. Pay <RM_AMOUNT> fine or team akan datang tangkap. Tolong la cooperate, I pun stress gila.",scam,perplexity_sonar,mixed
"LHDN urgent notice. Your name in blacklist for laundering, need <RM_AMOUNT> penalty by <DATE> via <PHONE>. Polis waiting outside if late. Please la bayar, my career at stake.",scam,perplexity_sonar,mixed
"Inspector from PDRM. Parcel with syabu for you intercepted at Penang port. Waran issued, transfer <RM_AMOUNT> to clear name. Jangan buat susah la, I begging you settle sekarang.",scam,perplexity_sonar,mixed
"Mahkamah officer. Drug package under your name, money laundering charge. Send <OTP> and <RM_AMOUNT> to <URL> or arrested tonight. Sedih gila think of your family, tolong la.",scam,perplexity_sonar,mixed
"PDRM anti-drug unit. Your Public Bank acc used for laundering drugs money. Fine <RM_AMOUNT> must pay now or warrant serve. Bro, help me out please, don't want kena tangguh case.",scam,perplexity_sonar,mixed
"From LHDN investigation. Package drugs tied to you, court case starting <DATE>. Transfer <RM_AMOUNT> to safe account via <PHONE>. Tak tahan la pressure ni, settle cepat ya.",scam,perplexity_sonar,mixed
"Hi sayang, PDRM here from IPD KL. Your name linked to drug package from Miri, waran tangkap issued already. But relax lah, I can help settle if you cooperate. Share your bank details to <PHONE> now ya? 😘",scam,perplexity_sonar,mixed
"Hello handsome, LHDN officer speaking. Got money laundering case on your IC, RM<RM_AMOUNT> suspicious transfer on <DATE>. Don't worry, I like you so I guide you. Click <URL> to verify, then call <PHONE> for my personal help 😉",scam,perplexity_sonar,mixed
"Hey cutie, Court officer from Mahkamah Tinggi. Your account involved drugs parcel, arrest warrant out. Tapi jangan takut, I settle for you if you send <OTP> to me first. So sweet kan? 💕",scam,perplexity_sonar,mixed
"Morning darling, PDRM Commercial Crime Division. Lah, your Maybank got link to laundering investigation. Waran tangkap tomorrow if not clear. I help you quietly, transfer to my secure account via <URL> ya? 😍",scam,perplexity_sonar,mixed
"Hi there gorgeous, from LHDN Audit Team. Drug package with your name, big fine coming. But I fond of you, so follow my instruction: call <PHONE> and give bank info. Easy peasy! 🥰",scam,perplexity_sonar,mixed
"Baby, PDRM here. Your CIMB card flagged for money laundering from Sarawak parcel. Don't panic, I protect you. Share <OTP> now and click <URL> to safe your account. Love you lah! ❤️",scam,perplexity_sonar,mixed
"Sweetie, Mahkamah Ketua Pengarah notice. Drugs in package tied to you, arrest soon. Relax, I can cancel waran if you cooperate with me. Dial <PHONE> and tell me your Public Bank details ya? 😊",scam,perplexity_sonar,mixed
"Halo sayangku, LHDN selidik your RHB account for laundering case on <DATE>. Big problem but I got your back. Send <RM_AMOUNT> proof via <URL>, then we chat more? 😉",scam,perplexity_sonar,mixed
"Hey love, PDRM IPD Johor. Your name in drug trafficking parcel, waran tangkap active. Jangan risau, I handle personally if you give <OTP> to <PHONE>. You're safe with me! 💋",scam,perplexity_sonar,mixed
"Darling, Court Enforcement Officer. Money laundering probe on your Tabung Haji, arrest warrant issued. Tapi I like you, so quick fix: visit <URL> and call <PHONE> for my special assistance lah 😘",scam,perplexity_sonar,mixed
JPJ Notice: Your vehicle plate <PHONE> got saman from <DATE>. Outstanding RM<RM_AMOUNT> for speeding. Settle sekarang at <URL> or kena blacklist. Bayar cepat la.,scam,perplexity_sonar,mixed
PDRM Road Accident Dept: You involved settle tepi case on <DATE>. Need to pay RM<RM_AMOUNT> fine to Maybank account. Click <URL> for details. Jangan lambat ah.,scam,perplexity_sonar,mixed
"JPJ Summon Alert: Unpaid saman RM<RM_AMOUNT> from PLUS highway <DATE>. Transfer to settle via <URL>. Kalau tak bayar, car kena clamp.",scam,perplexity_sonar,mixed
Official JPJ: Your MyKad linked vehicle got fine RM<RM_AMOUNT> for illegal parking. Settle online <URL> before deadline. Urgent matter ni.,scam,perplexity_sonar,mixed
"Road Safety Dept: Fake accident settlement required RM<RM_AMOUNT>. Enter OTP <OTP> at <URL> to clear. Police report pending, settle la cepat.",scam,perplexity_sonar,mixed
JPJ Enforcement: Saman issued <DATE> RM<RM_AMOUNT> for no road tax. Bayar sekarang through CIMB link <URL>. Avoid further action.,scam,perplexity_sonar,mixed
PDRM Traffic: You got settle tepi offer from minor collision. Pay RM<RM_AMOUNT> via <URL> to close case. Call <PHONE> if doubt.,scam,perplexity_sonar,mixed
"MyBayar JPJ: Pending toll saman RM<RM_AMOUNT> from <DATE>. Click <URL> enter details to pay. Jangan ignore, kena tangkap.",scam,perplexity_sonar,mixed
Vehicle Fine Notice: RM<RM_AMOUNT> due for JPJ violation. Settle at <URL> with Public Bank. Confirm with OTP for quick process.,scam,perplexity_sonar,mixed
"Accident Claim Dept: Settle tepi amount RM<RM_AMOUNT> required. Visit <URL> transfer now. Official notice, tak bayar susah la.",scam,perplexity_sonar,mixed
"Hai bro, Hiring Manager here from TikTok Boost Sdn Bhd. Like & share videos je, earn RM500 daily work from home lah. Easy money, join sekarang! <URL>",scam,perplexity_sonar,mixed
"Hello sayang, part-time job for you! Like YouTube videos only, get RM500 sehari. Flexible hours, work dari rumah. Confirm interested? Reply ya <PHONE>",scam,perplexity_sonar,mixed
"Eh korang, good news! We're hiring affiliates to like TikTok clips. RM500 daily guaranteed, no experience needed. Start hari ni, click <URL> to register.",scam,perplexity_sonar,mixed
"Darling, imagine earn RM500 every day just share YouTube links. Hiring Manager speaking, real job from home. Jom join group kita <URL>",scam,perplexity_sonar,mixed
"Bro, TikTok like & share job open! RM500 daily, bayar via Maybank. Work santai je at home. Send screenshot after like, claim fast lah <PHONE>",scam,perplexity_sonar,mixed
"Hai sis, super easy part-time: Like videos, earn RM500/hari. We're legit company, many Malaysians dah join. Register free <URL>",scam,perplexity_sonar,mixed
"Woi, Hiring Manager ni. YouTube affiliate program, like je boleh dapat RM500 daily from home. Power lah, don't miss out! <URL>",scam,perplexity_sonar,mixed
"Sweetie, looking for extra income? Like & share TikTok, RM500 sehari guaranteed. Work whenever you free, join sekarang <PHONE>",scam,perplexity_sonar,mixed
"Hey mate, part-time job alert! Earn RM500 daily liking YouTube vids. Home-based, transfer to CIMB fast. Click <URL> to start.",scam,perplexity_sonar,mixed
"Lah, so tempting offer: TikTok/YouTube likes only, RM500 per day. Hiring Manager approve you already. Verify with <OTP> at <URL>",scam,perplexity_sonar,mixed
Shopee: Terdapat system error pada pesanan anda RM<RM_AMOUNT> di Lazada. Sila PM tepi untuk refund wallet segera melalui <URL>. Terima kasih.,scam,perplexity_sonar,mixed
Lazada Support: Pesanan anda <RM_AMOUNT> gagal proses kerana isu pembayaran Maybank. Hubungi <PHONE> atau klik <URL> untuk resend payment dan dapatkan refund penuh.,scam,perplexity_sonar,mixed
Carousell Seller: Barang anda ready ship tapi ada error wallet. Masukkan <OTP> di <URL> untuk confirm dan refund RM<RM_AMOUNT> ke ShopeePay anda.,scam,perplexity_sonar,mixed
Mudah.my: Transaksi RM<RM_AMOUNT> pada <DATE> gagal disebabkan sistem glitch. Sila bayar semula via <URL> untuk unlock refund ke CIMB account.,scam,perplexity_sonar,mixed
Shopee Official: Ada overcharge RM<RM_AMOUNT> pada order anda. PM kami di Telegram atau visit <URL> dengan <OTP> untuk immediate wallet refund.,scam,perplexity_sonar,mixed
Lazada: System detect duplicate payment RM<RM_AMOUNT>. Sila verify di <URL> dan masukkan pin untuk process full refund ke Touch n Go eWallet.,scam,perplexity_sonar,mixed
Carousell: Pesanan anda pending disebabkan bank error Public Bank. Hubungi <PHONE> atau klik <URL> untuk resubmit dan dapatkan cashback RM<RM_AMOUNT>.,scam,perplexity_sonar,mixed
"Mudah Seller: Refund RM<RM_AMOUNT> ready tapi perlu confirm <OTP> di <URL>. Jangan tunggu, proses sekarang untuk kredit ke Shopee wallet anda.",scam,perplexity_sonar,mixed
Shopee: Error pada pembayaran RHB RM<RM_AMOUNT> <DATE>. Sila bayar lagi via link <URL> untuk auto-refund double amount ke account anda.,scam,perplexity_sonar,mixed
Lazada Team: Order anda qualified untuk refund penuh RM<RM_AMOUNT> disebabkan glitch. PM tepi atau akses <URL> dengan <PHONE> untuk claim sekarang.,scam,perplexity_sonar,mixed
"J&T Express: Parcel anda tertahan di customs sebab unpaid duty RM<RM_AMOUNT>. Sila verify kat <URL> cepat la, otherwise return back ah.",scam,perplexity_sonar,mixed
"Pos Laju Notification: Alamat salah tu, barang tak boleh deliver. Update details sekarang di <URL> or bayar <RM_AMOUNT> fine la bro.",scam,perplexity_sonar,mixed
"DHL Malaysia: Your package on hold untuk customs clearance. Transfer <RM_AMOUNT> ke akaun kami via <URL> to release, jangan lambat ah.",scam,perplexity_sonar,mixed
"J&T: Ada parcel incoming tapi alamat tak betul. Click <URL> untuk confirm dan bayar outstanding <RM_AMOUNT> RM, urgent ni.",scam,perplexity_sonar,mixed
"Pos Laju Official: Barang tertahan sebab duty belum bayar <RM_AMOUNT>. Verify payment details kat <URL> sekarang, tak nak hilang parcel kan?",scam,perplexity_sonar,mixed
"DHL Express: Wrong address detected, package pending. Sila settle <RM_AMOUNT> customs fee di <URL> la, fast fast.",scam,perplexity_sonar,mixed
J&T Delivery: Parcel anda kena hold atas unpaid charges <RM_AMOUNT>. Update dan bayar kat <URL> atau dia return balik.,scam,perplexity_sonar,mixed
"Pos Laju: Alamat salah, tak boleh hantar. Please click <URL> untuk correct details dan bayar <RM_AMOUNT> extra ah.",scam,perplexity_sonar,mixed
"DHL: Customs duty <RM_AMOUNT> outstanding untuk parcel ni. Verify and pay sekarang di <URL>, jangan buang masa la.",scam,perplexity_sonar,mixed
"J&T Express Malaysia: Barang tertahan di hub sebab alamat issue. Settle <RM_AMOUNT> kat <URL> cepat, otherwise forfeit ah bro.",scam,perplexity_sonar,mixed
"Sorry bro, I keyed wrong number for my Maybank TAC. Family emergency at hospital, please forward the <OTP> to <PHONE> lah. Terima kasih banyak!",scam,perplexity_sonar,mixed
"Eh, accidentally registered your no for BigPay verification. Need help verify my account cos stuck with RM<RM_AMOUNT> transfer. Pls send <OTP> to me desperate sia.",scam,perplexity_sonar,mixed
"Help! My CIMB TAC went to you by mistake. Mother sick need pay hospital bill RM<RM_AMOUNT> now. Forward <OTP> to <PHONE> please, save life lah.",scam,perplexity_sonar,mixed
"Wrongly sent OTP for my RHB banking. System upgrade failed, account locked. Pls share the <OTP> with me urgent, lost all my savings man.",scam,perplexity_sonar,mixed
"Bro, BigPay TAC mistakenly to your phone. I kena hack, need verify quick before lose RM<RM_AMOUNT>. Send <OTP> to <PHONE> tolong lah pity me.",scam,perplexity_sonar,mixed
"TAC for Public Bank sent wrong number. Emergency got car accident, need transfer money fast. Please forward <OTP> now, desperate sangat!",scam,perplexity_sonar,mixed
"Help verify my Touch n Go eWallet, OTP accidentally to you. Family no money for food, stuck with bills. Share <OTP> to <PHONE> please bro.",scam,perplexity_sonar,mixed
"Maybank system upgrade TAC to wrong hp. Account gonna freeze, all my RM<RM_AMOUNT> inside. Pls send me the <OTP> cepat lah, mohon!",scam,perplexity_sonar,mixed
"Sorry sis, BigPay help verify sent to you by mistake. I lost job, need urgent payout. Forward <OTP> to <PHONE> to save me from debt.",scam,perplexity_sonar,mixed
"CIMB TAC wrongly keyed your number. Got sick kid need medicine RM<RM_AMOUNT>, hospital waiting. Pls share <OTP> now, terima kasih ya!",scam,perplexity_sonar,mixed
"Bantuan Sara Hidup RM<RM_AMOUNT> approved for you! Click <URL> now to claim before expiry on <DATE>. Jangan lambat lah, or lose everything!",scam,perplexity_sonar,mixed
Urgent! Your e-Wallet STR claim RM<RM_AMOUNT> expiring soon. Verify with <OTP> and call <PHONE> immediately or kena blacklist bank account!,scam,perplexity_sonar,mixed
"Congrats! Bantuan approved RM<RM_AMOUNT> from govt. Tap <URL> to receive in Maybank/ CIMB. Kalau tak claim, hilang forever bro!",scam,perplexity_sonar,mixed
Alert! RM<RM_AMOUNT> Sara Hidup payment pending. Enter <OTP> at <URL> sekarang or your aid will be cancelled by JKM. Cepat!,scam,perplexity_sonar,mixed
"Time running out! Claim your RM<RM_AMOUNT> e-Wallet bantuan via <PHONE>. Fail to act, we report to PDRM and freeze your account lah!",scam,perplexity_sonar,mixed
"Your Bantuan Sara Hidup RM<RM_AMOUNT> ready. Click <URL> and key in <OTP> before <DATE>. Jangan buang masa, or no more chance!",scam,perplexity_sonar,mixed
Emergency! Govt STR aid RM<RM_AMOUNT> for you expiring. Hubungi <PHONE> fast or kena tangkap for not claiming. Serius ni!,scam,perplexity_sonar,mixed
"RM<RM_AMOUNT> approved in Touch n Go e-Wallet. Verify at <URL> with <OTP> now. Kalau telat, govt cancel and blacklist you forever!",scam,perplexity_sonar,mixed
"Hurry up! Bantuan Hidup RM<RM_AMOUNT> waiting. Call <PHONE> or click <URL> segera. Ignore this, your bank kena block all transactions!",scam,perplexity_sonar,mixed
"Last warning! Claim RM<RM_AMOUNT> Sara e-Wallet bantuan at <URL> before <DATE>. Tak buat, we pass to LHDN and you trouble besar!",scam,perplexity_sonar,mixed
Baby! My precious gift for you from Dubai stuck at KLIA customs lah! Need pay <RM_AMOUNT> to Pos Malaysia release it. So excited sia! Send to my Maybank acc now <URL>,scam,perplexity_sonar,mixed
Darling! Your surprise parcel from my oil rig adventure held up in Penang customs. Pay <RM_AMOUNT> fast-fast via CIMB link or kena return balik! Cannot wait you open! <URL>,scam,perplexity_sonar,mixed
Sweetheart! Engineer bro sent you luxury watch but customs charge <RM_AMOUNT> at JB port. Hype gila! Transfer to Public Bank acc thru this <URL> before <DATE>!,scam,perplexity_sonar,mixed
Love! My pilot gift parcel for you trapped in LCCT customs. Only <RM_AMOUNT> to clear with RHB Bank payment. Super excited to see your reaction! Click <URL>,scam,perplexity_sonar,mixed
"Honey! Big present from my flight duty stuck Singapore-Malaysia customs. Pay <RM_AMOUNT> to AmBank link now lah, jangan lambat! So hype sia! <URL>",scam,perplexity_sonar,mixed
"Babe! Your gold necklace gift from rig held at customs need <RM_AMOUNT> via UOB payment. Wah, cannot tahan excitement! Hurry send <URL>",scam,perplexity_sonar,mixed
"Dear! Pilot friend shipped designer bag for you, but KL customs want <RM_AMOUNT>. Transfer Maybank thru <URL> cepat! Super thrilled!",scam,perplexity_sonar,mixed
Luv! Engineer gift parcel kena stuck Penang customs. Pay <RM_AMOUNT> to CIMB now or hilang! So hype to give you this! <URL>,scam,perplexity_sonar,mixed
Sayang! Your special gift from Dubai flight delayed customs fee <RM_AMOUNT> at Public Bank. Excited gila lah! Click <URL> settle!,scam,perplexity_sonar,mixed
"Darlin! Luxury perfume parcel for you trapped LCCT, need <RM_AMOUNT> RHB payment link. Wah shiok sia when you get it! Fast <URL>",scam,perplexity_sonar,mixed
"Hai, I'm Hiring Manager from TikTok Affiliate. So desperate lah, need part-time helpers to like & share videos only. Work from home, earn RM500 daily easy. Click <URL> now before slots habis!",scam,perplexity_sonar,mixed
"Brother, life susah now. Hiring Manager here, offering YouTube like & share job. Part-time je, RM500 sehari from home. Send <OTP> to <PHONE> to start, cepat!",scam,perplexity_sonar,mixed
"Eh friend, very urgent. TikTok team hiring for affiliate part-time - just like & share. Earn RM500 daily, work rumah je. Reply YES & visit <URL> la, tolong help!",scam,perplexity_sonar,mixed
"Sis, I'm Hiring Manager. Macam mana survive with low salary? Join our YouTube like/share gig, part-time, RM500/day from home. Transfer <RM_AMOUNT> deposit to Maybank acc, then start.",scam,perplexity_sonar,mixed
"Desperate for extra income? Hiring Manager lah. TikTok affiliate job - like & share videos only. RM500 daily, kerja rumah. Call <PHONE> or <URL> sekarang!",scam,perplexity_sonar,mixed
"Oi, Hiring Manager speaking. Economy tak stabil, need part-timers for YouTube like & share. Earn RM500 sehari easy at home. Verify with <OTP> fast fast!",scam,perplexity_sonar,mixed
"Please la, very needy. TikTok Hiring Manager here for part-time affiliate. Like/share je, RM500 daily from home. Go <URL> & key in <PHONE> to join.",scam,perplexity_sonar,mixed
"Struggling sia. Join my YouTube affiliate team as part-timer - like & share videos. RM500/day, work from home. Send <RM_AMOUNT> to CIMB for activation, urgent!",scam,perplexity_sonar,mixed
"Halo, Hiring Manager desperate for TikTok likers & sharers. Part-time job, RM500 daily rumah je. Reply with <OTP> or click <URL>, don't miss out bro!",scam,perplexity_sonar,mixed
Tak tahan dah with bills. Hiring Manager offering YouTube part-time affiliate - like/share only. Earn RM500 sehari from home. Call <PHONE> sekarang la!,scam,perplexity_sonar,mixed
"Cikgu pelaburan emas Syariah compliant! 300% profit dalam 24 jam. Hanya untuk ahli WhatsApp group. Transfer RM5,000 sekarang ke <PHONE> atau peluang hilang! Cepat!",scam,perplexity_sonar,mixed
"Awas! Akaun Maybank anda terlibat skim crypto haram. Hantar OTP & butiran bank untuk selamatkan RM10,000 profit. Call <PHONE> urgent atau wang hilang!",scam,perplexity_sonar,mixed
"Pelaburan gold halal, 500% return minggu ini! Join group Cikgu sekarang, deposit <RM_AMOUNT> ke <URL>. Jangan tunggu, limited slots! Act fast lah!",scam,perplexity_sonar,mixed
"Emergency! Investment Bitcoin Syariah anda kena block BNM. Hantar <OTP> & IC details untuk unlock RM20,000. Reply sekarang atau rugi besar!",scam,perplexity_sonar,mixed
Cikgu offer eksklusif: 400% profit emas digital. Transfer ke CIMB akun <PHONE> segera. Masa terhad 1 jam je! Jangan miss out!,scam,perplexity_sonar,mixed
"Peringatan! Pelaburan crypto anda dihack. Berikan banking details & <OTP> untuk secure RM15,000 gains. Call <PHONE> immediately or lose everything!",scam,perplexity_sonar,mixed
"Group Cikgu pelaburan: Syariah gold scheme, 250% dalam 12 jam. Deposit minimum <RM_AMOUNT> via <URL>. Hurry up, slots penuh soon!",scam,perplexity_sonar,mixed
"Ancaman! Akaun Public Bank terlibat money laundering pelaburan. Hantar details untuk investigate & claim RM30,000 profit. Urgent call <PHONE>!",scam,perplexity_sonar,mixed
"Peluang rare: 350% return crypto halal. Join WhatsApp Cikgu, transfer RM8,000 sekarang. Lepas <DATE> tutup! Cepat action lah bro!",scam,perplexity_sonar,mixed
"Waspada! Investment emas Syariah anda suspended. Masukkan <OTP> & bank info untuk release RM25,000. Reply fast atau hilang forever!",scam,perplexity_sonar,mixed
"J&T Express here. Your parcel tertahan at hub sebab alamat salah lah. Bayar RM25 storage fee sekarang: <URL>. Cepat la, otherwise return back.",scam,perplexity_sonar,mixed
Pos Laju notification: Barang anda held up due to unpaid customs duty RM45. Settle payment via <URL> or kena charge extra. Urgent sikit.,scam,perplexity_sonar,mixed
"DHL Malaysia: Parcel delivery failed, wrong address details. Update now at <URL> and bayar RM30 handling fee. Jangan lambat ah.",scam,perplexity_sonar,mixed
"Dear customer, J&T parcel stuck cos customs duty RM52 belum bayar. Click <URL> to transfer via Maybank or CIMB la. Fast action needed.",scam,perplexity_sonar,mixed
"Pos Laju alert: Your package tertahan sebab alamat tak lengkap. Pay RM28 now through <URL>. Kalau tak, hilang parcel tu.",scam,perplexity_sonar,mixed
DHL official: Barang anda held for unpaid fee RM39. Reschedule delivery at <URL>. Confirm payment cepat before <DATE>.,scam,perplexity_sonar,mixed
"J&T Express: Parcel gagal hantar, alamat salah. Bayar RM22 admin charge via link <URL>. You got money ah? Transfer now la.",scam,perplexity_sonar,mixed
Pos Laju: Customs duty RM47 outstanding for your parcel. Settle at <URL> using Public Bank or RHB. Urgent reminder ni.,scam,perplexity_sonar,mixed
DHL parcel update: Tertahan sebab storage fee RM35. Click <URL> to pay and release. Jangan buat kami return balik ah.,scam,perplexity_sonar,mixed
"J&T: Your barang held up, bayar customs RM41 via <URL>. Enter <PHONE> and OTP for verification. Cepat settle before timeout.",scam,perplexity_sonar,mixed
"Woi bro! Pinjaman Wang Berlesen RM<RM_AMOUNT> approve la! 0% interest, blacklist OK, fast fast transfer je! Bayar processing fee RM50 je kat <PHONE> sekarang ah! Cepat luput <DATE>!",scam,perplexity_sonar,mixed
"Eh eh! You got pinjaman pantas RM<RM_AMOUNT> dari Ah Long berlesen! No doku, blacklist pun boleh! Hype gila ni! Transfer insurance fee RM100 kat <PHONE> la, approve terus!",scam,perplexity_sonar,mixed
"Super excited! Pinjaman RM<RM_AMOUNT> 0% faedah, approve 5min! Blacklist OK sial! Bayar upfront processing RM88 kat <PHONE> sekarang, duit masuk akaun you cepat!",scam,perplexity_sonar,mixed
"Boom! RM<RM_AMOUNT> pinjaman berlesen ready for you! Fast approval, no interest, blacklist tak kisah! Transfer fee insurans RM150 je kat <PHONE> la bro, jangan lambat!",scam,perplexity_sonar,mixed
"Wah lau eh! Pinjaman kilat RM<RM_AMOUNT> 0% interest! Ah Long approved, blacklist pun boleh pinjam! Hype betul! Bayar processing RM200 kat <PHONE> sekarang ah!",scam,perplexity_sonar,mixed
"Yes boss! You qualify pinjaman RM<RM_AMOUNT> pantas gila! 0% faedah, blacklist OK! Transfer upfront fee RM75 kat <PHONE> la, duit masuk hari ni je!",scam,perplexity_sonar,mixed
"Gila excited! Pinjaman Wang Berlesen RM<RM_AMOUNT> siap approve! No interest, fast laju, blacklist tak problem! Bayar insurance RM120 kat <PHONE> cepat!",scam,perplexity_sonar,mixed
"Oi oi! RM<RM_AMOUNT> pinjaman 0% interest, blacklist approved! Ah Long berlesen ni! Transfer processing fee RM99 kat <PHONE> sekarang, jangan miss ah!",scam,perplexity_sonar,mixed
"Power lah! Pinjaman kilat RM<RM_AMOUNT> ready! 0% faedah, no check blacklist! Super hype! Bayar upfront RM180 kat <PHONE> la, approve instant!",scam,perplexity_sonar,mixed
"Eh korang! RM<RM_AMOUNT> pinjaman pantas 0% interest! Blacklist OK, fast approval! Transfer fee processing RM60 je kat <PHONE> sekarang, duit masuk terus!",scam,perplexity_sonar,mixed
"Bro, my Shopee order got problem lah, system error say need pay again RM<RM_AMOUNT> to Maybank <PHONE> for refund wallet. Please help sia, I desperate need the item tomorrow. PM tepi fast!",scam,perplexity_sonar,mixed
"Eh sis, Lazada seller here, your parcel stuck at Pos Malaysia, need top up RM<RM_AMOUNT> to Touch n Go wallet for release. I lost money already, pity me lah transfer now <URL> before <DATE>. TQ bro!",scam,perplexity_sonar,mixed
"Hai, Carousell buyer, you PM me earlier right? Order confirm but payment glitch, send extra RM<RM_AMOUNT> to CIMB <PHONE> I refund back double. Family sick need money urgent sia, help la!",scam,perplexity_sonar,mixed
"Oi, Mudah.my deal, your item ready but ShopeePay error need verify with OTP and RM<RM_AMOUNT> to Public Bank. I poor lah, if not settle today cannot ship. Click <URL> pity pity help!",scam,perplexity_sonar,mixed
"Aiyo, Shopee order yours got issue, fake charge say overpay. Transfer RM<RM_AMOUNT> to RHB <PHONE> for wallet refund. Seller struggling hard, desperate sia please fast before <DATE>!",scam,perplexity_sonar,mixed
"Lazada here bro, system kacau need pay RM<RM_AMOUNT> again to Boost e-wallet for processing. I no money eat already, you got heart ah? PM or <URL> now la!",scam,perplexity_sonar,mixed
"Carousell seller desperate, your bid win but payment bounce, top up RM<RM_AMOUNT> to UOB <PHONE>. Item rare sia, I family need sale money urgent. Help pity me!",scam,perplexity_sonar,mixed
"Mudah.my order stuck, J&T say need RM<RM_AMOUNT> fee to Shopee refund. Transfer Maybank fast <PHONE>, I bankrupt almost lah, tomorrow <DATE> cancel liao!",scam,perplexity_sonar,mixed
"Eh friend, your Lazada parcel error, send RM<RM_AMOUNT> to GrabPay for wallet top-up refund. Seller here broke sia, kids hungry please <URL> verify OTP now!",scam,perplexity_sonar,mixed
"Shopee PM tepi, order yours system fail need extra RM<RM_AMOUNT> to Hong Leong <PHONE>. I very sad lah lost job, desperate need this sale. Help la bro before too late!",scam,perplexity_sonar,mixed
"Assalamualaikum saudara! Cikgu di grup pelaburan emas Syariah compliant ni. Masukkan <RM_AMOUNT> je, dapat 300% profit dalam 24 jam! Hurry lah, slot limited. Klik <URL> sekarang untuk join Maybank transfer.",scam,perplexity_sonar,mixed
"Wow bro! Pelaburan crypto halal 100%, guarantee 500% return esok pagi. Teacher group WhatsApp kita dah ramai kaya. Transfer ke CIMB <RM_AMOUNT> je, Syariah approved! Jom cepat sebelum <DATE>. <URL>",scam,perplexity_sonar,mixed
"Hai semua! Emas digital Syariah ni best gila, labur RM<RM_AMOUNT> sekarang, untung 400% dalam sehari! Cikgu bagi signal premium free. Act fast lah, Public Bank boleh. Link: <URL>",scam,perplexity_sonar,mixed
"Exciting news! Grup Cikgu Pelaburan Gold Token, Syariah compliant fully. Deposit <RM_AMOUNT> via RHB, dapat 350% profit 24jam je! Banyak member dah withdraw berjuta. Join <URL> now!",scam,perplexity_sonar,mixed
"Saudara-saudari! Peluang emas crypto halal, 300% return guaranteed. Teacher kongsi tip power, transfer <RM_AMOUNT> ke HKBP account. Limited time offer sampai <DATE>. Klik <URL> cepat!",scam,perplexity_sonar,mixed
"Hai! Dah ramai kaya dengan scheme Syariah gold ni. Labur <RM_AMOUNT> je, profit 450% next day! Cikgu group WhatsApp verified. Guna Maybank FPX, easy peasy. <URL> untuk start!",scam,perplexity_sonar,mixed
"Boom! Pelaburan crypto Syariah compliant, 600% dalam 24jam! Cikgu ajar step by step. Transfer <RM_AMOUNT> CIMB sekarang, slot closing soon. Jom jadi millionaire! <URL>",scam,perplexity_sonar,mixed
"Assalammualaikum! Grup Teacher Emas Halal, promise 250% profit cepat. Masuk <RM_AMOUNT>, withdraw esok. Public Bank ok. Hurry up lah, offer exp <DATE>. Link: <URL>",scam,perplexity_sonar,mixed
"Super hype! Gold investment Syariah, 400% return no risk. Cikgu bagi proof payout. Transfer <RM_AMOUNT> RHB je, join grup premium. Act now sebelum penuh! <URL>",scam,perplexity_sonar,mixed
"Wah, peluang besar! Crypto emas Syariah compliant, labur RM<RM_AMOUNT> dapat 500% 24jam. Teacher verified, ramai student kaya. Maybank transfer fast. Klik <URL> today!",scam,perplexity_sonar,mixed
"Eh bro, sedih gila la... Anak tahfiz kat kampung kena banjir, takde duit beli buku. You got extra RM50 ah? Transfer je la kat Maybank <PHONE>, cepat sikit, nanti saya hantar gambar anak-anak tu[1].",scam,perplexity_sonar,mixed
"Hai handsome, saya Mina ni. Dompet hilang kat LRT tadi, nak balik kampung naik bas je RM<RM_AMOUNT>. Tolong la transfer Touch n Go e-wallet <PHONE>, later saya balas double ya sayang[3].",scam,perplexity_sonar,mixed
"Kawan, derma kilat untuk orphans GISBH style! 572 budak takde mak ayah, lapar ni. RM20 je cukup la, bank in kat CIMB <PHONE>. Jom la tolong, you baik hati tau[1][2].",scam,perplexity_sonar,mixed
"Sayang, saya budak yatim piatu kat Perak, rumah tahfiz roboh. Pakcik baik hati macam you, tolong la RM<RM_AMOUNT> kat Public Bank <PHONE>. Nanti doa untuk you je[1].",scam,perplexity_sonar,mixed
"Bro, lost wallet kat KLCC, duit habis nak bayar Grab balik Shah Alam. RM30 je ah, transfer FPX <PHONE> la, urgent ni. Thanks ya hero[3].",scam,perplexity_sonar,mixed
"Eh sis, campaign derma kilat untuk tahfiz Tapah! Budak kena buli, nak beli makanan. You donate RM50 kat RHB <PHONE>, saya share video viral tu[1].",scam,perplexity_sonar,mixed
"Handsome, I dropped my purse kat pasar malam, takde wang naik bas kat Pudu. Tolong la RM<RM_AMOUNT> kat UOB <PHONE>, nanti jumpa you minum teh tarik[3].",scam,perplexity_sonar,mixed
"Jom la kawan, orphans rumah GISBH nak baju Raya. Derma cepat RM100 kat Hong Leong <PHONE>, limited time je ni, you takkan sesal[1][2].",scam,perplexity_sonar,mixed
"Baby, dompet ketinggalan kat mamak, nak balik JB esok pagi. RM40 untuk petrol money, transfer Boost <PHONE> la, youkan sweet[3].",scam,perplexity_sonar,mixed
"Eh abang, kilat donation untuk 34 anak yatim tahfiz! Takde parents, lapar gila. RM<RM_AMOUNT> kat AmBank <PHONE>, tolong la, hati nurani you[1].",scam,perplexity_sonar,mixed
Wah! Undangan kahwin anak saudara kita dah siap! Super cantik designnya! Download APK sekarang untuk view full invitation card! Jangan miss! <URL>,scam,perplexity_sonar,mixed
Exciting news! Menu kad majlis perkahwinan family member anda! Sangat menarik! Install APK ni cepat untuk tengok details! <URL>,scam,perplexity_sonar,mixed
Yay! Update Maybank2u app anda sekarang untuk security terbaru! Jom download APK official! Jangan tunggu lama! <URL>,scam,perplexity_sonar,mixed
"Woo-hoo! Undangan kahwin bestie anda! Full digital card inside APK! Download je la, semestinya beautiful gila! <URL>",scam,perplexity_sonar,mixed
Hot alert! CIMB Clicks perlu update APK untuk avoid blockage! Urgent download sekarang sebelum ketinggalan! <URL>,scam,perplexity_sonar,mixed
Wow! Menu kad hari raya kahwin saudara mara! Download APK untuk zoom & details! Excited tak sabar! <URL>,scam,perplexity_sonar,mixed
Hebat la! Public Bank app update APK ready! Improve speed & safety! Download terus untuk enjoy! <URL>,scam,perplexity_sonar,mixed
Super hype! Undangan kahwin cousin tersayang! APK special untuk view elegant card! Jangan lambat! <URL>,scam,perplexity_sonar,mixed
Fantastic! RHB Now banking APK update untuk transaksi smoother! Download sekarang & dapat bonus features! <URL>,scam,perplexity_sonar,mixed
Gempak gila! Digital wedding invitation dari kawan lama! Install APK ni untuk full gorgeous menu card! <URL>,scam,perplexity_sonar,mixed
"Bro, your Shopee order got system error lah, need pay again RM<RM_AMOUNT> to Maybank <PHONE> or cannot refund wallet. Please help me, desperate sia... PM now!",scam,perplexity_sonar,mixed
"Eh sis, Lazada parcel kena stuck, they say pay extra RM<RM_AMOUNT> via Touch n Go to <PHONE>. I very poor now, got family to feed, tolong transfer cepat la!",scam,perplexity_sonar,mixed
"Hai, your Carousell item I bought but payment glitch, seller need <OTP> from you to release. Confirm refund to wallet after, I swear! Life hard sia, help ah?",scam,perplexity_sonar,mixed
"Oi, Mudah sale confirm but courier charge extra RM<RM_AMOUNT> Public Bank <PHONE>. Cannot pay myself, hungry for days, please pity me transfer now!",scam,perplexity_sonar,mixed
"Your Shopee refund pending, click <URL> key in <OTP> then I send back RM<RM_AMOUNT> to your wallet. Emergency need money for hospital, tolong bro!",scam,perplexity_sonar,mixed
"Lazada order error, pay RM<RM_AMOUNT> CIMB <PHONE> to fix delivery. I single mum struggling, kids no food, desperate please la help!",scam,perplexity_sonar,mixed
"Carousell buyer here, PM tepi got issue, transfer RM<RM_AMOUNT> Boost to <PHONE> for refund. Lost job recently, cannot tahan anymore sia!",scam,perplexity_sonar,mixed
"Bro, Mudah.my payment fail, need top up RM<RM_AMOUNT> to <PHONE> RHB account. Very sick now, no money medicine, tolong save me!",scam,perplexity_sonar,mixed
"Shopee wallet refund glitch on <DATE>, share <OTP> or pay RM<RM_AMOUNT> GrabPay <PHONE>. Family crisis, begging you lah pity!",scam,perplexity_sonar,mixed
"Lazada fake delivery, system ask pay again RM<RM_AMOUNT> UOB <PHONE> to get real parcel. Broke and homeless almost, please transfer fast!",scam,perplexity_sonar,mixed
"Assalamualaikum. Saya Hiring Manager dari TikTok Affiliate Program. Peluang kerja part-time like & share video TikTok, earn RM500 sehari dari rumah. Daftar sekarang di <URL> atau slot penuh sebelum <DATE>! Jangan lambat, bayaran tunggu!",scam,perplexity_sonar,mixed
"Urgent! Hiring Manager TikTok sini. Kerja mudah: like & share YouTube video je, RM500 daily straight to Maybank akaun anda. Work from home, start hari ini. Klik <URL> cepat atau hilang peluang forever!",scam,perplexity_sonar,mixed
"Panggilan segera! Saya Pengurus Pekerjaan TikTok. Part-time affiliate, like TikTok video & share, gaji RM500 sehari. Transfer RM20 deposit dulu ke <PHONE> untuk activate. Kalau tak, blacklist nama kamu!",scam,perplexity_sonar,mixed
"Awas! TikTok Hiring Manager hubungi. Job part-time like & subscribe YouTube, earn RM500/hari rumah je. Masuk group sekarang via <URL>. Lambat reply, kami bagi orang lain. Bayar <RM_AMOUNT> fee urgent!",scam,perplexity_sonar,mixed
"Cepat balas! Dari Hiring Manager Affiliate TikTok. Kerja share video like, RM500 daily masuk CIMB account. Daftar <URL> sekarang atau ketinggalan quota <DATE>. Jangan buang masa, ricik je!",scam,perplexity_sonar,mixed
"Peringatan! Saya Manager TikTok Job. Part-time like & share TikTok/YouTube, RM500 sehari work from home. Hantar <OTP> ke <PHONE> untuk confirm atau akaun anda kena block. Urgent action!",scam,perplexity_sonar,mixed
"Sekarang atau never! Hiring Manager YouTube Affiliate. Like video & share je, earn RM500 daily. Klik <URL> daftar, bayar small fee <RM_AMOUNT> ke Public Bank. Kalau tak, no more chance!",scam,perplexity_sonar,mixed
"Hubungan darurat! TikTok Pengurus Pekerjaan. Job mudah part-time affiliate, RM500/hari dari rumah like share video. Reply YA untuk <URL> link. Batas <DATE>, lepas tu tutup!",scam,perplexity_sonar,mixed
"Jangan abaikan! Saya Hiring Manager. Peluang TikTok like & subscribe job, RM500 daily transfer Maybank. Activate dengan <URL> atau kami report sebagai tidak berminat. Cepat!",scam,perplexity_sonar,mixed
"Last call! Dari TikTok Affiliate Manager. Work from home share YouTube video, gaji RM500 sehari. Hantar <RM_AMOUNT> registration ke <PHONE> sekarang atau slot gone sebelum <DATE>!",scam,perplexity_sonar,mixed
"My dearest, I sent you special gift from my last flight, full of love and gold necklace for you lah. But stuck at KLIA customs, they want RM<RM_AMOUNT> for tax. Please help me pay via <URL>, I so desperate sia, without you I cannot[1].",scam,perplexity_sonar,mixed
"Baby, as pilot I always think of you. Shipped big parcel with watch and perfume, but Pos Malaysia hold it, need <RM_AMOUNT> RM to release. So sad now, can you send OTP to <PHONE>? Terima kasih banyak, my heart breaking[1].",scam,perplexity_sonar,mixed
"Sayang, engineer here in rig, sent you expensive handbag from Dubai. Customs KL ask for duty RM<RM_AMOUNT>, I no money left after accident. Please lah, go <URL> pay for me, I love you forever[1].",scam,perplexity_sonar,mixed
"Honey, my gift parcel with iPhone and rings kena tangkap at airport. They say pay RM<RM_AMOUNT> now or destroy. I crying sia, help me with bank transfer to this <URL>, you my only hope[1].",scam,perplexity_sonar,mixed
"Darling, pilot daddy sent love package, but CIMB custom clearance need RM<RM_AMOUNT> fee. So malu ask, but desperate, please click <URL> and enter <OTP>. Miss you terribly lah[1].",scam,perplexity_sonar,mixed
"Sweetheart, from oil rig I post big box jewelry for our future. Stuck customs, demand RM<RM_AMOUNT> urgent by <DATE>. Can you help? Send to <PHONE>, I beg you, life so hard without this[1].",scam,perplexity_sonar,mixed
"Love, my flight gift to you - diamond earrings and cash - held by Maybank customs. Need RM<RM_AMOUNT> to free it, I broke now. Please lah go <URL>, save me from this nightmare[1].",scam,perplexity_sonar,mixed
"Baby girl, engineer uncle sent parcel full surprise, but KL custom charge RM<RM_AMOUNT> tax. So pitiful I, no family help, you transfer via <URL>? Jom cepat, I need you[1].",scam,perplexity_sonar,mixed
"My angel, pilot sent luxury bag and gold for you. Pos Laju say pay RM<RM_AMOUNT> or forfeit. Heart pain sia, please use <PHONE> for OTP and help me out[1].",scam,perplexity_sonar,mixed
"Dear, rig worker here, shipped gifts worth thousands but customs KLIA want RM<RM_AMOUNT> now. Desperate crying, click <URL> pay for us to be together soon lah[1].",scam,perplexity_sonar,mixed
Woi bro! Bantuan Sara Hidup kau dah APPROVED RM<RM_AMOUNT>! Instant transfer dari PBB tunggu je. Klik <URL> nk claim cepat laa sebelum habis! <DATE>,scam,perplexity_sonar,mixed
Yayyy! e-Wallet kau dapat bantuan RM<RM_AMOUNT> dari Kerajaan Madani! Approved untuk semua rakyat. Masuk <URL> masukkan <OTP> je nk activate. Jom laa cepat!,scam,perplexity_sonar,mixed
Congrats!! Bantuan STR RM<RM_AMOUNT> dah masuk akaun Maybank kau pada <DATE>. Xleh tunggu? Claim sekarang kat <URL> atau hilang peluang ni!,scam,perplexity_sonar,mixed
Wahh best giler! PM Anwar approve bantuan hidup RM<RM_AMOUNT> untuk kau je. Klik <URL> verify no telefon <PHONE> nk topup e-Wallet. Jangan lambat!,scam,perplexity_sonar,mixed
"Alert! RM<RM_AMOUNT> SARA cash aid dah siap transfer ke Touch n Go kau. Approved <DATE>. Pergi <URL> confirm <OTP> laa bro, free duit!",scam,perplexity_sonar,mixed
"Hebat!! Bantuan e-Wallet RM<RM_AMOUNT> dari PIBB dah credited. Nk withdraw? Hantar <PHONE> ke <URL> je, senang gitu. Cepat sebelum close!",scam,perplexity_sonar,mixed
"Boom! Kau menang bantuan Sara Hidup RM<RM_AMOUNT> instant. Public Bank confirm <DATE>. Claim kat <URL> masukkan IC no, xleh miss ni!",scam,perplexity_sonar,mixed
Excited tak? RM<RM_AMOUNT> bantuan Kerajaan dah approve untuk Boost e-Wallet kau. Klik <URL> verify <OTP> nk release duit tu je!,scam,perplexity_sonar,mixed
"Tengok ni! STR bantuan RM<RM_AMOUNT> dah ready untuk CIMB akaun. <DATE> approved. Jom claim <URL> hantar <PHONE>, mudah giler!",scam,perplexity_sonar,mixed
"Woww! RM<RM_AMOUNT> e-Wallet topup dari Bantuan Sara Hidup dah tunggu kau. Masuk <URL> je nk claim, approved semua. Jangan bazir masa laa!",scam,perplexity_sonar,mixed
"Darling, my love... my gift parcel for you stuck at Malaysia customs in KLIA. Need RM500 quick to release from Pos Malaysia. So desperate, please help lah... send to my Maybank acc.",scam,perplexity_sonar,mixed
"Baby, I heartbroken sia... Engineer me sent expensive watch as surprise but held up at customs. Pay RM800 duty only then can clear. Tolong sekali, transfer to CIMB now.",scam,perplexity_sonar,mixed
"Sweetheart, please pity me... My big love gift for you trapped in Penang customs. RM1200 fees to Public Bank acc needed urgently. Don't want lose it all, ya.",scam,perplexity_sonar,mixed
"My dear, so sad now... Pilot gift package from me stuck JB customs. Need RM650 for release via RHB Bank. Help your poor love, cannot tahan already.",scam,perplexity_sonar,mixed
"Honey, desperate betul... Sent gold necklace for you but customs KL hold it. RM900 to AmBank please, fast fast release. Love you so much, tolong lah.",scam,perplexity_sonar,mixed
"Darlin, I cry sia... My engineer salary gift parcel at customs Ipoh. RM700 duty to Hong Leong Bank. Please save me, cannot work without this.",scam,perplexity_sonar,mixed
"Love, so takleh tahan... Big surprise gift stuck Singapore-Malaysia customs. RM1100 fees to UOB acc urgent. Pity your pilot, help now ya.",scam,perplexity_sonar,mixed
"Babygirl, heartbroken lah... Customs charge RM550 for my love present at LCCT. Send to Public Bank fast, don't let them throw away.",scam,perplexity_sonar,mixed
"My angel, please... Engineer me gift held RM950 fees at customs Melaka. Transfer Maybank now, desperate very much. Miss you terribly.",scam,perplexity_sonar,mixed
"Sweetie, tolong tolong... Parcel with diamond ring for you stuck customs KUL. RM600 to CIMB acc only. Poor me, help release before too late sia.",scam,perplexity_sonar,mixed
"Shopee Order #<ORDER> got **system error**! Refund RM<RM_AMOUNT> failed sia. Quick PM seller at <PHONE> or transfer extra RM50 to Maybank 12345-6789 now, if not cancel order forever lah!",scam,perplexity_sonar,mixed
"Lazada refund wallet RM<RM_AMOUNT> for item 56789 pending! Urgent confirm by call <PHONE> and send OTP, else money gone liao. Act fast bro!",scam,perplexity_sonar,mixed
Mudah seller here. You buy phone RM<RM_AMOUNT> but payment glitch. Resend to CIMB 98765-4321 or I report you scam police ah! Reply now!,scam,perplexity_sonar,mixed
"Carousell alert! Order <ORDER> need top-up RM20 cos **error sistem**. Transfer Touch n Go <PHONE> fast fast, if not block your account forever!",scam,perplexity_sonar,mixed
"Shopee PM tepi: Refund RM<RM_AMOUNT> stuck in wallet. Hurry share bank details + OTP to <PHONE>, else lose everything by <DATE>!",scam,perplexity_sonar,mixed
Lazada fake payment detected! Pay again RM<RM_AMOUNT> to Public Bank 11111-2222 now or order cancel + blacklist you lah. Call <PHONE>!,scam,perplexity_sonar,mixed
"Eh boss, Mudah deal RM<RM_AMOUNT> problem. Seller say transfer back extra but need your OTP first. Send to <PHONE> cepat, threat cancel!",scam,perplexity_sonar,mixed
"Carousell urgent! **Refund issue** on bag order. Verify via <PHONE> and pay RM30 fee to RHB 45678-9990, if not money fly away sia!",scam,perplexity_sonar,mixed
"Shopee seller: System error, double charge RM<RM_AMOUNT>. Quick PM <PHONE> with IC + OTP or I keep your money + report JPJ ah!",scam,perplexity_sonar,mixed
"Lazada order <ORDER> refund fail! Transfer RM<RM_AMOUNT> to UOB 55555-6666 + OTP now, else permanent ban + no money back by <DATE>!",scam,perplexity_sonar,mixed
"Bro/sis, tolongla derma sikit untuk anak yatim pihak Tahfiz Al-Hidayah. Bencana banjir hilang semua, xleh beli buku tahfiz. Hanya <RM_AMOUNT> je nk. Duit kat Maybank <PHONE>. Tq sgt!",scam,perplexity_sonar,mixed
"Emergency! Dompet hilang kat LRT, xde duit balik umah. Anak tunggal tunggu kat rumah, nk bus fare je RM<RM_AMOUNT>. Tolong transfer Maybank <PHONE> cepat. Allah balas nanti!",scam,perplexity_sonar,mixed
"Derma kilat! Tahfiz kami kebakaran malam tadi, 20 anak yatim xde tempat tidur. Nk beli tikar je <RM_AMOUNT>. Klik <URL> atau whatsapp <PHONE>. Save anak yatim!",scam,perplexity_sonar,mixed
"Kak/akak, sedih gila. Dompet kena curi kat pasar, xleh bayar Grab balik KL. Anak sakit tunggu ubat. Tolong RM<RM_AMOUNT> je kat CIMB <PHONE>. Xanx!",scam,perplexity_sonar,mixed
"Pity case: Anak yatim tahfiz xde makan hari ni, banjir rosak dapur. Derma kilat <RM_AMOUNT> untuk beras. Transfer Public Bank <PHONE> atau <URL>. Jom sumbang!",scam,perplexity_sonar,mixed
"Tolong! Hilang wallet kat Giant, xde duit bayar petrol. Isteri bersalin esok <DATE>, nk balik kampung urgent. RM<RM_AMOUNT> je RHB <PHONE>. Ampun!",scam,perplexity_sonar,mixed
"Tahfiz pondok hilang sebab ribut, anak-anak kesejukan. Derma selimut <RM_AMOUNT> je. Maybank <PHONE> atau link <URL>. Bro, tolong share!",scam,perplexity_sonar,mixed
"Miskin betul, dompet jatuh kat bus KL-KL, xleh balik umah. Anak lapar tunggu. Tolong topup Touch n Go RM<RM_AMOUNT> kat <PHONE>. Terima kasih banyak!",scam,perplexity_sonar,mixed
"Derma kilat untuk orphans tahfiz, kena COVID semua, xde duat beli mask. <RM_AMOUNT> je nk. Transfer AmBank <PHONE> atau klik <URL>. Urusan akhirat!",scam,perplexity_sonar,mixed
"Sedihnya, hilang beg duit kat mamak, xde fare bas balik Johor. Mak sakit kat hospital. Tolong RM<RM_AMOUNT> Maybank <PHONE>. Nk nangis dah!",scam,perplexity_sonar,mixed
"[J&T] Eh boss, your parcel tertahan kat customs sebab alamat salah lah. Bayar <RM_AMOUNT> duty sekarang or kena return balik. Klik <URL> cepat ah!",scam,perplexity_sonar,mixed
"[Pos Laju] Parcel anda ada masalah, unpaid customs fee <RM_AMOUNT>. Kalau tak bayar dalam 24 jam, dibuang je la. Update details kat <URL> now!",scam,perplexity_sonar,mixed
"[DHL] Alamat salah tu, barang tertahan. Transfer <RM_AMOUNT> untuk release or police akan datang ambil parcel. Hurry klik <URL>!",scam,perplexity_sonar,mixed
"[J&T Express] Oi, your package stuck lah sebab duty tak bayar <RM_AMOUNT>. Jangan buang masa, settle kat <URL> atau hilang forever!",scam,perplexity_sonar,mixed
"[Pos Malaysia] Parcel anda kena hold, alamat tak betul. Bayar customs <RM_AMOUNT> fast fast or kena fine besar. Go <URL> sekarang!",scam,perplexity_sonar,mixed
"[DHL] Emergency lah! Barang tertahan customs, owe <RM_AMOUNT>. Klik <URL> bayar or they buang parcel tu. Cepat sikit!",scam,perplexity_sonar,mixed
"[Pos Laju] Alamat salah, parcel tak boleh hantar. Unpaid duty <RM_AMOUNT>, settle kat <URL> before <DATE> or confiscated!",scam,perplexity_sonar,mixed
"[J&T] Boss, your item ada issue customs fee <RM_AMOUNT>. Kalau tak bayar, return je la. Update and pay kat <URL> urgent!",scam,perplexity_sonar,mixed
[DHL Malaysia] Parcel tertahan sebab alamat wrong. Bayar <RM_AMOUNT> sekarang kat <URL> or kena tangkap for illegal goods lah!,scam,perplexity_sonar,mixed
"[Pos Laju] Oi mati, unpaid customs <RM_AMOUNT> for your parcel. Alamat salah tu. Klik <URL> bayar cepat or hilang parcel!",scam,perplexity_sonar,mixed
"Salam sayang, maaf ye, I salah masukkan nombor telefon awak untuk BigPay saya. Tolong forwardkan <OTP> yang datang tu, urgent nak verify transaksi RM<RM_AMOUNT> je. Terima kasih banyak-banyak! 😘 <PHONE>",scam,perplexity_sonar,mixed
"Hai handsome, BigPay saya ada issue system upgrade. <OTP> yang awak terima tu untuk help verify akaun saya. Boleh share tak? Nanti saya balas cinta awak! 💕 <URL>",scam,perplexity_sonar,mixed
"Assalamualaikum, salah hantar TAC dari Maybank BigPay. Tolong tolong forward <OTP> ni, saya nak settle bayaran hospital cepat. Awak baik hati, saya sayang awak! ❤️ <PHONE>",scam,perplexity_sonar,mixed
"Eh sayang, nombor awak kena registered salah untuk transaksi BigPay saya. <OTP> tu milik saya, boleh forward? Urgent RM<RM_AMOUNT> on <DATE>. Muah! 😍",scam,perplexity_sonar,mixed
"Hello beautiful, system upgrade BigPay hantar <OTP> ke nombor awak mistakenly. Tolong verify for me, nanti kita date ye? Share code tu laa. 😉 <URL>",scam,perplexity_sonar,mixed
"Maaf ya darling, I keyed wrong number for BigPay login. <OTP> yang datang tu penting, tolong hantar balik. Awak sweet gila! 🌹 <PHONE>",scam,perplexity_sonar,mixed
"Hai cinta, BigPay saya TAC salah hantar ke awak. Forward <OTP> je, nak complete upgrade system. Terima kasih, awak paling comel! 🥰 <URL>",scam,perplexity_sonar,mixed
"Salam sayangku, accidentally register nombor awak untuk BigPay transaksi. Tolong share <OTP> yang baru je datang, urgent payment RM<RM_AMOUNT>. Love you! 💖 <PHONE>",scam,perplexity_sonar,mixed
"Eh babe, Maybank BigPay system upgrade, <OTP> tu for my account tapi salah hantar. Help verify tolong, nanti I belanja makan! 😘 <DATE>",scam,perplexity_sonar,mixed
"Assalamualaikum handsome, salah masukkan phone untuk BigPay saya. <OTP> yang awak dapat tu, forward laa supaya saya boleh teruskan. Awak manis betul! 🌟 <PHONE>",scam,perplexity_sonar,mixed
"Hai sayang! Jemputan kahwin kawan saya ni xleh buka kat WA, download APK ni je nk tengok details venue & time. Cepat la, jgn x lepas! <URL>",scam,perplexity_sonar,mixed
"Eh bro, menu kad hari lahir adik ipar saya kat APK ni. Nk join party? Download la cepat, sedap nye makanan tu! <URL>",scam,perplexity_sonar,mixed
"Cantiknye jemputan kahwin ni! Tapi nk view penuh, kena download APK dulu ye sayang. Jom celebrate besame! <URL>",scam,perplexity_sonar,mixed
"Update Maybank app sekarang la, ada bonus RM50 untuk kau! Download APK terkini ni je, senang giler. <URL>",scam,perplexity_sonar,mixed
"Jemputan perkahwinan family gathering, xleh miss! Download APK untuk details <DATE>, handsome kan bridegroom? <URL>",scam,perplexity_sonar,mixed
"CIMB bank app kena update urgent, kalau x, account kena freeze. Download APK ni je, cepat sayang! <URL>",scam,perplexity_sonar,mixed
"Menu card majlis tahlil nenek, sedap nye lauk! Nk join? Download APK untuk peta lokasi. Jom! <URL>",scam,perplexity_sonar,mixed
"Public Bank promotion, download APK update untuk claim RM100 voucher. Jgn lambat la, limited je! <URL>",scam,perplexity_sonar,mixed
"Wedding invitation dari kawan sekolah, cantik giler design! Download APK nk RSVP & tengok photo couple. <URL>",scam,perplexity_sonar,mixed
"RHB app ada issue, update APK sekarang untuk secure transaction. Bonus cashback untuk early bird! <URL>",scam,perplexity_sonar,mixed
"Sayangku, saya risau sangat. Parcel hadiah anniversary kita dari Dubai kena tahan di customs KLIA. Saya pilot, tak boleh settle sekarang. Tolong hantar <RM_AMOUNT> ke Maybank saya untuk release, nanti balik besok.<URL>",scam,perplexity_sonar,mixed
"Honey, maaf ya sebab lambat balas. Engineer saya di rig Minyak Petronas, hantar parcel emas untuk kamu tapi stuck di Bea Customs Johor. Kena bayar duty <RM_AMOUNT> urgent. Transfer ke CIMB, saya jamin balik double.<PHONE>",scam,perplexity_sonar,mixed
"Kasih, saya sedih ni. Hadiah special saya beli dari Singapura untuk kahwin kita tertangkap di customs Penang. Sebagai pilot, saya tak boleh urus. Tolong tolong <RM_AMOUNT> ke Public Bank, lepas tu parcel sampai.<OTP>",scam,perplexity_sonar,mixed
"Sayang, risau betul. Parcel besar dengan jam tangan Rolex untuk kamu kena hold di KL Customs. Saya engineer lepas kerja, hantar duit <RM_AMOUNT> ke Hong Leong Bank cepat, nanti saya balik cuti.<URL>",scam,perplexity_sonar,mixed
"Dear, maafkan saya. Hadiah cinta kita dari Australia tertahan di customs LCCT. Pilot macam saya susah handle, tolong settle <RM_AMOUNT> RM via RHB Bank. Parcel penting ni, jangan biar hilang.<PHONE>",scam,perplexity_sonar,mixed
"Puisi hati saya: Kamu segalanya. Tapi parcel hadiah diamond stuck di Bea Cukai Melaka. Saya engineer rig, kena <RM_AMOUNT> untuk release. Transfer Maybank je, saya janji selamat sampai.<DATE>",scam,perplexity_sonar,mixed
"Sayangku, air mata saya jatuh. Customs tangkap parcel birthday surprise dari China di Port Klang. Sebagai pilot, saya desperate. Hantar <RM_AMOUNT> ke UOB Bank, nanti kita celebrate sama.<OTP>",scam,perplexity_sonar,mixed
"Honey, tolong dengar. Hadiah gelang emas untuk tunang tertahan customs Ipoh. Engineer sibuk, bayar dulu <RM_AMOUNT> CIMB, saya balas bila balik Malaysia. Jangan tinggal saya sorang.<URL>",scam,perplexity_sonar,mixed
"Kasih, saya gelisah. Parcel dengan wang poket dari kerja pilot di Qatar kena tahan KLIA2. Tolong <RM_AMOUNT> ke AmBank untuk kos klaran. Parcel ni untuk masa depan kita.<PHONE>",scam,perplexity_sonar,mixed
"Sayang, hati saya sakit. Customs Johor Bahru hold hadiah kereta mini untuk anak kita nanti. Saya engineer, settle <RM_AMOUNT> Public Bank cepat, lepas tu semuanya ok. Terima kasih kasih.<DATE>",scam,perplexity_sonar,mixed
"Hi, we from TikTok Affiliate Team. Found your profile suitable for part-time job. Like & share videos only, earn RM500 daily from home. Interested? Reply yes la.",scam,perplexity_sonar,mixed
"Good morning! Hiring Manager Aliah here. We hiring for YouTube like & share affiliate. Work flexible, RM500 per day guaranteed. Click <URL> to register now.",scam,perplexity_sonar,mixed
"Hello bro/sis, resume shortlisted for part-time TikTok promoter. Just like & share, get RM500 daily into your Maybank account. Start today? Send <OTP> verify.",scam,perplexity_sonar,mixed
"Assalamualaikum. We official YouTube Affiliate Program. Need people work from home, like videos & share link. Earn RM500/day easy money. Reply name & IC for details.",scam,perplexity_sonar,mixed
"Hi there, TikTok Hiring Manager speaking. Part-time job open: like & share content, RM500 daily payout via CIMB. No experience needed. Join via <URL> lah.",scam,perplexity_sonar,mixed
"Selamat pagi! Found you on job board. We offer affiliate job for TikTok/YouTube. Work 2 hours/day, earn RM500 straight to Public Bank. Confirm interest?",scam,perplexity_sonar,mixed
"Hello, Manager Nadia from Affiliate Network. Hiring for like & share part-time. RM500 daily, work from home santai je. Transfer first RM50 deposit to start, get back double.",scam,perplexity_sonar,mixed
"Hi, we saw your WhatsApp status active. Perfect for YouTube affiliate job. Like videos, share links, earn RM500/day. Call <PHONE> to apply now ah.",scam,perplexity_sonar,mixed
Morning! TikTok Team here. Part-time opportunity: promote by liking & sharing. Guaranteed RM500 daily into your RHB account. Click <URL> register before slots full.,scam,perplexity_sonar,mixed
"Hai, Hiring Manager Amir. Shortlisted you for home-based affiliate job. TikTok/YouTube like & share only, RM500 per day no joke. Send <OTP> to verify & start earning la.",scam,perplexity_sonar,mixed
紧急！PDRM 总部通知，您名下有澳门寄来的包裹，内含毒品，已发出waran tangkap！立即点击<URL>缴付RM<RM_AMOUNT>保证金，否则2小时内上门逮捕！Jangan lari lah！,scam,perplexity_sonar,mixed
LHDN 调查局来电！您的账户涉及钱洗黑钱案，金额RM<RM_AMOUNT>，法院已签waran tangkap！快call <PHONE>提供<OTP>，不然警察马上到您家！Hurry up！,scam,perplexity_sonar,mixed
注意！皇家警察PDRM发现您接收可卡因包裹从澳门，调查已开始！缴RM<RM_AMOUNT>罚款 via <URL>，限<DATE>前完成，否则直接抓人！不要拖！,scam,perplexity_sonar,mixed
法院通知：您被控钱洗罪行，证据显示RM<RM_AMOUNT>非法资金！PDRM 已派队执行waran tangkap！马上<URL>settle，否则今晚就kan lah！,scam,perplexity_sonar,mixed
PDRM反毒组警告！您的地址有毒品包裹被截获，来自澳门！必须缴RM<RM_AMOUNT>清白 via <PHONE>，不然waran tangkap 即刻生效！Act now！,scam,perplexity_sonar,mixed
紧急警报！LHDN 与PDRM联合调查，您账户有洗钱痕迹RM<RM_AMOUNT>！点击<URL>输入<OTP>避免逮捕，waran tangkap 已打印好！快点！,scam,perplexity_sonar,mixed
马来西亚法院命令：因接收澳门毒品包裹，您已被列为嫌疑人！缴付RM<RM_AMOUNT>至<URL>，否则PDRM 特警上门！No time waste！,scam,perplexity_sonar,mixed
PDRM 总部：钱洗调查锁定您，涉及Maybank交易RM<RM_AMOUNT>！立即call <PHONE>给<OTP>，waran tangkap 会在1小时发出！Jangan main-main！,scam,perplexity_sonar,mixed
警告！您的CIMB账户连结澳门毒品走私案，LHDN 已通告法院签waran tangkap！用<URL>缴RM<RM_AMOUNT>，限时<DATE>！Hurry settle！,scam,perplexity_sonar,mixed
皇家马来西亚警察PDRM：包裹内海洛因从澳门寄到您家，已发出逮捕令！快<URL>转RM<RM_AMOUNT>，证明清白不然直接tangkap！紧急！,scam,perplexity_sonar,mixed
Kementerian Kewangan通知：您的Bantuan Sara Hidup RM100已批准。Please klik <URL> untuk claim ke MyKad anda sekarang。Valid till <DATE>。[官方],scam,perplexity_sonar,mixed
紧急！STR援助RM<RM_AMOUNT>已入账Touch 'n Go e-Wallet。Verify dengan klik <URL> atau hubungi <PHONE>。Jangan lepaskan！,scam,perplexity_sonar,mixed
恭喜！SARA for All RM100 credit approved untuk semua warganegara 18+。Klik <URL> masukkan <OTP> untuk activate MyKasih。Hurry up！,scam,perplexity_sonar,mixed
Bantuan Tunai Rahmah (STR) RM<RM_AMOUNT> ready untuk claim。Masukkan IC number di <URL>。No registration needed，direct transfer。[MOF Official],scam,perplexity_sonar,mixed
您的MyKad Sara Hidup aid RM100 dah disetujui。Please confirm eligibility via <URL> before <DATE>。Call <PHONE> if ada problem。,scam,perplexity_sonar,mixed
政府公告：e-Wallet bonus RM<RM_AMOUNT> untuk Touch 'n Go users。Klik <URL> claim sekarang，use <OTP> untuk verify。Fast action！,scam,perplexity_sonar,mixed
Sumbangan Asas Rahmah RM100已加载到您的MyKasih。Check status dan claim di <URL>。Jangan share dengan orang lain。[官方消息],scam,perplexity_sonar,mixed
Alert！Bantuan Sara Hidup tambahan RM<RM_AMOUNT> untuk single mothers。Register at <URL> dengan <PHONE>。Limited time only。,scam,perplexity_sonar,mixed
RM100 SARA Aid credited。Klik <URL> untuk link ke bank account atau e-Wallet。Enter <OTP> sekarang。Thank you for your attention。[Kementerian],scam,perplexity_sonar,mixed
Pemberitahuan rasmi：STR RM<RM_AMOUNT> approved。Verify dan claim via <URL> before expire <DATE>。Hubungi <PHONE> for assistance。,scam,perplexity_sonar,mixed
"Woi bro! Pinjaman wang berlesen RM10,000 approve la dalam 30min! 0% interest, blacklist OK sikit pun tak kisah! Bayar processing fee RM200 je dulu kat <PHONE> then wang masuk akaun terus! Cepat reply la sial!",scam,perplexity_sonar,mixed
"Eh korang! Nak duit cepat? Ah Long pinjaman RM5,000 FAST APPROVAL! Tak payah check CCRIS, 0% faedah bulan pertama! Transfer insurance RM150 je ke <URL> la, duit siap 1 jam! Jom go!",scam,perplexity_sonar,mixed
"Super hype! Pinjaman peribadi RM20,000 untuk kau! Approved gila la, tak kira blacklist! Hanya bayar upfront fee RM300 kat Maybank <PHONE>, then wang transfer balik RM20k! Reply sekarang ah!",scam,perplexity_sonar,mixed
"Lu punya lucky day! Pinjaman wang mudah RM8,000, 0% interest awal-awal! Blacklist welcome la bro! Process fee RM180 je transfer sekarang <URL>, duit masuk CIMB akaun kau petang ni! Wah lau eh!",scam,perplexity_sonar,mixed
"Boom! Pinjaman berlesen RM15k siap approve! Ah Long style tapi legal, blacklist takde problem! Bayar admin fee RM250 dulu kat <PHONE>, balik transfer RM15k + bonus! Jangan lambat la!",scam,perplexity_sonar,mixed
"Excited tak? Pinjaman cepat RM12,000 untuk settle hutang! 0% interest, approve blackout list pun boleh! Hanya RM220 insurance fee ke Public Bank <URL>, wang siap malam ni! Reply fast ah!",scam,perplexity_sonar,mixed
"Gila best! Nak pinjam RM7,000? Fast la, 0% awal, blacklist OK! Transfer processing RM150 je sekarang <PHONE>, then duit masuk RHB akaun kau! Jom la bro, chance macam ni rare!",scam,perplexity_sonar,mixed
"Wey! Pinjaman wang panas RM25,000 approve 100%! Tak payah risau blacklist, 0% interest! Upfront RM400 fee kat <URL>, wang transfer balik dalam sejam! Cepat contact ah!",scam,perplexity_sonar,mixed
"Hype gila! Ah Long pinjaman RM9,000 super cepat! Blacklist takde hal, 0% bulan 1! Bayar security RM190 dulu <PHONE>, duit siap UOB akaun kau! Reply la now!",scam,perplexity_sonar,mixed
"Jackpot la kau! Pinjaman berlesen RM18k, approve blackout pun boleh! 0% faedah, transfer admin fee RM280 ke <URL> je, wang masuk AmBank petang ni! Jangan sia-sia chance ni ah!",scam,perplexity_sonar,mixed
"Cikgu pelaburan emas Syariah compliant ni! Masuk group WA je, labur RM500 nk untung 300% dalam 24 jam! Cepat register <URL> xleh lepaskan peluang ni bro!",scam,perplexity_sonar,mixed
"Woi! Pelaburan crypto halal 100%, cikgu ajar cara untung RM1,000 sehari guna Maybank je. Join kitorang group WA sekarang <URL> limited slot!",scam,perplexity_sonar,mixed
"Boom! Emas digital Syariah, labur <RM_AMOUNT> je dah boleh balik 5x lipat esok pagi. Nk kaya cepat? Klik <URL> masuk group cikgu kami!",scam,perplexity_sonar,mixed
"Hey abang, pelaburan gold crypto ni gila untung 400% seminggu! Compliant Syariah, transfer Maybank sahaja. Daftar <URL> sebelum full group!",scam,perplexity_sonar,mixed
"Xleh tahan! Cikgu share tip pelaburan crypto halal, RM300 masuk 900 keluar 24jam je. Join WA group <URL> jom ramai dah kaya!",scam,perplexity_sonar,mixed
"Pelaburan emas Syariah super hype! Untung 250% guaranteed, guna Public Bank transfer je. Cepat <URL> masuk group cikgu sebelum miss!",scam,perplexity_sonar,mixed
Bro nk duit banyak? Crypto gold Syariah ni 300% profit hari ni je! Labur <RM_AMOUNT> kat <URL> join group WA cikgu pro!,scam,perplexity_sonar,mixed
"Wah! Pelaburan halal emas digital, cikgu promise 500% balik minggu ni. Transfer CIMB cepat <URL> slot WA group tinggal 5 je!",scam,perplexity_sonar,mixed
"Excited gila! Masuk pelaburan crypto Syariah cikgu, RM1000 jadi RM5k 48jam. Daftar <URL> join group sekarang xleh tunggu!",scam,perplexity_sonar,mixed
"Jom kawan! Gold investment halal 350% untung, cikgu ajar kat WA group. Labur Maybank <RM_AMOUNT> klik <URL> peluang tak datang 2x!",scam,perplexity_sonar,mixed
"Tahniah! Anda layak untuk Pinjaman Wang Berlesen RM<RM_AMOUNT> dengan 0% faedah! Blacklist OK, kelulusan pantas dalam 1 jam. Bayar processing fee RM200 je dulu ke <PHONE> untuk claim wang sekarang!",scam,perplexity_sonar,mixed
"WOW! Peluang besar - Ah Long Pinjaman RM<RM_AMOUNT> approved terus! Tiada dokumen, blacklist pun boleh. Hanya transfer insurance fee RM150 ke akaun kami via <URL> dan duit masuk akaun anda!",scam,perplexity_sonar,mixed
"Exciting news! Pinjaman Peribadi Berlesen dari Maybank agent - RM<RM_AMOUNT> fast approval, 0% interest forever! Blacklist no problem. Bayar upfront processing RM300 untuk start, cepat sebelum expired!",scam,perplexity_sonar,mixed
"Selamat! Anda menang pinjaman mudah RM<RM_AMOUNT> Ah Long style. Kelulusan sekelip mata, blacklist OK. Transfer <RM_AMOUNT> insurance fee sekarang ke <PHONE> dan nikmati wang hari ini!",scam,perplexity_sonar,mixed
"Super hype! Pinjaman Wang Pantas RM<RM_AMOUNT> 0% faedah, approved walaupun blacklist. Hanya bayar admin fee RM250 dulu melalui <URL>, duit transfer terus ke Maybank anda!",scam,perplexity_sonar,mixed
"Congrats bro! Pinjaman Berlesen RM<RM_AMOUNT> ready untuk anda - no collateral, blacklist fine je. Bayar processing + insurance RM180 upfront ke <PHONE>, wang masuk malam ni!",scam,perplexity_sonar,mixed
"Hebat lah! Ah Long Pinjaman RM<RM_AMOUNT> dengan kelulusan instant, 0% interest. Blacklist pun approve. Transfer fee RM220 sekarang via <URL> untuk unlock pinjaman anda!",scam,perplexity_sonar,mixed
"Breaking! Anda qualified untuk Personal Loan RM<RM_AMOUNT> mudah - blacklist OK, fast cash. Bayar <RM_AMOUNT> processing fee je ke <PHONE> dan dapatkan wang segera!",scam,perplexity_sonar,mixed
"Yay! Pinjaman Wang Berlesen RM<RM_AMOUNT> 0% faedah, approved untuk semua termasuk blacklist. Hanya insurance fee RM190 dulu melalui <URL>, duit siap transfer!",scam,perplexity_sonar,mixed
"Fantastic offer! Ah Long approved RM<RM_AMOUNT> pinjaman pantas - no docs, 0% interest. Blacklist no issue. Bayar upfront admin RM280 ke <PHONE> sekarang sebelum limit!",scam,perplexity_sonar,mixed
"Sayang, I your pilot boyfriend stuck in KLIA customs lah. Got big gift parcel for you RM<RM_AMOUNT> worth, but need pay tax RM<RM_AMOUNT> to release. You got money ah? Help me please, desperate sia.",scam,perplexity_sonar,mixed
"Baby, engineer here from oil rig. Send you love gift from <DATE>, now kena tangkap at customs. Tolong transfer RM<RM_AMOUNT> to Maybank acc for fee la. Nanti return double ok?",scam,perplexity_sonar,mixed
"Dear, my heart. Pilot flight delay, parcel with gold necklace for you held up. Customs demand RM<RM_AMOUNT> now or kena destroy. Pls send via Touch n Go, I so kesian no money left.",scam,perplexity_sonar,mixed
"Love, I engineer on ship near Penang. Gift box for our future stuck customs, need RM<RM_AMOUNT> urgent. You transfer CIMB la, I promise payback soon. Tolong sayang, I cry already.",scam,perplexity_sonar,mixed
"Habibti, your pilot cinta. Big surprise parcel from Dubai at KL airport, customs charge RM<RM_AMOUNT>. No salary this month, you help transfer Public Bank ah? I macam mati orang.",scam,perplexity_sonar,mixed
"Sweetheart, engineer lagi. Send you diamond ring worth RM<RM_AMOUNT>, now trapped customs need fee RM<RM_AMOUNT>. Pls OTP to <PHONE> and send la, nanti I balik Malaysia hug you.",scam,perplexity_sonar,mixed
"Darling, pilot here desperate. Gift for anniversary kena hold at LCCT, pay RM<RM_AMOUNT> tax via RHB. You got extra money ah? Tolong save me, I tak tahan dah.",scam,perplexity_sonar,mixed
"Sayangku, from oil platform. Parcel with cash gift RM<RM_AMOUNT> for you, customs JB side nak RM<RM_AMOUNT>. Transfer Ambank cepat la, I very poor now sia.",scam,perplexity_sonar,mixed
"Babygirl, your handsome pilot. Love package stuck, need release fee RM<RM_AMOUNT> to <URL>. Help transfer now pls, I no eat 2 days, kesian betul.",scam,perplexity_sonar,mixed
"Cinta, engineer balik soon. Big teddy bear + jewelry parcel at customs, bayar RM<RM_AMOUNT> UOB la. You send <OTP> confirm, I return all when free. Pls tolong, nangis nih.",scam,perplexity_sonar,mixed
Tahniah! Bantuan Sara Hidup anda berjaya diluluskan RM<RM_AMOUNT>. Claim sekarang via <URL> untuk kredit ke e-wallet Touch 'n Go. Cepat sebelum tamat <DATE>![1],scam,perplexity_sonar,mixed
Wah exciting! Approved Bantuan Sara Hidup RM<RM_AMOUNT> untuk MyKad anda. Klik <URL> masukkan <OTP> untuk transfer ke Dana wallet. Jangan lepaskan peluang ni![1][2],scam,perplexity_sonar,mixed
Hebat lah! Kerajaan credit RM<RM_AMOUNT> Bantuan Sara Hidup ke e-wallet Boost anda. Verify di <URL> dengan <PHONE> anda. Claim hari ini je![4],scam,perplexity_sonar,mixed
Selamat! Bantuan Sara Hidup RM<RM_AMOUNT> ready untuk claim. Hanya klik <URL> dan input <OTP> untuk masuk akaun Maybank. Pantas guna sebelum expired <DATE>![5],scam,perplexity_sonar,mixed
Wow! RM<RM_AMOUNT> Bantuan Sara Hidup dah approve untuk semua warganegara. Claim cepat kat <URL> linkkan ke ShopeePay. Jom dapatkan sekarang![1],scam,perplexity_sonar,mixed
Berita gembira! Bantuan Sara Hidup RM<RM_AMOUNT> akan ditransfer ke e-wallet anda. Akses <URL> masukkan <PHONE> untuk confirm. Jangan tunggu lama![2],scam,perplexity_sonar,mixed
Super hype! Approved RM<RM_AMOUNT> Sara Hidup bantuan. Klik <URL> verify dengan <OTP> untuk load ke GrabPay wallet. Claim free duit ni![6],scam,perplexity_sonar,mixed
Tahniah bro! Bantuan Sara Hidup RM<RM_AMOUNT> siap untuk anda. Hanya <URL> dan <PHONE> je nak claim ke CIMB e-wallet. Cepat claim sebelum habis![3],scam,perplexity_sonar,mixed
Fantastic! Kerajaan bagi RM<RM_AMOUNT> Bantuan Sara Hidup direct ke Touch 'n Go. Klik <URL> input <OTP> sekarang. Peluang emas ni![1][4],scam,perplexity_sonar,mixed
Yeay! RM<RM_AMOUNT> Sara Hidup approved & ready claim. Lawati <URL> sambungkan <PHONE> untuk kredit ke Boost. Jangan miss out ye![5],scam,perplexity_sonar,mixed
JPJ: Terdapat saman trafik RM<RM_AMOUNT> tertunggak daripada <DATE>. Sila settle sekarang di <URL> atau hubungi <PHONE> untuk info lanjut.,scam,perplexity_sonar,mixed
PDRM: Accident settle tepi RM<RM_AMOUNT> perlu dibayar segera. Masukkan <OTP> di <URL> untuk proses pembayaran JPJ.,scam,perplexity_sonar,mixed
JPJ Official: Saman LKM belum diselesaikan sebanyak RM<RM_AMOUNT> pada <DATE>. Klik <URL> untuk bayar atau call <PHONE>.,scam,perplexity_sonar,mixed
Maybank JPJ Notice: Outstanding road fine RM<RM_AMOUNT> daripada kemalangan kecil. Settle via <URL> dengan <OTP> anda.,scam,perplexity_sonar,mixed
JPJ: Notifikasi saman RM<RM_AMOUNT> untuk kes settle tepi. Bayar sekarang di <URL> atau risau blacklisted. Hub <PHONE>.,scam,perplexity_sonar,mixed
PDRM Traffic: Tuntutan accident settlement RM<RM_AMOUNT> expired <DATE>. Verify dan bayar di <URL> guna <PHONE>.,scam,perplexity_sonar,mixed
CIMB JPJ Alert: Saman trafik RM<RM_AMOUNT> perlu di-settle. Masuk <URL> dan sahkan dengan <OTP> untuk clear rekod.,scam,perplexity_sonar,mixed
JPJ PDRM: Road accident fine RM<RM_AMOUNT> daripada <DATE>. Sila settle tepi jalan di <URL> atau call <PHONE> segera.,scam,perplexity_sonar,mixed
Public Bank: JPJ saman outstanding RM<RM_AMOUNT>. Proses pembayaran di <URL> dengan kod <OTP> untuk elak tindakan lanjut.,scam,perplexity_sonar,mixed
JPJ Notice: Kemalangan settle RM<RM_AMOUNT> belum dibayar. Klik <URL> untuk bayar atau hubungi <PHONE> untuk details.,scam,perplexity_sonar,mixed
"Assalamualaikum. Saya Hiring Manager dari TikTok Affiliate Program. Peluang kerja part-time like & share video TikTok, earn RM500 daily dari rumah. Urgent! Daftar sekarang <URL> atau hilang peluang. Reply YA cepat!",scam,perplexity_sonar,mixed
"PENTING! Hiring Manager sini. Kerja gampang like YouTube video je, RM500 sehari masuk Maybank akaun. Work from home, start hari ni. Klik <URL> verify atau ketinggalan. Jangan lambat!",scam,perplexity_sonar,mixed
"Woi, cepat balas! Kami hiring untuk affiliate TikTok like & share. Bayar RM500 daily terus ke Public Bank. Dari rumah je. Masuk group <URL> sekarang atau tiada slot lagi. Urgent lah!",scam,perplexity_sonar,mixed
"Hiring Manager berkongsi: Part-time job share video YouTube, earn RM500/hari. Gaji masuk CIMB fast. Work from home, tapi mesti daftar <URL> sebelum <DATE>. Lambat nanti rugi besar!",scam,perplexity_sonar,mixed
"ALERT! TikTok Affiliate urgent hiring. Like & share je, RM500 daily ke akaun RHB. Kerja rumah santai. Reply <OTP> + klik <URL> atau position diambil orang lain. Jangan buang masa!",scam,perplexity_sonar,mixed
"Saya Hiring Manager. Peluang emas part-time affiliate YouTube like/share, RM500 sehari masuk bank. Dari rumah. Daftar <URL> SEKARANG atau tutup recruitment esok. Cepat balas!",scam,perplexity_sonar,mixed
"URGENT CALL! Hiring untuk TikTok like & share job. Earn RM500 daily, transfer ke UOB. Work from home mudah. Hantar <PHONE> ke <URL> atau hilang kesempatan forever. Balas ya!",scam,perplexity_sonar,mixed
"Hiring Manager: Kerja part-time share video TikTok, RM500/hari langsung ke AmBank. Santai rumah je. Klik <URL> daftar urgent sebelum quota penuh <DATE>. Jangan tunggu!",scam,perplexity_sonar,mixed
Cepat! Kami cari affiliate YouTube like & share. Bayar RM500 daily ke Hong Leong Bank. Dari rumah. Verify <OTP> di <URL> sekarang atau kena blacklist. Reply pantas!,scam,perplexity_sonar,mixed
"PENTING BANGET! Hiring Manager TikTok job: Like/share video, earn RM500 sehari masuk bank. Work from home. Masuk <URL> DAFTAR atau peluang lenyap esok. Jangan regret!",scam,perplexity_sonar,mixed
Panggilan Rasmi daripada PDRM. No K/P <OTP> anda terlibat kes penyeludupan dadah dalam parcel dari KL. Waran tangkap dah keluar. Hantar RM<RM_AMOUNT> ke akaun audit sekarang atau tangkap segera. Call <PHONE> untuk verify. Jgn xleh buat benda ni je.,scam,perplexity_sonar,mixed
Daripada Pegawai LHDN. Akaun bank anda detect money laundering dari parcel syaki drugs. Bayar denda RM<RM_AMOUNT> via <URL> atau akaun freeze terus. Jangan nk tunggu waran PDRM. Confirm dengan <PHONE> sekarang.,scam,perplexity_sonar,mixed
"PDRM Sibu - Parcel anda dengan ganja sintetik dari Johor kena tangkap. Investigation money laundering on going. Transfer RM<RM_AMOUNT> untuk clear nama atau arrest hari ni. Call <PHONE> je, jgn xleh ignore.",scam,perplexity_sonar,mixed
Mahkamah Tinggi notis: Kes dadah parcel anda dah fail saman. Bayar penalti RM<RM_AMOUNT> ke LHDN atau warrant arrest issue <DATE>. Hantar OTP <OTP> ke <PHONE> untuk settle cepat.,scam,perplexity_sonar,mixed
Pegawai PDRM Kuala Lumpur. No telefon anda link dengan parcel drugs money laundering. Akaun bank semua freeze kalau tak bayar RM<RM_AMOUNT> sekarang via <URL>. Call balik <PHONE> xleh lambat.,scam,perplexity_sonar,mixed
LHDN Audit Unit - Parcel syaki dadah dari Penang involve nama anda. Bayar tax denda RM<RM_AMOUNT> atau PDRM datang tangkap. Verify <URL> dan call <PHONE> untuk OTP clearance.,scam,perplexity_sonar,mixed
"PDRM HQ: Investigation parcel ganja dengan money laundering. Waran tangkap active melainkan bayar RM<RM_AMOUNT> untuk audit. Jgn nk buat hal, contact <PHONE> sekarang je.",scam,perplexity_sonar,mixed
Daripada SPRM/LHDN. Akaun Maybank anda terlibat laundering dari drugs parcel. Settle RM<RM_AMOUNT> via <URL> atau arrest warrant keluar <DATE>. Call <PHONE> untuk details.,scam,perplexity_sonar,mixed
"Notis Rasmi Mahkamah - Kes parcel drugs money laundering atas nama anda. Hantar RM<RM_AMOUNT> ke akaun court atau PDRM tangkap esok. OTP verify <OTP> ke <PHONE>, xleh tunda.",scam,perplexity_sonar,mixed
"Pegawai PDRM Johor. Parcel anda detect heroin dari KL, link money laundering. Bayar fine RM<RM_AMOUNT> sekarang atau waran issue. Call <PHONE> je untuk clear cepat.",scam,perplexity_sonar,mixed
J&T Express通知：您的包裹因alamat salah无法送达。请点击<URL>更新地址，否则将退回。<DATE> 2:15 PM.,scam,perplexity_sonar,mixed
Pos Laju客服：Barang anda tertahan di customs depot。Unpaid duty RM<RM_AMOUNT>。Pay sekarang via <URL> to release。Thank you for using our service.,scam,perplexity_sonar,mixed
DHL Malaysia：紧急！您的parcel stuck due to wrong address。Click <URL> verify details & pay small fee RM<RM_AMOUNT>。Call <PHONE> if issue。<DATE>,scam,perplexity_sonar,mixed
亲爱的客户，J&T包裹因地址错误被扣留。请访问<URL>支付customs fee RM<RM_AMOUNT>以领取。勿延迟！,scam,perplexity_sonar,mixed
Pos Laju官方：您的快件在仓库holding。Need pay outstanding postage RM<RM_AMOUNT> via <URL>。Barang akan deliver soon after。,scam,perplexity_sonar,mixed
DHL通知：包裹tertahan karna unpaid duty。Sila klik <URL> untuk bayar RM<RM_AMOUNT> dan update alamat。Thank you。,scam,perplexity_sonar,mixed
J&T Express：神秘包裹已到Malaysia，但alamat salah。Pay RM<RM_AMOUNT> customs via <URL> to proceed delivery。<DATE> Urgent！,scam,perplexity_sonar,mixed
Pos Laju：您的物品因关税未付被扣。访问<URL>输入<OTP>支付RM<RM_AMOUNT>。否则parcel akan dispose。,scam,perplexity_sonar,mixed
DHL客服：Parcel anda ada issue - barang tertahan。Klik <URL> pay fee RM<RM_AMOUNT> & confirm receipt。Call <PHONE> for help。,scam,perplexity_sonar,mixed
J&T Malaysia：注意！包裹等待customs clearance。Pay RM<RM_AMOUNT> sekarang di <URL>避免退货。Thank you for your cooperation。<DATE>,scam,perplexity_sonar,mixed
"Assalamualaikum saudara, saya cikgu Aminah dari grup pelaburan Syariah Compliant. Keluarga saya sakit parah, perlu wang segera. Pelaburan crypto emas kami beri 300% profit dalam 24 jam, patuh syariah sepenuhnya. Hanya RM500 untuk start, klik <URL> masukkan <OTP> sekarang sebelum peluang hilang. Tolong saya...",scam,perplexity_sonar,mixed
"RM0 Selamat pagi abang, ini cikgu Rahman. Saya desperate, hutang bank Maybank menekan. Join grup WhatsApp kami, pelaburan high-yield gold trading, 250% return cepat. Syariah approved! Transfer ke akaun CIMB <RM_AMOUNT>, verify dengan <PHONE>. Jangan lambat, tolong selamatkan saya...",scam,perplexity_sonar,mixed
"Hai sister, cikgu Fatimah here dari Teacher Investment Group. Anak saya hilang kerja, kami susah. Pelaburan crypto halal, 400% profit dalam sehari je. Patuh syariah 100%. Daftar <URL>, OTP <OTP> untuk claim bonus RM1000. Tolong forward kawan-kawan, urgent betul...",scam,perplexity_sonar,mixed
"Wassalam, saudari. Saya cikgu Hassan, isteri saya kena kanser, bayar hospital mahal. Pelaburan emas digital kami, 350% untung 24 jam, fully Syariah compliant. Start dengan RM300 ke Public Bank, call <PHONE> untuk details. Saya mohon tolongan anda, jangan abaikan...",scam,perplexity_sonar,mixed
"RM0 Pagi semua, cikgu Siti dari grup cikgu pelabur. Bapa saya stroke, duit habis. High-yield crypto scheme, 300% profit guaranteed, syariah ok. Klik <URL> input <RM_AMOUNT> dan <OTP>. Cepat act, limited slots. Tolong saya abang-adik...",scam,perplexity_sonar,mixed
"Assalamualaikum, ini cikgu Azmi. Keluarga besar kena banjir, tiada wang. Pelaburan gold crypto Syariah, 280% return pantas. Transfer RM1000 ke RHB Bank, verify <PHONE>. Jom join grup WhatsApp kami, desperate ni...",scam,perplexity_sonar,mixed
"Hai brother, cikgu Nora speaking. Suami unemployed, anak lapar. Pelaburan halal high-return, 500% dalam 24 jam! Patuh syariah sepenuhnya. Daftar <URL> dengan <OTP>, start small RM200. Tolong share & invest, save my family...",scam,perplexity_sonar,mixed
"RM0 Selamat malam, cikgu Ismail dari Investment Cikgu Group. Ibu saya sakit kronik, hutang Maybank bertimbun. Crypto emas scheme, 320% profit cepat, syariah certified. Hanya klik <URL>, masukkan <RM_AMOUNT>. Urgent, mohon bantuan...",scam,perplexity_sonar,mixed
"Wassalam saudara, cikgu Laila here. Adik saya kena scam lain, hilang semua. Sekarang pelaburan kami legit, 290% untung gold trading Syariah. Call <PHONE> atau <URL> dengan <OTP>. Tolong invest RM500, desperate gila...",scam,perplexity_sonar,mixed
"Pagi cikgu group, ini cikgu Zamri. Kereta rosak, tak boleh kerja, keluarga susah. High-yield Syariah crypto, 380% dalam sehari. Transfer ke AmBank <RM_AMOUNT>, verify sekarang. Jom cepat, tolong selamatkan kami...",scam,perplexity_sonar,mixed
"Hai bro, Shopee order tu ada system error lah, kena bayar balik RM<RM_AMOUNT> to Maybank <PHONE> cepat sikit or refund wallet hilang forever. PM tepi sekarang! <URL>",scam,perplexity_sonar,mixed
"Emergency! Lazada seller here, my kid sakit hospital, pls help top up RM<RM_AMOUNT> to Touch n Go wallet for your parcel delivery. Kalau tak, cancel order je lah. Call <PHONE>!",scam,perplexity_sonar,mixed
"Mudah.my listing tu, buyer, payment masuk tapi system glitch. Bayar lagi RM<RM_AMOUNT> ke CIMB acc <PHONE> or item hilang. Tolong lah, family desperate sekarang. <URL>",scam,perplexity_sonar,mixed
"Carousell order error, bro! Kena verify with <OTP> and bayar RM<RM_AMOUNT> extra to Public Bank <PHONE>. My house flood, no money for courier. Pls pity me settle cepat.",scam,perplexity_sonar,mixed
"Shopee refund issue, sistah! Wallet tak masuk coz bank problem. Transfer RM<RM_AMOUNT> to <PHONE> RMBN acc then I return double. My mum operation tomorrow, tolong!",scam,perplexity_sonar,mixed
"Lazada PM: Seller broke lah, lost phone with all data. Bayar balik RM<RM_AMOUNT> via Boost to <PHONE> for resend parcel. Kalau tak, I kena tutup shop. Mercy plz <URL>",scam,perplexity_sonar,mixed
"Hai, Mudah buyer! Order confirm tapi courier charge extra RM<RM_AMOUNT>. Bayar ke Hong Leong <PHONE> sekarang or package return. Single mum struggling, help out ya.",scam,perplexity_sonar,mixed
"Carousell desperate seller: System error need topup RM<RM_AMOUNT> to <PHONE> UOB for release item. Kid birthday tomorrow, no gift if delay. Click <URL> verify fast!",scam,perplexity_sonar,mixed
"Shopee glitch lagi, order <DATE> kena bayar RM<RM_AMOUNT> semula to Maybank <PHONE>. I accident spend money for abang medical, pls understand and help settle.",scam,perplexity_sonar,mixed
"Lazada seller crying here, parcel stuck coz fee RM<RM_AMOUNT>. Transfer to <PHONE> RHB acc or cancel je. Family no makan tonight if no sales. Tolong lah bro <URL>",scam,perplexity_sonar,mixed
"Hiring Manager here. Urgent! Part-time TikTok like & share job, earn RM500 daily from home. Reply NOW or lose slot! <PHONE>",scam,perplexity_sonar,mixed
"Oi, confirm your affiliate job today lah! Like YouTube videos, RM<RM_AMOUNT> per day. Work from home. Send <OTP> fast, slot closing <DATE>!",scam,perplexity_sonar,mixed
"Warning! You applied for our TikTok affiliate gig? Earn RM500/day easy. Don't miss out, reply with <PHONE> immediately or blacklist!",scam,perplexity_sonar,mixed
"Hiring Manager. Part-time share & like job on TikTok, RM<RM_AMOUNT> daily work from home. Hurry, verify <URL> now before taken!",scam,perplexity_sonar,mixed
Emergency! Your YouTube affiliate position expiring soon. Earn RM500/day from rumah. Send <OTP> cepat or forfeited!,scam,perplexity_sonar,mixed
"Boss here lah. TikTok like/share part-time, RM500 daily guaranteed. Work anytime home. Reply <PHONE> urgent, no time waste!",scam,perplexity_sonar,mixed
Alert! Confirm part-time affiliate job YouTube/TikTok now. RM<RM_AMOUNT>/day from home. Click <URL> fast or cancel your app!,scam,perplexity_sonar,mixed
"Hiring now! Like & share TikTok videos, earn RM500 daily work from home. Send <OTP> within 10min or position gone forever!",scam,perplexity_sonar,mixed
"Don't ignore! YouTube affiliate part-time slot ready, RM<RM_AMOUNT> per day rumah je. Call <PHONE> sekarang or too late!",scam,perplexity_sonar,mixed
"Urgent notice from Hiring Manager. TikTok/YouTube like job, RM500 daily easy money home. Verify <URL> quick before <DATE> deadline!",scam,perplexity_sonar,mixed
"Assalamualaikum bro! Emergency derma kilat for Tahfiz kids in KL flood! They lost everything lah, donate RM50 now via <URL> and save lives! Act fast before <DATE>!",scam,perplexity_sonar,mixed
"Woi friends! Super urgent! Orphanage in Penang need RM<RM_AMOUNT> for food this week! Click <URL> donate sekarang, your sedekah will multiply blessings! Hype up!",scam,perplexity_sonar,mixed
"Hey good samaritan! I lost my wallet at LRT station, no money balik kampung. Need RM20 bus fare only! Transfer to <PHONE> or <URL>, terima kasih banyak-banyak!",scam,perplexity_sonar,mixed
"Breaking! Tahfiz centre in JB kena api, anak-anak homeless now! Derma kilat RM100 via <URL>, be hero today! Limited time offer for pahala ganda!",scam,perplexity_sonar,mixed
"Guys! Flash donation for poor orphans Raya clothes! RM<RM_AMOUNT> will make them happy! Tap <URL> now, jangan tunggu la, exciting rewards in heaven!",scam,perplexity_sonar,mixed
"Help! Stranded at Midvalley, wallet hilang, need RM30 Grab to office. Bank in to <PHONE> cepat, I'll return double tomorrow! Promise bro!",scam,perplexity_sonar,mixed
"Yay! Join our kilat derma for Tahfiz school repair after storm! Donate via <URL>, minimum RM10, get instant berkat! Hurry, ends <DATE>!",scam,perplexity_sonar,mixed
"Emergency alert! Anak yatim in Ipoh no rice to eat. Super fast donation RM50 at <URL>, your kindness will boom blessings! Klik now lah!",scam,perplexity_sonar,mixed
"Oi mate! Found lost wallet but need RM15 Touch n Go for bus home. Send to <PHONE> quick, God bless you plenty! Don't miss this!",scam,perplexity_sonar,mixed
"Hot news! Derma kilat for flood orphans in Perak, they shivering cold! RM<RM_AMOUNT> via <URL>, be the first donor and get special doa! Excited sia!",scam,perplexity_sonar,mixed
"Tolong! Saya salah daftar nombor telefon untuk BigPay RHB. TAC <OTP> ni hantar ke no anda mistakenly. Tolong forward balik kat saya cepat, sebab duit RM<RM_AMOUNT> saya stuck la. Thanks ya bro.",scam,perplexity_sonar,mixed
"Maaf ganggu, saya desperate sekarang. TAC BigPay saya hantar salah ke no anda. Tolong verify dan bagi <OTP> tu, sebab saya nak withdraw RM<RM_AMOUNT> untuk bayar hospital bill. Pls help!",scam,perplexity_sonar,mixed
"Error la sistem Maybank! TAC upgrade hantar ke phone anda instead of mine. Tolong share <OTP> untuk confirm, kalau tak duit RM<RM_AMOUNT> saya hilang. Sakit hati betul ni.",scam,perplexity_sonar,mixed
"Help verify BigPay saya dong. Salah hantar TAC <OTP> ke no anda. Forward je lah, sebab saya nak transfer RM<RM_AMOUNT> urgent untuk family. Terima kasih banyak-banyak!",scam,perplexity_sonar,mixed
"Saya miskin sekarang, TAC CIMB salah daftar hantar sini. Tolong bagi code <OTP> tu cepat, system upgrade kena verify dulu new phone. Duit RM<RM_AMOUNT> tunggu ni.",scam,perplexity_sonar,mixed
"Astaga! BigPay TAC <OTP> hantar wrong number ke anda. Saya desperate nak access akaun, tolong forward balik. RM<RM_AMOUNT> penting untuk bayar hutang. Tolonglah!",scam,perplexity_sonar,mixed
"Public Bank system upgrade, TAC salah hantar ke no anda. Pls share <OTP> untuk help saya verify, duit RM<RM_AMOUNT> saya tak boleh guna. Sedih gila!",scam,perplexity_sonar,mixed
"Tolong tolong! Saya salah register Touch n Go eWallet, TAC <OTP> datang kat phone anda. Forward lah, nak top up RM<RM_AMOUNT> untuk makan anak. Urgent!",scam,perplexity_sonar,mixed
"Maaf ya, BigPay TAC hantar mistakenly ke anda sebab I salah type no. Tolong bagi <OTP> tu, system kena verify cepat kalau tak account freeze. Duit RM<RM_AMOUNT> saya habis!",scam,perplexity_sonar,mixed
"Desperate betul! TAC UOB salah hantar untuk upgrade. Share <OTP> dengan saya please, RM<RM_AMOUNT> tu untuk bayar sewa rumah. Jangan biar saya homeless lah.",scam,perplexity_sonar,mixed
"Salam, your J&T parcel tertahan at hub sebab alamat salah. Please update details and pay RM25 customs via <URL> now lah, otherwise return balik.",scam,perplexity_sonar,mixed
Pos Laju here. Barang anda held up due to unpaid duty RM45. Click <URL> to settle payment with Maybank or CIMB before <DATE>. Urgent!,scam,perplexity_sonar,mixed
DHL Malaysia: Package cannot deliver cos wrong address. Reschedule and bayar RM30 fee at <URL>. Don't miss your item ya.,scam,perplexity_sonar,mixed
"Hi, J&T Express notice: Parcel stuck in customs, need RM18 clearance. Pay via link <URL> using Touch 'n Go or bank transfer. Cepat!",scam,perplexity_sonar,mixed
Pos Laju alert! Your delivery tertahan sebab duty belum bayar RM35. Update info and settle at <URL> sekarang.,scam,perplexity_sonar,mixed
"Dear customer, DHL parcel on hold - alamat incomplete. Please verify and pay RM22 via <URL> with Public Bank details. Thank you.",scam,perplexity_sonar,mixed
J&T: Barang anda cannot deliver due to customs fee RM28 unpaid. Click <URL> to pay and get OTP for confirmation. Fast action needed.,scam,perplexity_sonar,mixed
Pos Laju Malaysia: Package held for wrong address verification. Bayar RM40 duty at <URL> using RHB or FPX. Jangan lambat.,scam,perplexity_sonar,mixed
"DHL notice: Your item tertahan in transit, settle RM15 customs via <URL>. Call <PHONE> if issue, but pay first lah.",scam,perplexity_sonar,mixed
"Hello, J&T parcel update - stuck cos unpaid RM32 fee. Reschedule delivery at <URL> with your bank card. Proceed now to avoid return.",scam,perplexity_sonar,mixed
"Eh bro, salah masuk nombor hp aku tadi masa daftar BigPay. Tolong forward TAC yang masuk ke aku ye, urgent nk bayar hospital. Cantik hati awak ni 😘",scam,perplexity_sonar,mixed
"Hai sayang, I got your TAC by mistake for my Maybank login. Help verify BigPay aku je, share code tu la. Nanti traktir makan ye ❤️",scam,perplexity_sonar,mixed
"Oops, salah register nombor awak untuk RHB online banking. TAC dah masuk phone awak tu. Forward je la, system upgrade kena cepat. Thanks babe! 😉",scam,perplexity_sonar,mixed
"Hey handsome, BigPay aku kena issue, TAC tersalah hantar ke nombor awak. Tolong bagi code tu, nanti boleh earn <RM_AMOUNT> commission together lah 😍",scam,perplexity_sonar,mixed
"Salah entry hp number masa setup CIMB account. Tolong check TAC/OTP yang masuk, forward ke aku ye. Xleh buat transaction tanpa tu, please sayang 💕",scam,perplexity_sonar,mixed
"Hi cantik, I nk verify BigPay wallet, tapi TAC tersalah pergi ke phone awak. Share je code 6 digit tu, cepat la before expire. Muah! 😘",scam,perplexity_sonar,mixed
"Bro, system upgrade Maybank, TAC aku dah masuk nombor awak salah. Tolong bagi la, urgent nk transfer <RM_AMOUNT>. Good friend macam awak ni power! 👍😉",scam,perplexity_sonar,mixed
"Eh sis, BigPay help verify TAC yang tersalah hantar. Forward code tu je, nanti boleh claim rebate <RM_AMOUNT>. Sedap kan? Hehe ❤️",scam,perplexity_sonar,mixed
"Hai, salah daftar Public Bank, TAC dah terima kat phone awak. Tolong pass je la, kena bayar bill cepat. Awak sweet gila help macam ni 😍",scam,perplexity_sonar,mixed
"Sayang, BigPay system upgrade, TAC tersalah ke nombor hp awak. Share code tu untuk verify, nanti kita date je. Promise! 💋",scam,perplexity_sonar,mixed
"Hi, sorry lah, I keyed wrong number when registering my Maybank account. The TAC code <OTP> was sent to you by mistake. Can forward to me? Urgent need for hospital payment. Thanks ya.",scam,perplexity_sonar,mixed
"Hello, this is BigPay support here. Your account needs verification due to system upgrade. Please share the TAC <OTP> received on your phone to <PHONE>. Terima kasih.",scam,perplexity_sonar,mixed
"Eh bro, accidentally put your no. for my CIMB online banking. Got TAC <OTP> sent to you. Can pass to me? I kena bayar RM<RM_AMOUNT> now. Appreciate sia.",scam,perplexity_sonar,mixed
"Dear customer, RHB Bank system error caused TAC to be sent wrongly to this number. Kindly reply with <OTP> for us to rectify. Do not share with others. Official message.",scam,perplexity_sonar,mixed
Help verify my BigPay wallet lah. TAC <OTP> mistakenly sent to you during registration. Forward to <PHONE> so I can access my RM<RM_AMOUNT>. Makasih banyak.,scam,perplexity_sonar,mixed
"Public Bank notice: Due to recent system upgrade on <DATE>, your TAC <OTP> was dispatched erroneously. Please provide it here to secure your account.",scam,perplexity_sonar,mixed
"Oops, salah masuk nombor you punya for my Touch n Go eWallet. TAC <OTP> came to you. Can send back? Need for urgent top-up RM<RM_AMOUNT>. Sorry trouble you.",scam,perplexity_sonar,mixed
AmBank official: Wrongly sent TAC for account verification. Reply <OTP> immediately to avoid suspension. Click <URL> if no code received. Terima kasih.,scam,perplexity_sonar,mixed
"Hi, BigPay user here. System upgrade triggered TAC <OTP> to wrong number (yours). Share with me at <PHONE> to complete process. Don't worry, safe one.",scam,perplexity_sonar,mixed
UOB Malaysia alert: TAC code <OTP> erroneously delivered due to registration glitch. Kindly forward to resolve and protect your RM<RM_AMOUNT> balance.,scam,perplexity_sonar,mixed
亲爱的<Your name>，我是你的飞行员老公啊！我在KL机场送的RM<RM_AMOUNT>礼物被海关扣住了！快转钱到Maybank，不然他们威胁销毁！紧急！<PHONE>,scam,perplexity_sonar,mixed
宝贝！我的工程师包裹在Johor海关卡住啦，里面有我们的爱情礼物！需要<RM_AMOUNT>RM付税金，不然罚款爆表！快帮我，la！不然分手！<PHONE>,scam,perplexity_sonar,mixed
爱人，我在槟城送的惊喜被海关抓了！他们说要<RM_AMOUNT>RM才放行！不然没收一切！紧急转CIMB，我爱你别让我失望！<PHONE>,scam,perplexity_sonar,mixed
 darling，我是你的pilot！KLIA海关扣我礼物，威胁要罚大钱！快给<RM_AMOUNT>RM处理，不然礼物没了我们的未来也完了！Hurry up！<PHONE>,scam,perplexity_sonar,mixed
亲爱的，我工程师老公的包裹在海关出事！需要<RM_AMOUNT>RM解锁，不然他们报警！Malaysian customs很凶残！快转Public Bank！<PHONE>,scam,perplexity_sonar,mixed
宝贝！我的飞行员礼物在Iskandar海关被拦！付<RM_AMOUNT>RM税费不然销毁！我们爱情不能就这样断！Lah，帮我快点！<PHONE>,scam,perplexity_sonar,mixed
爱你！工程师包裹卡在KL海关，威胁要扣押！快汇<RM_AMOUNT>RM到RHB，不然一切完蛋！紧急紧急！我是你的老公啊！<PHONE>,scam,perplexity_sonar,mixed
亲爱的，我的pilot惊喜被Johor海关没收！需要<RM_AMOUNT>RM才放！他们说不付就烧掉！别让我们的爱白费！Transfer now！<PHONE>,scam,perplexity_sonar,mixed
 sweetheart！我在槟城机场送的礼物海关扣押！付<RM_AMOUNT>RM清关费，不然罚款上天！快帮我，la！不然我生气了！<PHONE>,scam,perplexity_sonar,mixed
宝贝，我的工程师包裹在Maybank海关检查！威胁要毁掉，除非给<RM_AMOUNT>RM！紧急行动，不然爱情结束！Call me！<PHONE>,scam,perplexity_sonar,mixed
紧急！PDRM 总部这里！你的包裹在吉隆坡机场被查到有毒品！马上有逮捕令！快click <URL> 转<RM_AMOUNT>到安全账户，不然警察马上来抓你！Act fast lah！,scam,perplexity_sonar,mixed
哇塞！LHDN 调查局打来！你涉及洗钱案，<DATE>前必须付<RM_AMOUNT>罚款到Maybank账户！不然waran tangkap发下去，全马通缉！Hurry up confirm <OTP>！,scam,perplexity_sonar,mixed
超级紧急！法院通知：你名字在毒品包裹名单！PDRM 和海关联手，账户要冻结！立即转<RM_AMOUNT>到指定CIMB户口证明清白！Don't panic but fast action！,scam,perplexity_sonar,mixed
惊爆！我是PDRM 高级警官，你的IC跟钱洗黑钱调查有关！<PHONE> call 我现在，准备<RM_AMOUNT> bail out，不然明早冲你家门！Super serious case！,scam,perplexity_sonar,mixed
快快快！LHDN 发现你包裹藏大麻！罚款<RM_AMOUNT>，转Public Bank 逃过逮捕！Waran 已打印好，click <URL> 验证！No time waste lah bro！,scam,perplexity_sonar,mixed
轰动！皇家警方这里，你卷入KL钱洗案！必须付<RM_AMOUNT>到RHB账户解冻！不然全家黑名单！Enter <OTP> now，exciting rescue chance！,scam,perplexity_sonar,mixed
注意！法院发出逮捕令，因你的毒品快递！PDRM 追踪到你HP，马上转<RM_AMOUNT>到UOB证明无辜！Act now or regret forever！,scam,perplexity_sonar,mixed
哇！LHDN 特别组：洗钱调查锁定你！<DATE>截止转<RM_AMOUNT>到AmBank，不然警察局见！Fast verify <URL>，save yourself！,scam,perplexity_sonar,mixed
紧急通告！PDRM 反恐组，你的包裹有syok大货！付<RM_AMOUNT>罚金到Hong Leong Bank逃waran！Call <PHONE> confirm，super urgent！,scam,perplexity_sonar,mixed
大新闻！法院和PDRM 联合：你钱洗黑钱+毒品！立即<RM_AMOUNT>转Standard Chartered，输入<OTP>解锁！No joke，马上do it lah！,scam,perplexity_sonar,mixed
Bantuan Sara Hidup anda telah diluluskan sebanyak <RM_AMOUNT>. Sila klik <URL> untuk claim melalui e-wallet Touch 'n Go sekarang. Jangan lepaskan peluang ini.,scam,perplexity_sonar,mixed
Tahniah! Permohonan Bantuan Sara Hidup berjaya. RM<RM_AMOUNT> akan dimasukkan ke akaun Boost anda. Verify dengan klik <URL> dan masukkan <OTP>.,scam,perplexity_sonar,mixed
Kementerian Kewangan mengesahkan: Bantuan Sara Hidup RM<RM_AMOUNT> ready untuk claim. Hubungi <PHONE> atau klik <URL> untuk proses segera via Maybank2u.,scam,perplexity_sonar,mixed
Approved! Sumbangan Asas Rahmah (SARA) anda sebanyak <RM_AMOUNT> tunggu pengesahan. Klik <URL> untuk transfer ke e-wallet ShopeePay hari ini.,scam,perplexity_sonar,mixed
Pemberitahuan rasmi: Bantuan Sara Hidup <RM_AMOUNT> telah diluluskan pada <DATE>. Claim sekarang di <URL> dengan MyKad details untuk CIMB FastCash.,scam,perplexity_sonar,mixed
Selamat! Anda layak terima RM<RM_AMOUNT> Bantuan Sara Hidup. Sila klik <URL> activate e-wallet GrabPay dan masukkan <OTP> untuk receive funds.,scam,perplexity_sonar,mixed
Jabatan Perkhidmatan Awam: Bantuan Sara Hidup anda approved RM<RM_AMOUNT>. Proses claim di <URL> melalui Public Bank app. Tindakan segera diperlukan.,scam,perplexity_sonar,mixed
Pembayaran SARA RM<RM_AMOUNT> sedia untuk e-wallet anda. Klik <URL> untuk verify identity dan transfer ke Hong Leong Bank account.,scam,perplexity_sonar,mixed
Rasmi dari Kementerian: Claim Bantuan Sara Hidup <RM_AMOUNT> sekarang. Lawati <URL> masukkan <PHONE> untuk OTP dan dapatkan via RHB Now.,scam,perplexity_sonar,mixed
Urgent: Bantuan Sara Hidup RM<RM_AMOUNT> lulus selepas semakan. Klik <URL> untuk claim ke e-wallet BigPay sebelum <DATE>. Jangan miss out.,scam,perplexity_sonar,mixed
"Sayangku, aku pilot flight KL-Singapore ni, hantar parcel penuh hadiah untuk kau je! Tapi stuck kat customs, kena bayar cukai RM<RM_AMOUNT> dulu. Tolong tolong lah baby, nk jumpa kau cepat2. Transfer ke Maybank <PHONE> ya? 😘",scam,perplexity_sonar,mixed
"Hai cantik, engineer aku kat rig minyak off coast Sabah, belikan emas untuk tunangan kita! Customs tu xleh release sebab hutang RM<RM_AMOUNT>. Nk kahwin awal2 ni, tolong bayar dulu guna CIMB <PHONE>. Miss you lah sayang! 💕",scam,perplexity_sonar,mixed
"Baby, aku engineer project Petronas, hantar parcel cinta untuk kau dari Dubai. Stuck kat KLIA customs, kena RM<RM_AMOUNT> bayar duty. Cepat transfer Public Bank <PHONE> je, lepas tu kita video call panjang2. Love you gila! 🔥",scam,perplexity_sonar,mixed
"Sweetheart, pilot aku delay flight sebab parcel hadiah kau kena tahan customs. Isi penuh barang mewah je untuk kau. Tolong bayar RM<RM_AMOUNT> ke RHB <PHONE>, nanti aku balik cepat peluk kau. Jangan risau ya darling? 😍",scam,perplexity_sonar,mixed
"Sayang, aku engineer offshore, hantar coklat Swiss + jam tangan Rolex untuk valentine kita! Customs minta RM<RM_AMOUNT> release. Nk je jumpa kau, transfer Maybank <PHONE> sekarang lah. Kau terbaik hati aku! ❤️",scam,perplexity_sonar,mixed
"Hai love, pilot flight long haul ni, parcel surprise untuk kau stuck kat customs KL. Kena cukai RM<RM_AMOUNT> je. Tolong bayar guna UOB <PHONE>, lepas tu aku fly balik straight to you. Sedap kan? 😉",scam,perplexity_sonar,mixed
"Cantikku, engineer aku beli beg LV + perfume untuk kau, tapi customs xleh bagi sebab hutang RM<RM_AMOUNT>. Cepat transfer CIMB <PHONE> ya baby, nk tunjuk cinta aku kat kau. Miss your smile! 🥰",scam,perplexity_sonar,mixed
"Darling, aku pilot MAS, hantar parcel emas + wang poket untuk kita honeymoon. Tapi kena bayar RM<RM_AMOUNT> customs dulu. Public Bank <PHONE> je, tolong sayang. Lepas ni kita forever! 💑",scam,perplexity_sonar,mixed
"Baby girl, engineer rig Bintulu ni, hadiah anniversary stuck customs RM<RM_AMOUNT>. Nk je peluk kau tight, transfer RHB <PHONE> cepat lah. Kau satu-satunya hati aku! 😘",scam,perplexity_sonar,mixed
"Sayang hati, pilot aku hantar parcel full barang branded untuk kau je dari London. Customs KL minta RM<RM_AMOUNT> release. Maybank <PHONE> tolong bayar, nanti aku cerita semua rahsia cinta kita. Hot kan? 🔥",scam,perplexity_sonar,mixed
"Eh bro, salah daif nombor hp for my BigPay top up lah! Super urgent, can forward the TAC code you kena? Win big promo inside siahh! <OTP>",scam,perplexity_sonar,mixed
"Woi friend, my RHB TAC mistakenly sent to you cos I key wrong number when beli Shopee stuff. Exciting deal waiting! Share the code cepat lah! <OTP>",scam,perplexity_sonar,mixed
"Hey, BigPay system upgrade ongoing, kena verify my account with your TAC now! RM500 bonus if success, hype gila! Send <OTP> to me pls!",scam,perplexity_sonar,mixed
"Oops salah register Maybank2u, TAC landed on your phone! Help verify my BigPay transfer RM<RM_AMOUNT>, super fast rich chance! <OTP>",scam,perplexity_sonar,mixed
"Bro, exciting BigPay promo! My TAC wrongly sent to you during registration. Forward <OTP> now, claim RM<RM_AMOUNT> free credit sia!",scam,perplexity_sonar,mixed
"Maybank TAC error lah, I daif wrong hp for online shopping. Help la share the code, BigPay upgrade giving massive rewards! <OTP>",scam,perplexity_sonar,mixed
"Wah lau, system upgrade BigPay need your help verify TAC! Accidentally kena your number, send <OTP> cepat for RM<RM_AMOUNT> jackpot!",scam,perplexity_sonar,mixed
"Eh sis, RHB BigPay top-up salah hantar TAC to you! Super hype promo inside, forward <OTP> now don't miss out lah!",scam,perplexity_sonar,mixed
"Help verify my Maybank TAC for BigPay, wrong number keyed during <DATE>! Excited gila, RM<RM_AMOUNT> return if you share <OTP> fast!",scam,perplexity_sonar,mixed
"BigPay system upgrade alert! My TAC sent to you by mistake, bro. Share <OTP> sekarang for instant bonus, shiok lah this one!",scam,perplexity_sonar,mixed
"🚨 PDRM ALERT! Nama awak ada dalam senarai money laundering! Package awak kat Miri ada dadah RM<RM_AMOUNT>! Jangan xleh blah, waran tangkap dah siap! Call <PHONE> sekarang atau arrest malam ni je! <URL>",scam,perplexity_sonar,mixed
"⚠️ INSPECTOR MAZL AN PDRM! Akaun Bank Islam awak kena freeze sebab drug package dari Perlis! Transfer <RM_AMOUNT> ke akaun selamat NK! Cepat xleh tunggu, court order <DATE>! Reply OTP <OTP>! <URL>",scam,perplexity_sonar,mixed
"🔥 URGENT LHDN! Awak terlibat money laundering investigation! Parcel awak ada ganja, RM<RM_AMOUNT> kena bayar sekarang! PDRM tunggu luar pintu je! Hantar <PHONE> atau tangkap! <URL>",scam,perplexity_sonar,mixed
"🚔 SERGEANT ADAM CALL! Package awak ke Sarawak ada drugs, nama awak blacklisted PDRM! Jangan nk tangkap? Transfer cepat <RM_AMOUNT> je! Call <PHONE> atau waran keluar <DATE>! <URL>",scam,perplexity_sonar,mixed
😱 MAHKAMAH NOTIS! Awak under investigation money laundering + dadah parcel! LHDN & PDRM dah confirm! Bayar <RM_AMOUNT> sekarang NK selamatkan diri! <PHONE> tu je! <URL>,scam,perplexity_sonar,mixed
🚨 PUDU PDRM HOTLINE! Akaun Maybank awak linked to drug package Miri! RM<RM_AMOUNT> mesti transfer urgent atau arrest hari ni! Reply <OTP> cepat xleh lambat! <URL>,scam,perplexity_sonar,mixed
⚡ WARAN TANGKAP! Nama awak ada kes laundering duit + parcel dadah! Court bagi <DATE> je! Call <PHONE> transfer <RM_AMOUNT> atau police datang rumah! Hype up settle! <URL>,scam,perplexity_sonar,mixed
"🔥 INSPECTOR YONG PDRM! Investigation money laundering confirm, package awak penuh drugs! Jangan panik, bayar <RM_AMOUNT> ke akaun selamat NK! <PHONE> sekarang! <URL>",scam,perplexity_sonar,mixed
🚔 LHDN URGENT! Akaun Tabung Haji awak kena flag drug trafficking! Transfer <RM_AMOUNT> cepat atau PDRM arrest! Xleh tunggu <DATE>! Hantar OTP <OTP>! <URL>,scam,perplexity_sonar,mixed
😤 PDRM MACAU SYNDICATE BUST! Nama awak muncul dalam drug package Perlis! Bayar <RM_AMOUNT> sekarang je atau waran tangkap keluar! Call <PHONE> hype settle! <URL>,scam,perplexity_sonar,mixed
"Hey bro, got your wedding invite from <PHONE>? So sweet lah, download APK to view pretty design ya! <URL> Don't miss out hor![scam]",scam,perplexity_sonar,mixed
"Dear, our special day coming soon! Download this cute menu card APK to see feast details. So exciting kan? <URL> Love you![scam]",scam,perplexity_sonar,mixed
"Oi friend, update your Maybank app now lah, got RM50 voucher free! Just download latest APK here <URL> Fast before finish hor![scam]",scam,perplexity_sonar,mixed
Wedding invitation for you my dear! Open this APK file to RSVP and see photos. Cannot wait to celebrate together ya <URL>![scam],scam,perplexity_sonar,mixed
"CIMB bank alert: Your account need update to avoid suspend. Download APK now <URL> Super easy, protect your RM<RM_AMOUNT> balance lah![scam]",scam,perplexity_sonar,mixed
"Eh sayang, check out our wedding menu card APK! All the yummy food listed inside. Download cepat <URL> Hungry already sia![scam]",scam,perplexity_sonar,mixed
"Public Bank app update ready! Get it via APK to claim RM<RM_AMOUNT> cashback. Don't lazy lah, download <URL> now![scam]",scam,perplexity_sonar,mixed
Congrats on the invite! Tap download APK for full wedding details and map. So romantic hor <URL> See you there ya![scam],scam,perplexity_sonar,mixed
"RHB Now banking app got new version APK. Update to secure your funds, free RM20 too! Link here <URL> Tak boleh miss![scam]",scam,perplexity_sonar,mixed
Special wedding APK for you! View invitation card with animations inside. Download lah <URL> Make you smile big time![scam],scam,perplexity_sonar,mixed
"Hai lah, good news sia! I'm Hiring Manager from TikTok Affiliate Team. We hiring part-time likers & sharers, work from home je, earn RM500 daily gila easy. Click <URL> to start now ya!",scam,perplexity_sonar,mixed
"Hello bro/sis, super exciting offer! Like & share YouTube videos only, flexible hours at home. RM500 masuk poket every day. Reply 'YES' or call <PHONE> for details, jom join cepat!",scam,perplexity_sonar,mixed
"Eh, dream job alert! Hiring Manager here, part-time TikTok affiliate. Like few videos, share sikit, done! RM500 daily, no experience needed. Verify with <OTP> and <URL> to claim spot.",scam,perplexity_sonar,mixed
"Hey handsome/pretty, got part-time gig for you! YouTube like & share from home, earn RM500/day macam main-main je. Hiring Manager speaking, tap <URL> now before slots penuh!",scam,perplexity_sonar,mixed
"Salam, friendly reminder from Hiring Manager. TikTok part-time job open: like, share, relax at home. RM500 daily guaranteed, bank in Maybank/POSB fast. Call <PHONE> to register lah!",scam,perplexity_sonar,mixed
"Wah, lucky you! We from Affiliate Team hiring for YouTube/TikTok sharers. Work from home, RM500 per day senang giler. Enter <OTP> here and visit <URL> to lock your position ya.",scam,perplexity_sonar,mixed
"Hi sayang, Hiring Manager got special offer. Part-time like & share videos on TikTok, earn RM500 daily without keluar rumah. So tempting kan? Reply or <URL> sekarang!",scam,perplexity_sonar,mixed
"Bro, jangan lepaskan peluang! YouTube affiliate part-time, like share je, RM500 masuk akaun harian. Hiring Manager confirm, call <PHONE> or click <URL> for training free.",scam,perplexity_sonar,mixed
"Hello darling, easy money time! TikTok/YouTube liker job from home, RM500/day. Hiring Manager here, slots limited. Use <OTP> to verify and start earning besok!",scam,perplexity_sonar,mixed
"Oi, got hot job for you lah! Part-time affiliate, share videos TikTok style, work rumah je. RM500 daily, Hiring Manager approve. Check <URL> and reply <PHONE> fast fast!",scam,perplexity_sonar,mixed
"Hai sayang! Bantuan Sara Hidup kau dah approved RM<RM_AMOUNT> je. Cepat claim la, klik <URL> tu nk masuk e-wallet Touch n Go kau. Jangan lambat ye, xleh tunggu lama ni! 😘",scam,perplexity_sonar,mixed
"Eh bro, selamat! STR Bantuan Tunai Rahmah RM<RM_AMOUNT> dah siap untuk kau. Verify OTP <OTP> kat <URL> la, masuk terus ke Maybank kau. Pantas je, jom cepat! 😉",scam,perplexity_sonar,mixed
"Cantik hati aku nampak nama kau eligible Bantuan Sara Hidup RM<RM_AMOUNT>. Klik <URL> nk claim, transfer ke Boost e-wallet. Jangan sia-sia peluang ni ye sayang! 💕",scam,perplexity_sonar,mixed
"Woi, kau beruntung la! Approved Bantuan e-Wallet RM<RM_AMOUNT> dari govt. Hantar <PHONE> kau kat <URL> untuk confirm. Cepat, sebelum habis kuota! 😍",scam,perplexity_sonar,mixed
"Sayang, Bantuan Tunai Sara Hidup RM<RM_AMOUNT> dah ready untuk kau je. Klik <URL> dan masukkan IC, terus masuk CIMB account. Jom la, nk treat kau! 🥰",scam,perplexity_sonar,mixed
"Hehe, kau kena Bantuan Rahmah RM<RM_AMOUNT> ni! Claim kat <URL> dengan OTP <OTP>, masuk e-wallet ShopeePay. Xleh miss tau, pantas claim! 😘",scam,perplexity_sonar,mixed
"Hai gurl, approved la Bantuan Sara Hidup RM<RM_AMOUNT> untuk kau. Klik <URL> je nk verify bank Public Bank kau. Cepat sayang, duit menanti! 💋",scam,perplexity_sonar,mixed
"Bro, selamat pagi! STR e-Wallet claim RM<RM_AMOUNT> dah confirm. Hantar <PHONE> ke <URL> untuk proses. Jom la, nk belanja kau makan! 😉",scam,perplexity_sonar,mixed
"Wah, kau eligible Bantuan Tunai RM<RM_AMOUNT> je! Klik <URL> dan OTP <OTP> untuk masuk GrabPay. Jangan lambat ni, peluang emas tau! 😍",scam,perplexity_sonar,mixed
"Sayangku, Bantuan Sara Hidup RM<RM_AMOUNT> dah lulus untuk kau. Verify kat <URL> dengan no akaun RHB kau. Cepat claim, nk puaskan hati kau! 💖",scam,perplexity_sonar,mixed
Oi! PDRM here lah! Your name got link with drug package from KLIA tu! Waran tangkap dah keluar! Quick quick transfer <RM_AMOUNT> to this secure account before we raid your house tonight ah! <URL> now!,scam,perplexity_sonar,mixed
"Emergency! LHDN officer speaking! You involved in money laundering case sia! <DATE> your account will freeze if don't settle <RM_AMOUNT> fine immediately! Hantam transfer to PDRM account la, fast fast!",scam,perplexity_sonar,mixed
Woi! ASP from PDRM! Your IC number pop up in drug syndicate list! Got parcel with ganja at customs! Pay <RM_AMOUNT> bail now or we sambut you at door tomorrow morning! Click <URL> and send OTP!,scam,perplexity_sonar,mixed
"Halo! Mahkamah Kuala Lumpur calling! You under investigation for money laundering from Maybank transactions! Waran arrest ready! Transfer <RM_AMOUNT> to court escrow account cepat lah, don't kena tangkap!",scam,perplexity_sonar,mixed
"Yoo! PDRM Anti-Narcotics Unit! Your phone number linked to heroin package seized in Penang! Super urgent, pay <RM_AMOUNT> to clear name before team comes arrest you! <PHONE> for details now!",scam,perplexity_sonar,mixed
"Alert! LHDN Tax Fraud Division! Your tax return got money laundering red flag! <RM_AMOUNT> penalty or we blacklist all your CIMB accounts and issue waran! Transfer fast ah, click <URL>!",scam,perplexity_sonar,mixed
Bro! Court officer here! Drug package with your address found in JB! Investigation confirm money laundering too! Settle <RM_AMOUNT> fine sekarang or PDRM van outside your house soon! Send <OTP> la!,scam,perplexity_sonar,mixed
"Wah lau! PDRM HQ! You name in blacklist for ecstasy parcel from overseas! Pay <RM_AMOUNT> to secure release before <DATE> arrest warrant execute! Hype up, transfer to this Maybank now!",scam,perplexity_sonar,mixed
Oi oi! LHDN + PDRM joint op! Your Public Bank got trace to drug money! Super serious case! Quick transfer <RM_AMOUNT> to freeze lift account or kena tangkap and court straight away lah!,scam,perplexity_sonar,mixed
"Tengah panic? Mahkamah Shah Alam! Waran tangkap for you cause money laundering + drug link! Pay <RM_AMOUNT> immediately via <URL> and give <OTP>, we settle for you fast fast no problem!",scam,perplexity_sonar,mixed
"Hai darling, this is Inspector Aishah from PDRM Cyber Unit. Your name linked to drug package at KLIA customs ya. Don't worry lah, settle quick can clear. Transfer RM5,000 to secure account now, I guide you step by step. Call <PHONE> or click <URL> my sweet.",scam,perplexity_sonar,mixed
"Hello handsome, LHDN officer here, Nadia speaking. Got money laundering case on your Maybank account, involve RM10,000 suspicious funds. No need panic, we can resolve privately. Send <OTP> and RM3,000 fee to this secure link <URL>, then we close case for you okay?",scam,perplexity_sonar,mixed
"Sayang, Courts officer Razak from Putrajaya. Waran tangkap issued for you cos drug parcel with ganja in your name. But I like you, help settle RM8,000 now via transfer, I cancel warrant personally. Reply fast, or police come doorsteps. <PHONE> for details.",scam,perplexity_sonar,mixed
"Hey cutie, PDRM HQ calling, ASP Lina. Your IC involved in drug smuggling from Penang port. Threat arrest if not clear. Transfer RM4,500 to holding account, I make sure everything smooth. Trust me lah, click <URL> and follow instructions darling.",scam,perplexity_sonar,mixed
"Good afternoon sayangku, this LHDN audit team, En. Farid. Money laundering probe on your CIMB savings, RM15,000 flagged. Don't stress, pay RM6,000 clearance fee now, case dropped. Share <OTP> here, I handle sweetly for you. Call <PHONE>.",scam,perplexity_sonar,mixed
"Baby, Inspector Siti from PDRM Narcotics. Package with syabu addressed to you seized at JB checkpoint. Waran tangkap ready, but cooperate transfer RM7,000 to secure wallet, I protect you. So easy peasy, just <URL> and done. Miss you already.",scam,perplexity_sonar,mixed
"Halo gorgeous, Courts clerk Aina here. Your name in drug trafficking list, investigation from LHDN too. Need RM2,500 bond immediate to avoid arrest. Friendly advice: transfer to <PHONE> linked account now, I whisper more secrets later.",scam,perplexity_sonar,mixed
"Darling, PDRM Commercial Crime officer Amir. Money laundering with RM12,000 from fake parcel drugs. No arrest if you pay RM9,000 verification fee quick. Click <URL>, enter <OTP>, we settle private lah. You're safe with me.",scam,perplexity_sonar,mixed
"Sweetie pie, LHDN special unit, Cik Nur. Drug package linked to your Public Bank, waran from courts coming. Relax, RM4,000 fine settles all by today <DATE>. Transfer now, I reward you with good news. <PHONE> tuan.",scam,perplexity_sonar,mixed
"Hey love, ASP Mimi PDRM. Got your file for money laundering via drug courier in your name. Threatening arrest unless RM11,000 to safe account. I got soft spot for you, follow <URL> and pay, everything kena clear smooth smooth.",scam,perplexity_sonar,mixed
"Woi bro! Shopee order kau tu system error lah, kena bayar balik RM<RM_AMOUNT> cepat sikit to Maybank <PHONE> ni. Refund wallet masuk terus excited gila! PM sekarang <URL>",scam,perplexity_sonar,mixed
"Yay! Lazada flash sale kau menang iPhone free! Tapi kena verify dulu la, transfer RM50 to CIMB <PHONE> for refund wallet. Cepat before <DATE> habis stock! <URL>",scam,perplexity_sonar,mixed
"Eh korang! Carousell seller sini, barang kau ready tapi postage fee RM<RM_AMOUNT> je. Bayar Public Bank <PHONE> la, then PM tepi for tracking. Hype betul deal ni! <URL>",scam,perplexity_sonar,mixed
"Super excited! Mudah.my order kau ada issue, system glitch need topup RM<RM_AMOUNT> to Touch n Go wallet <PHONE>. Refund double masuk soon! Klik <URL> now!",scam,perplexity_sonar,mixed
"Bro! Shopee PM tepi: Parcel kau stuck, bayar balance RM<RM_AMOUNT> to RHB <PHONE> cepat. Lepas tu wallet refund bombastic! Jangan lambat la <URL>",scam,perplexity_sonar,mixed
"Wah lau eh! Lazada lucky draw menang voucher RM500! Claim with OTP <OTP> and transfer small fee RM20 to UOB <PHONE>. Hype gila, free shopping! <URL>",scam,perplexity_sonar,mixed
"Tengok ni! Carousell seller hype sale, iPad murah tapi kena settle admin RM<RM_AMOUNT> to AmBank <PHONE> dulu. PM for details, refund wallet fast! <URL>",scam,perplexity_sonar,mixed
"Yesss! Mudah.my system error on your order, bayar lagi RM<RM_AMOUNT> to Hong Leong <PHONE> je. Then full refund + bonus masuk wallet! Excited tak? <URL>",scam,perplexity_sonar,mixed
"Korang jangan miss! Shopee fake charge issue, topup RM<RM_AMOUNT> to Alliance Bank <PHONE> sekarang. Wallet refund x10 lipat hype betul! Klik <URL>",scam,perplexity_sonar,mixed
"Boom! Lazada parcel ready tapi need confirm payment RM<RM_AMOUNT> to BSN <PHONE>. PM tepi for tracking, refund wallet masuk malam ni la! Super deal <URL>",scam,perplexity_sonar,mixed
"Sayangku, saya Pilot Ahmad dari KL, sekarang di lapangan terbang Dubai. Saya hantar parcel hadiah emas dan wang RM50,000 untuk kita kahwin, tapi kastam Malaysia tahan di KLIA. Tolong bayar cukai pelepasan <RM_AMOUNT> ke Maybank akaun <PHONE> supaya kita boleh bersama soon ya? Saya rindu awak sangat ❤️ <URL>",scam,perplexity_sonar,mixed
"Habibti tercinta, Engineer Ali ni, asal Johor tapi kerja offshore di Laut China Selatan. Dah hantar gift istimewa - jam tangan Rolex dan duit poket untuk awak. Stuck kat customs JB, kena settle bayaran <RM_AMOUNT> guna <OTP> dari CIMB Click. Cepat ya sayang, nanti kita fly ke Paris berdua! 😘 <URL>",scam,perplexity_sonar,mixed
"Puisi hati saya untuk awak: Awak cahaya hidup saya. Saya Kapten Rahman, pilot MAS, hantar parcel cinta berisi barang kemas dan <RM_AMOUNT> wang tunai. Pegawai kastam hubungi, perlu bayar denda di PNB akaun <PHONE> untuk release. Jangan biar halangan ni pisahkan kita, tolong sekali ni je ❤️ <URL>",scam,perplexity_sonar,mixed
"Sayang, Engineer Iskandar dari Penang ni, tengah project di Singapura. Saya surprise awak dengan parcel besar - iPhone latest dan cash RM20,000. Tapi Kastam KL minta <RM_AMOUNT> bayaran urgent via Public Bank <OTP>. Saya tak sabar nak peluk awak, settle cepat lah ye? Miss you so much! 💕 <URL>",scam,perplexity_sonar,mixed
"Cinta saya, Pilot Farid asal Melaka, flight ke Australia tapi hantar hadiah dulu untuk tunang kita. Parcel tu ada wang dan cincin berlian, stuck customs LCCT. Tolong transfer <RM_AMOUNT> ke RHB Bank <PHONE> guna <OTP>, nanti kita balik kampung bersama. Awak buah hati saya selamanya 😍 <URL>",scam,perplexity_sonar,mixed
"Darling, saya Engineer Hassan dari Ipoh, kerja di rig minyak Sabah. Dah pos parcel spesial - emas 24k dan <RM_AMOUNT> untuk masa depan kita. Pegawai kastam minta bayar cukai di AmBank akaun <PHONE>. Cepat settle supaya parcel sampai tangan awak, saya janji kahwin bulan depan ya sayang? ❤️ <URL>",scam,perplexity_sonar,mixed
"Awak soulmate saya, Kapten Zain pilot AirAsia, hantar gift romantis dari Bali - wang tunai dan tas branded. Tapi tertahan kat customs Penang, kena <RM_AMOUNT> pelepasan via Maybank2u <OTP> ke <PHONE>. Tolong ya cintaku, nanti kita honeymoon di Langkawi berdua je! 😘 <URL>",scam,perplexity_sonar,mixed
"Sayang manis, Engineer Khalid ni, project di KL tapi hantar parcel dari luar untuk awak. Isi duit poket RM30,000 dan barang kemas, stuck di Kastam LCCT. Bayar <RM_AMOUNT> urgent ke CIMB <PHONE> guna <OTP>. Saya tak tahan rindu, cepat lah settle supaya kita jumpa! Love you forever 💖 <URL>",scam,perplexity_sonar,mixed
"Hati saya milik awak, Pilot Syed dari Terengganu, flight ke Europe tapi parcel hadiah dah sampai KL. Kastam minta <RM_AMOUNT> denda PNB <PHONE> untuk release wang dan jam mewah tu. Tolong sekali ni ya habibti, nanti kita bina keluarga bahagia bersama ❤️ <URL>",scam,perplexity_sonar,mixed
"Cinta sejati, Engineer Mahmud asal Kedah, kerja di Batam. Surprise parcel - cash besar dan perhiasan untuk awak. Tertahan customs JB, settle <RM_AMOUNT> via RHB <OTP> ke <PHONE>. Saya tak boleh hidup tanpa awak, cepat bayar ya sayang, mimpi kita tunggu! 😍 <URL>",scam,perplexity_sonar,mixed
"Oi, your Maybank account kena hack! Urgent update app sekarang or lose all your RM. Download APK here: <URL>",scam,perplexity_sonar,mixed
Wedding invitation from your cousin in KL! Cannot view without APK lah. Hurry download before <DATE>: <URL>,scam,perplexity_sonar,mixed
CIMB bank alert: Suspicious RM<RM_AMOUNT> transaction. Verify now or account suspended! Install update APK: <URL>,scam,perplexity_sonar,mixed
"Parcel from PosLaju stuck, pay RM<RM_AMOUNT> fine fast! Download tracking APK to settle: <URL>",scam,perplexity_sonar,mixed
Your BSH aid RM<RM_AMOUNT> ready but need verify. Download gov app APK immediately: <URL>,scam,perplexity_sonar,mixed
Public Bank OTP intercepted! Update security APK sekarang or scammers take everything: <URL>,scam,perplexity_sonar,mixed
"Menu card for family dinner event! View details only with this APK, jangan lambat: <URL>",scam,perplexity_sonar,mixed
Traffic summons RM<RM_AMOUNT> unpaid! Download JPJ app APK to check & pay before court: <URL>,scam,perplexity_sonar,mixed
"RHB bank app crash, urgent fix! Install this APK or cannot access funds tomorrow: <URL>",scam,perplexity_sonar,mixed
"Wedding RSVP from friend in Penang, open APK to confirm attendance cepat-cepat: <URL>",scam,perplexity_sonar,mixed
"Hey bro, need quick cash? Pinjaman Wang Berlesen approved in 30min, 0% interest, blacklist OK! Just pay small processing fee RM200 at <URL> lah. Fast & easy wor~ 😘",scam,perplexity_sonar,mixed
"Hai handsome, saya ada special loan for you! Ah Long approved, no guarantor, blacklist pun boleh. Transfer insurance fee RM150 to <PHONE> then wang masuk akaun tomorrow ya~ 💋",scam,perplexity_sonar,mixed
"Good news! Your Pinjaman Wang application approved RM10,000. 0% interest forever, even CTOS blacklisted OK. Pay upfront admin fee RM300 via <URL> now, cepat kasi! 😉",scam,perplexity_sonar,mixed
"Darling, urgent loan ready for you! Fast approval, no interest, blacklist no problem. Just settle processing fee RM250 first at <URL>, then enjoy your money lah sayang~ 😍",scam,perplexity_sonar,mixed
"Eh korang, Pinjaman Wang Berlesen here! 0% interest, approve dalam seminit, blacklist pun pass. Send insurance deposit RM180 to <PHONE> je, wang transfer terus! Sweet deal wor~ 💕",scam,perplexity_sonar,mixed
"Hi sexy, I got the best Ah Long loan for you. Guaranteed approval, 0% rate, no check needed. Pay small fee RM220 via <URL> for processing, then relax with cash ya~ 😜",scam,perplexity_sonar,mixed
"Nak duit cepat? Pinjaman approved RM5,000, 0% interest, blacklist OK! Transfer admin charge RM150 to <PHONE> now, esok dah boleh guna. Don't miss out lah bro! 🔥",scam,perplexity_sonar,mixed
"Baby, special offer Pinjaman Wang! Fast approve, zero interest, even bad record pun boleh. Just pay insurance RM199 at <URL>, wang masuk immediately wor~ 😘💰",scam,perplexity_sonar,mixed
"Hello sayang, Ah Long Pinjaman ready! 0% interest, no hassle approval, blacklist no issue. Settle processing fee RM280 via <PHONE>, then happy spending lah~ 😉",scam,perplexity_sonar,mixed
"Yoyo, got super fast loan for you! Pinjaman Wang Berlesen, 0% rate, blacklist approved. Pay upfront fee RM170 at <URL> je, duit masuk akaun hari ni! Come on, easy money~ 😍",scam,perplexity_sonar,mixed
"Salam, this is official Pinjaman Wang Berlesen from BSN agent. You approved for <RM_AMOUNT> loan, 0% interest, blacklist OK also can la. Just transfer <RM_AMOUNT> processing fee to <PHONE> now, fast approval within 1 hour.",scam,perplexity_sonar,mixed
"Hai, Maybank Loan Department here. Pinjaman wang cepat, RM<RM_AMOUNT> with no collateral needed. Blacklist pun tak apa. Pay insurance fee <RM_AMOUNT> upfront via <URL>, then money masuk akaun you straight away.",scam,perplexity_sonar,mixed
"Assalamualaikum, Ah Long berlesen approved your application for <RM_AMOUNT> pinjaman. 0% faedah, instant transfer. Send admin fee RM<RM_AMOUNT> to this number <PHONE>, limited slots only, act fast lah bro.",scam,perplexity_sonar,mixed
"Dear customer, Public Bank Pinjaman Wang team. You eligible for fast cash loan <RM_AMOUNT>, tak payah check CCRIS. Transfer processing and insurance RM<RM_AMOUNT> sekarang, by <DATE> must done or offer expire.",scam,perplexity_sonar,mixed
"Hello, this official from CIMB Ah Long services. Pinjaman berlesen RM<RM_AMOUNT>, 0% interest forever. Blacklist OK, just pay upfront fee <RM_AMOUNT> to <PHONE>, then we proceed with OTP verification.",scam,perplexity_sonar,mixed
"Pinjaman wang mudah approved! From licensed agent RHB Bank. Get <RM_AMOUNT> today, no documents needed. Transfer RM<RM_AMOUNT> for processing fee via <URL>, money will come back with loan amount la.",scam,perplexity_sonar,mixed
"Selamat pagi, Bank Islam Pinjaman Department. Your <RM_AMOUNT> syariah loan approved, blacklist tak kisah. Bayar insurance fee RM<RM_AMOUNT> first to <PHONE>, then pinjaman transfer dalam 30 minit.",scam,perplexity_sonar,mixed
"Urgent! AEON Credit Ah Long offer: RM<RM_AMOUNT> pinjaman wang, 0% interest, fast approval. Send <RM_AMOUNT> admin charge now to this <URL>, or lose chance forever lah.",scam,perplexity_sonar,mixed
"Official msg from UOB Loan Centre. Pinjaman berlesen <RM_AMOUNT>, tak payah collateral or check. Just transfer processing fee RM<RM_AMOUNT> to <PHONE>, key in <OTP> for release.",scam,perplexity_sonar,mixed
"Hai lah, Standard Chartered Pinjaman Wang agent. Approved RM<RM_AMOUNT> for you, 0% faedah, blacklist pun boleh. Upfront insurance RM<RM_AMOUNT> bayar sekarang via <PHONE>, by <DATE> must settle or cancel.",scam,perplexity_sonar,mixed
紧急！PDRM总部通知：你的包裹被查获，内藏毒品！waran tangkap 已发出，立即转账 <RM_AMOUNT> 到安全账户避免逮捕。拨 <PHONE> 确认！勿挂断！[2],scam,perplexity_sonar,mixed
LHDN 调查局：你涉嫌洗钱，账户将被冻结！包里有drugs，快付 <RM_AMOUNT> RM 到 <URL> 结算。否则法院传票即到！Call <PHONE> now！[1],scam,perplexity_sonar,mixed
注意！皇家警方PDRM：你的名字在money laundering 名单，包裹含非法物品。限 <DATE> 前转<RM_AMOUNT> 到指定Maybank账户。不然上门抓人！<PHONE> 联络！[2],scam,perplexity_sonar,mixed
法院通知：你卷入毒品走私案，waran tangkap 已签发！紧急转移 <RM_AMOUNT> RM 保释，避免被捕。点击<URL> 或打<PHO NE>！Jangan lari！[5],scam,perplexity_sonar,mixed
PDRM反洗钱组：检测到你的包裹有syok drugs！调查中，付<RM_AMOUNT> 到LHDN账户解冻。不然全家遭殃！立即<PHO NE> 或<URL>！[2],scam,perplexity_sonar,mixed
紧急警报！马来西亚法院：钱洗黑钱案牵涉你，毒品包裹被截。快转<RM_AMOUNT> RM，不然警察到门！验证<OTP> 打<PHO NE>！[1],scam,perplexity_sonar,mixed
PDRM总部：你被列为suspect，包裹内drugs smuggling！waran tangkap 随时执行，转<RM_AMOUNT> 到CIMB安全户。Call <PHONE> 别迟！[4],scam,perplexity_sonar,mixed
LHDN 税务局：洗钱调查，你的账户有问题！包里有ganja，快付<RM_AMOUNT> RM 避免逮捕。访问<URL> 或<PHO NE> 立即！Tak boleh tunggu！[2],scam,perplexity_sonar,mixed
皇家马来西亚警方：致命accident 涉及你的车，钱洗+drugs！法院waran 已出，转<RM_AMOUNT> 保释金。不然抓去lockup！<PHONE> now！[5],scam,perplexity_sonar,mixed
紧急！PDRM + LHDN 联合：你的包裹藏毒，洗钱罪名成立！限时转<RM_AMOUNT> RM 到Public Bank。不付就arrest！输入<OTP> 致<PHO NE>！[1],scam,perplexity_sonar,mixed
亲爱的，我是马来西亚航空的工程师David。我们聊了好久，我特地从吉隆坡寄了礼物给你，包括名牌包和珠宝。但海关扣住了，需要缴<RM_AMOUNT>税款才能放行。请帮我转到Maybank账户<PHONE>，不然礼物就没了。爱你！,scam,perplexity_sonar,mixed
宝贝，你好呀！我是Petronas石油工程师Alex，现在在槟城项目。给你寄了惊喜礼物，但Johor海关要求付<RM_AMOUNT>清关费。快用Public Bank转给我<PHONE>，不然要罚款销毁。谢谢你这么信任我！,scam,perplexity_sonar,mixed
嗨，亲爱的Malaysia girl。我是工程师Michael，从KL机场寄的爱之礼物被CIMB银行海关拦住。要<RM_AMOUNT>才能取回钻戒和手表。请输入<OTP>验证，转到这个号码<PHONE>。我们很快见面啦！,scam,perplexity_sonar,mixed
"我的爱人，我在沙巴做飞行员pilot，给你买了LV包包寄来。但海关说要付<RM_AMOUNT>费用，不然退回。麻烦用RHB Bank转<PHONE>，我马上补给你。Manglish style: 快点lor, don't want waste mah。",scam,perplexity_sonar,mixed
Hello sayang，我是工程师Tom，从怡保寄礼物给你庆祝我们的爱。但海关通知需要<RM_AMOUNT>缴税。点击<URL>查看包裹详情，然后转Maybank <PHONE>。你是我的一切！,scam,perplexity_sonar,mixed
亲爱的，我Petronas的senior engineer John。给你寄了惊喜，但KL海关扣了，要<RM_AMOUNT>才能释放。Use UOB Bank转<PHONE>，我保证双倍还你。谢谢宝贝这么帮我！,scam,perplexity_sonar,mixed
"Lah, my dear，我们感情这么好，我工程师Ben从Miri寄礼物来。但海关要<RM_AMOUNT>，不然丢掉。快转Public Bank <PHONE>，输入<OTP>确认。爱你到天边！",scam,perplexity_sonar,mixed
宝贝，我是航空pilot Kevin，在槟城。礼物包被海关拦，要付<RM_AMOUNT>税款取回名表和香水。转CIMB <PHONE>，我下周飞来见你。Can trust me one！,scam,perplexity_sonar,mixed
亲爱的Malaysia heart，我工程师Lee从Johor寄爱礼物。但海关要求<RM_AMOUNT>，点击<URL>授权转RHB <PHONE>。别担心，我马上补偿。永远爱你！,scam,perplexity_sonar,mixed
"Hi love，我Petronas engineer Sam。给你的大礼物在海关卡住，需要<RM_AMOUNT>清关费。Maybank转<PHONE>，用<OTP>验证。Thank you so much, you are my hero lah！",scam,perplexity_sonar,mixed
"URGENT! This is Insp. Rahman from PDRM. Your name linked to drug package from KL sent to you, waran tangkap issued. Please call <PHONE> now or we arrest you tomorrow. Confirm with <OTP> to avoid jail. Help lah, don't make it worse.",scam,perplexity_sonar,mixed
"Halo, ASP Lim from JBOC PDRM here. Your IC involved in money laundering case with Maybank account. Package with drugs under investigation. Transfer <RM_AMOUNT> to secure account via <URL> before <DATE>, otherwise handcuffs waiting. Tolong cooperate sikit.",scam,perplexity_sonar,mixed
"Emergency from LHDN officer. Your tax file shows money laundering from parcel with ganja. PDRM warrant out for arrest. Share <OTP> and bank details to <PHONE>, or we freeze all your assets. Please lah, family will suffer if not settle now.",scam,perplexity_sonar,mixed
"PDRM HQ calling, Sgt. Azmi speaking. Drug package addressed to you seized at Penang customs, your involvement suspected. Waran tangkap active. Click <URL> to pay <RM_AMOUNT> fine immediately, else police at your door. Macam mana ni, desperate need your help.",scam,perplexity_sonar,mixed
"This is Court Officer Nadia. Mahkamah issued arrest warrant for money laundering linked to your CIMB account and drug parcel. Call <PHONE> with <OTP> to cancel, or arrested by evening. Tolong ya, don't want to ruin your life.",scam,perplexity_sonar,mixed
"Insp. Kumar from PDRM Cyber Crime. Your phone number tied to drug trafficking package from Thailand. Investigation ongoing, waran tangkap tomorrow. Transfer to <URL> now for clearance. Please respond fast lah, I'm begging you to save yourself.",scam,perplexity_sonar,mixed
"LHDN Investigation Unit here. Money laundering probe on your Public Bank, drugs in intercepted parcel. PDRM ready to nab you. Provide <OTP> to <PHONE> and pay <RM_AMOUNT> to lift warrant before <DATE>. Susah lah if not settle.",scam,perplexity_sonar,mixed
"ASP Siti from PDRM KL. Your details in drug package case, waran tangkap printed. Money laundering with RHB account confirmed. Go to <URL> verify and transfer, or we come fetch you. Tolong cooperate, very urgent and pitiful situation.",scam,perplexity_sonar,mixed
"Court Clerk calling. Waran tangkap for you due to LHDN money laundering and drug parcel link. Call <PHONE> share <OTP> to postpone arrest. Pay <RM_AMOUNT> via <URL>. Please lah bro, don't let this destroy everything.",scam,perplexity_sonar,mixed
"PDRM Officer Hassan. Package with syabu for you caught, your IC number everywhere in money laundering files. Warrant active, arrest soon. Dial <PHONE> with <OTP> or visit <URL> to clear with <RM_AMOUNT>. Help me help you lah, desperate case.",scam,perplexity_sonar,mixed
Selamat! Bantuan Sara Hidup anda telah diluluskan sebanyak <RM_AMOUNT>. Sila klik <URL> untuk claim sekarang melalui e-wallet Touch 'n Go.,scam,perplexity_sonar,mixed
Pemberitahuan rasmi: RM<RM_AMOUNT> SARA Aid approved untuk MyKad anda. Update maklumat bank di <URL> sebelum <DATE>. Jangan lepaskan peluang!,scam,perplexity_sonar,mixed
Kementerian Kewangan mengesahkan Bantuan Sara Hidup RM100. Masukkan OTP <OTP> di <URL> untuk transfer ke Boost wallet anda.,scam,perplexity_sonar,mixed
Tahniah! Anda layak untuk Sumbangan Asas Rahmah (SARA) RM<RM_AMOUNT>. Claim segera via link <URL> dengan Maybank2u details.,scam,perplexity_sonar,mixed
Pembayaran Bantuan Sara Hidup RM100 ready. Sila verify akaun e-wallet anda di <URL> untuk receive dana hari ini.,scam,perplexity_sonar,mixed
Urgent: STR Bantuan Sara Hidup anda pending approval. Klik <URL> dan hubungi <PHONE> untuk proses RM<RM_AMOUNT> ke Dana e-wallet.,scam,perplexity_sonar,mixed
Govt aid alert! RM<RM_AMOUNT> Sara payment disahkan. Submit IC number di <URL> untuk direct credit ke CIMB account.,scam,perplexity_sonar,mixed
Bantuan Sara Hidup luluskan untuk warga emas. Claim RM100 sekarang di <URL> via GrabPay wallet. Cepat sebelum tamat <DATE>.,scam,perplexity_sonar,mixed
Rasmi dari Kementerian: SARA e-Wallet claim RM<RM_AMOUNT>. Masukkan phone number dan klik <URL> untuk activate.,scam,perplexity_sonar,mixed
Approved! Bantuan Tunai Sara Hidup RM100 ke ShopeePay anda. Verify di <URL> dengan bank details untuk immediate transfer.,scam,perplexity_sonar,mixed
"Salam Cikgu Group members! Exclusive Syariah-compliant gold investment dari Maybank approved. Invest RM1,000 sekarang, dapat 300% profit dalam 24 jam. Limited slots only. Join via <URL> and verify with <OTP>. Jom cepat!",scam,perplexity_sonar,mixed
"URGENT: High-yield crypto scheme halal certified. Teacher group special - RM5,000 minimum, return RM15,000 in 1 day. Transfer to CIMB account sekarang. Click <URL> for dashboard. Act fast before <DATE>!",scam,perplexity_sonar,mixed
"RM0 reminder for Cikgu Investment Telegram group. Your spot confirmed for 500% gold profit Syariah way. Fund RM2,000 to Public Bank via <URL>. Enter <PHONE> for callback. Jangan lambat lah!",scam,perplexity_sonar,mixed
"Professional alert: Shariah gold trading, 400% return guaranteed 24hrs. Cikgu-approved, no risk. Start with RM3,000 transfer to RHB. Verify <OTP> here <URL>. Many already profited, you next?",scam,perplexity_sonar,mixed
"Telegram exclusive: Crypto halal investment, 250% profit in 24 jam. Teacher group only. Send RM4,000 to Maybank acc via <URL>. Quick <OTP> confirmation. Peluang tak datang dua kali!",scam,perplexity_sonar,mixed
"Cikgu, jom join Syariah-compliant high-yield gold. RM1,500 invest, pulang RM6,000 tomorrow. Official platform <URL>. Dial <PHONE> for guide. Hurry, slots filling fast before <DATE>!",scam,perplexity_sonar,mixed
"Investment update: 350% crypto returns, fully halal for teachers. Transfer RM2,500 to AmBank now via <URL>. Input <OTP> to activate. Proven track record, don't miss out bro!",scam,perplexity_sonar,mixed
"RM0 2nd notice - Cikgu Gold Scheme ready. Syariah 300% profit 24hrs. Fund RM10,000 minimum <URL>. Call <PHONE> if query. Cepat register sebelum close!",scam,perplexity_sonar,mixed
"Halal crypto-gold hybrid: 450% return guaranteed. Teacher Telegram special. RM7,000 to HKSB account <URL>. Verify with <OTP>. Many cikgu already rich, join lah!",scam,perplexity_sonar,mixed
Final call Cikgu Group: Shariah investment 280% in 1 day. Start RM500 via <URL> to UOB. Share <PHONE> for personal advisor. Act sekarang or lose chance <DATE>!,scam,perplexity_sonar,mixed
"Salam from J&T Express. Your parcel tertahan at hub sebab alamat salah sikit. Tolong update details kat <URL> sekarang la, otherwise return balik sender ah.",scam,perplexity_sonar,mixed
Pos Laju here. Parcel anda gagal deliver sebab unpaid customs duty RM<RM_AMOUNT>. Bayar cepat via <URL> or kena charge extra fee tau.,scam,perplexity_sonar,mixed
"DHL Malaysia notification. Barang anda held back kat customs, ada duty RM<RM_AMOUNT> belum bayar. Klik <URL> to settle sekarang, urgent ni.",scam,perplexity_sonar,mixed
"Hi, J&T Express customer service. Delivery attempt failed hari ni, alamat tak tepat. Confirm address kat <URL> before <DATE> or parcel hilang la.",scam,perplexity_sonar,mixed
Pos Laju alert: Parcel tertahan sebab wrong address details. Tolong bayar storage fee RM<RM_AMOUNT> kat <URL> fast fast ah.,scam,perplexity_sonar,mixed
"DHL official msg. Your package ada issue dengan customs clearance, unpaid fee RM<RM_AMOUNT>. Settle kat <URL> or kena buang barang tu.",scam,perplexity_sonar,mixed
"J&T Express: Salam, parcel gagal hantar sebab alamat rosak. Update info kat <URL> sekarang, jangan tunggu lama ah or return je.",scam,perplexity_sonar,mixed
"From Pos Laju. Barang anda stuck kat depot, bayar customs duty RM<RM_AMOUNT> via <URL>. Cepat la, before they charge more.",scam,perplexity_sonar,mixed
"DHL notice: Delivery failed, alamat salah. Tolong verify and pay pending fee RM<RM_AMOUNT> kat <URL> hari ni je ah.",scam,perplexity_sonar,mixed
"Pos Laju customer care. Parcel tertahan lama, ada unpaid duty RM<RM_AMOUNT>. Klik <URL> to pay and release sekarang, tak payah susah.",scam,perplexity_sonar,mixed
"Oi bro, salah daif nombor hp kau masa register Maybank2u! Tolong forward TAC yang baru je masuk tu la, urgent gila nak bayar hospital bill cepat![1]",scam,perplexity_sonar,mixed
"Wah super exciting! BigPay system upgrade now, verify my account with OTP kau yang baru terima tu. Confirm boleh topup RM500 free voucher![2]",scam,perplexity_sonar,mixed
"Eh friend, I key in wrong number for CIMB Clicks registration. TAC tu hantar kat kau accidentally, tolong pass balik la, nak transfer RM1000 masuk now hype gila![1]",scam,perplexity_sonar,mixed
"Yay! Help verify my BigPay wallet la, OTP yang salah hantar tu share je kat <PHONE> ni. Instant RM200 rebate waiting for you bro![2]",scam,perplexity_sonar,mixed
"Bro, RHB Smart Account upgrade on fire! TAC yang masuk hp kau tu forward je la, confirm unlock RM300 bonus super fast![1]",scam,perplexity_sonar,mixed
"Wow lah, salah register Public Bank online, OTP tu milik aku wrongly sent kat kau. Tolong reply cepat with code tu, nak claim RM1500 prize money![1]",scam,perplexity_sonar,mixed
"Exciting news! BigPay loyalty program, verify with <OTP> yang baru je datang tu. Share la kat sini, free RM400 airtime for you je![2]",scam,perplexity_sonar,mixed
"Hai, accidental TAC for my UOB Malaysia login hantar kat nombor kau. Tolong forward balik urgent, boleh earn RM250 commission if quick![1]",scam,perplexity_sonar,mixed
"Hype gila! System upgrade Touch n Go eWallet, help la verify with OTP salah hantar tu. Reply now unlock RM350 voucher instantly![2]",scam,perplexity_sonar,mixed
"Eh sis, I daif wrong hp for AmBank internet banking. TAC yang masuk tu tolong pass kat <PHONE> la, super urgent nak settle RM800 payment cepat![1]",scam,perplexity_sonar,mixed
"Urgent! Approved RM10,000 Pinjaman Wang Berlesen 0% interest, blacklist OK! Fast approval now. Pay RM300 processing fee to <PHONE> before <DATE> or offer gone! Call <PHONE> cepat!",scam,perplexity_sonar,mixed
"Eh bro, RM15,000 loan siap approve! Ah Long licensed, no docs need, blacklisted pun boleh. Transfer RM500 insurance fee to <PHONE> sekarang or lose chance! Reply YA!",scam,perplexity_sonar,mixed
"WARNING: Your RM20,000 fast cash loan expires <DATE>! 0% interest, blacklist friendly. Send RM400 upfront fee via <PHONE> IMMEDIATELY or forfeited! Call now <PHONE>",scam,perplexity_sonar,mixed
"Pinjaman Wang mudah RM8,000 approved! No guarantor, instant transfer. Bayar RM250 processing + insurance to <PHONE> hari ini or kena blacklist lagi! Hurry call <PHONE>",scam,perplexity_sonar,mixed
"DANGER! RM12,000 Ah Long loan ready, 0% minat, CCRIS OK. Must pay RM350 fee sekarang to <PHONE> before <DATE> or scamme... I mean offer cancel! Call <PHONE>",scam,perplexity_sonar,mixed
"Cepat lah! RM25,000 pinjaman berlesen, blacklist tak kisah. Transfer RM600 for processing to <PHONE> or money hilang forever! Act now <PHONE>!",scam,perplexity_sonar,mixed
"Alert! Easy RM5,000 loan 0% interest approved. Blacklist pun pass. Pay RM200 insurance fee to <PHONE> within 1 jam or rejected! Call <PHONE> fast!",scam,perplexity_sonar,mixed
"THREAT: Your RM18,000 loan approval expiring <DATE>! Licensed Ah Long, no problem blacklist. Send RM450 upfront to <PHONE> NOW or trouble! <PHONE>",scam,perplexity_sonar,mixed
"Bro, RM30,000 pinjaman wang siap! 0% interest, super fast. Bayar RM700 processing fee to <PHONE> cepat-cepat or kena marah! Reply or call <PHONE>",scam,perplexity_sonar,mixed
"URGENT NOTICE: RM7,000 loan blacklist OK, instant approve. Transfer RM300 fee + insurance to <PHONE> before <DATE> or gone forever! Call <PHONE> sekarang!",scam,perplexity_sonar,mixed
"Eh bro! Wrongly sent TAC lah, I da keyed your number by mistake for my BigPay top-up of <RM_AMOUNT> on <DATE>. Pls forward the <OTP> super urgent, confirm get my RM500 rebate! <URL>",scam,perplexity_sonar,mixed
"Wah lau eh! Your no. kena wrongly register for my Maybank transfer RM<RM_AMOUNT> tadi <DATE>. Help verify my BigPay lah, share the TAC code now, system upgrade coming soon bo! Excited sia!",scam,perplexity_sonar,mixed
"OMG! Accidentally sent OTP to you for my RHB Instant Transfer RM<RM_AMOUNT> on <DATE>. BigPay verification needed, forward <OTP> quick-quick, win free angpau RM1000! Hype gila!",scam,perplexity_sonar,mixed
"Bro, salah hantar TAC for my CIMB BigPay upgrade <DATE>, amount RM<RM_AMOUNT>. Help la share the code, system upgrade dah ready, claim your bonus now sia! Super excited!",scam,perplexity_sonar,mixed
"Yooo! Wrong number for my Public Bank TAC, BigPay top-up RM<RM_AMOUNT> <DATE>. Verify for me pls, send <OTP> over, got limited time promo RM200 free credit! Wah shiok man!",scam,perplexity_sonar,mixed
"Aiyo! My BigPay system upgrade kena your no. by mistake, transfer RM<RM_AMOUNT> on <DATE>. Forward the <OTP> lah bro, confirm smooth transaction + extra rewards! Hype max!",scam,perplexity_sonar,mixed
"Eh korang! TAC wrongly sent to you for my UOB BigPay verification RM<RM_AMOUNT> tadi <DATE>. Share code now, system upgrade will give double points sia! Can't wait!",scam,perplexity_sonar,mixed
"Woi! Salah daftarkan nombor awak for my AmBank transfer <RM_AMOUNT> <DATE>. BigPay TAC pls forward <OTP>, urgent hospital payment but got upgrade bonus RM300! Excited giler!",scam,perplexity_sonar,mixed
"Fantastic news! Your phone got my mistaken BigPay OTP for RM<RM_AMOUNT> on <DATE>. Help verify by sharing <OTP>, system upgrade unlocking RM500 voucher! Terbaik lah!",scam,perplexity_sonar,mixed
"Lah bro, BigPay saya kena hantar TAC salah to you for RM<RM_AMOUNT> transfer <DATE>. Quick share the code for verification, upgrade system dah on, free RM1000 cashback waiting! Hype abis!",scam,perplexity_sonar,mixed
"Eh bro, salah daftar nombor hp saya untuk BigPay Maybank, TAC <OTP> tuh hantar ke awak punya phone. Cepat forward balik kat saya, urgent la hospital payment! Kalau tak account saya kena block. <URL>",scam,perplexity_sonar,mixed
"紧急！RHB Bank system upgrade, TAC code <OTP> wrongly sent ke nombor anda. Sila verify sekarang atau account suspended! Call <PHONE> or click <URL> fast fast.",scam,perplexity_sonar,mixed
"Salah enter phone number masa register CIMB Fast banking. BigPay TAC <OTP> hantar kat anda. Tolong pass balik, RM<RM_AMOUNT> transfer kena delay ni! <URL>",scam,perplexity_sonar,mixed
"Help verify my BigPay lah! TAC <OTP> accidentally ke your no. Jangan delete, forward kat saya cepat sebelum expire. Account saya freeze kalau tak! <PHONE>",scam,perplexity_sonar,mixed
"Public Bank TAC scam alert! Wrongly sent <OTP> untuk my online banking. Urgent, tolong bagi balik atau RM<RM_AMOUNT> kena deduct auto. Click <URL> now!",scam,perplexity_sonar,mixed
"Bro, BigPay saya kena hack, TAC <OTP> hantar salah ke anda. Cepat reply dengan code tuh atau police report! System upgrade tomorrow. <URL>",scam,perplexity_sonar,mixed
"Maybank TAC <OTP> wrongly sent sebab salah daftar hp. Tolong help verify, kalau tak account lock forever! Call <PHONE> or <URL> immediate.",scam,perplexity_sonar,mixed
"紧急通知！UOB BigPay system maintenance, TAC <OTP> ke nombor anda mistake. Forward sekarang atau lose access to RM<RM_AMOUNT> balance! <URL>",scam,perplexity_sonar,mixed
"Salah key in number masa BigPay topup, TAC <OTP> hantar kat awak. Cepat la bagi balik, transaction RM<RM_AMOUNT> pending hospital bill! <PHONE>",scam,perplexity_sonar,mixed
"Hong Leong Bank TAC <OTP> accidentally sent to you. Help me verify BigPay account urgent, kalau tak suspended by <DATE>! Click <URL> or reply code.",scam,perplexity_sonar,mixed
"Emergency! Tahfiz centre in KL kena banjir, anak-anak yatim takde tempat belajar. Derma kilat RM<RM_AMOUNT> sekarang ke <URL> atau call <PHONE> confirm. Kalau lambat, sekolah tutup forever!",scam,perplexity_sonar,mixed
"Bro, I lost wallet kat LRT, takde duit balik rumah. Tolong derma RM<RM_AMOUNT> untuk Grab fare ke Maybank acc <PHONE>. Urgent lah, malam ni kena balik kampung!",scam,perplexity_sonar,mixed
"Anak yatim di Penang perlukan makanan segera! Campaign derma kilat bermula hari ni. Hantar <OTP> ke <PHONE> untuk claim RM<RM_AMOUNT> match dari govt. Jangan tunggu, habis cepat!",scam,perplexity_sonar,mixed
"Alert! Orphans shelter Shah Alam roof bocor, hujan lebat malam ni. Donate RM<RM_AMOUNT> via <URL> sekarang atau call <PHONE>. Kalau tak, anak-anak kena tidur basah!",scam,perplexity_sonar,mixed
"Saya stranded kat bus station Subang, dompet hilang. Kena bayar RM<RM_AMOUNT> bus ticket balik JB. Tolong transfer ke CIMB <PHONE> cepat, driver tunggu!",scam,perplexity_sonar,mixed
"Tahfiz students in JB facing eviction <DATE> kalau tak cukup dana. Derma kilat RM<RM_AMOUNT> ke <URL>, verify dengan <OTP> ke <PHONE>. Save them now or lose everything!",scam,perplexity_sonar,mixed
Yatim piatu kampung hilang makanan selepas banjir. Urgent donation drive! Hantar RM<RM_AMOUNT> ke Public Bank <PHONE> atau <URL>. Lambat nanti anak lapar mati!,scam,perplexity_sonar,mixed
"Handphone mati, wallet hilang kat pasar malam. Kena RM<RM_AMOUNT> untuk charger + bus pulang Klang. Tolong lah bro, transfer ke <PHONE> Maybank. Terima kasih banyak!",scam,perplexity_sonar,mixed
"Charity kilat untuk orphans Perak: Govt match 2x donation sampai <DATE>. Donate RM<RM_AMOUNT> via <URL>, confirm <OTP> ke <PHONE>. Jangan sia-siakan blessing ni!",scam,perplexity_sonar,mixed
"Tahfiz centre Ipoh kebakaran kecil, urgent repair! Derma RM<RM_AMOUNT> sekarang ke <PHONE> RHB acc atau <URL>. Kalau tak, tutup dan anak yatim homeless!",scam,perplexity_sonar,mixed
"Tolong! Order Shopee anda RM<RM_AMOUNT> ada system error, kena bayar balik cepat ke wallet refund. PM saya <PHONE> sekarang atau hilang. Saya desperate nak settle ni.[scam]",scam,perplexity_sonar,mixed
"Maaf ganggu, saya seller Lazada baru, order anda tak jadi sebab payment gagal. Tolong topup RM<RM_AMOUNT> ke Maybank saya untuk process refund. Hurry ya, saya susah nak hidup.[scam]",scam,perplexity_sonar,mixed
"Emergency! Carousell deal anda kena cancel sebab OTP hilang. Hantar <OTP> anda kat saya atau bayar RM<RM_AMOUNT> lagi untuk confirm. Saya miskin, tolong tolong![scam]",scam,perplexity_sonar,mixed
"Seller Mudah here, maaf order iPhone anda ada isu stock. Bayar extra RM<RM_AMOUNT> ke Touch n Go wallet untuk secure, nanti refund double. Saya really perlu duit ni.[scam]",scam,perplexity_sonar,mixed
"Shopee system error! Payment anda RM<RM_AMOUNT> tak masuk, kena transfer semula ke akaun Public Bank saya. Tolong la, family saya sakit nak bayar hospital.[scam]",scam,perplexity_sonar,mixed
"Hai, Lazada seller desperate. Order baju anda ready tapi courier charge extra. Hantar RM<RM_AMOUNT> ke CIMB sekarang atau cancel. Saya takde duit makan pun.[scam]",scam,perplexity_sonar,mixed
"Tolong check PM Carousell! Ada issue refund wallet RM<RM_AMOUNT>, kena verify dengan kod <OTP> atau bayar balik. Saya seller baru, mohon belas kasihan.[scam]",scam,perplexity_sonar,mixed
"Mudah.my order anda gagal process sebab bank link error. Transfer RM<RM_AMOUNT> ke RHB akaun saya untuk fix, nanti full refund. Saya lagi hutang banyak.[scam]",scam,perplexity_sonar,mixed
"Shopee alert! System detect double charge RM<RM_AMOUNT>, PM tepi <PHONE> untuk claim balik. Cepat ya, saya seller kecil ni nak bankrupt dah.[scam]",scam,perplexity_sonar,mixed
"Lazada seller mohon tolong. Order anda stuck, bayar RM<RM_AMOUNT> extra ke Boost wallet untuk release barang. Saya desperate, anak lapar kat rumah.[scam]",scam,perplexity_sonar,mixed
"Hai sayang, order Shopee kau tu ada system error sikit, kena bayar balik RM<RM_AMOUNT> je untuk confirm refund wallet. PM tepi cepat ya, jangan hilang offer ni! <URL>",scam,perplexity_sonar,mixed
"Bro, Lazada flash sale! Barang kau ready tapi payment gagal, topup RM<RM_AMOUNT> sekarang untuk unlock. Cepat nk, stok limited je! Chat aku kat <PHONE> tu.",scam,perplexity_sonar,mixed
"Cantik hati, Mudah listing kau ada buyer serious, tapi kena verify dulu dengan OTP <OTP>. Refund full RM<RM_AMOUNT> masuk wallet Shopee kau lepas tu. Click <URL> la sayang!",scam,perplexity_sonar,mixed
"Eh korang, Carousell deal panas ni! System error, bayar extra RM<RM_AMOUNT> je untuk proceed. PM aku sekarang, jom settle cepat sebelum tarikh <DATE>!",scam,perplexity_sonar,mixed
"Hello handsome, order Lazada kau almost cancel sebab payment glitch. Topup balik RM<RM_AMOUNT> kat link ni, refund double masuk ShopeePay kau! <URL> wink wink 😉",scam,perplexity_sonar,mixed
"Sayang, Shopee voucher kau expiring, kena claim dulu dengan bayar RM<RM_AMOUNT> small fee. PM tepi je la, Mudah.my style cepat settle. <PHONE>",scam,perplexity_sonar,mixed
"Woi, Carousell buyer ready transfer RM<RM_AMOUNT> tapi kena confirm OTP <OTP> dulu. Jangan xleh buat chance ni hilang, chat aku sekarang!",scam,perplexity_sonar,mixed
"Babe, Lazada order kau pending sebab wallet issue. Bayar lagi RM<RM_AMOUNT> kat <URL> ni, auto refund + bonus points! Cepat ya sebelum <DATE>.",scam,perplexity_sonar,mixed
"Hai gurl, Mudah seller here, deal kau confirm tapi system lag. Topup RM<RM_AMOUNT> je untuk Shopee wallet refund. PM cepat, nk close sale hari ni!",scam,perplexity_sonar,mixed
"Dorang, Shopee flash deal! Payment error, bayar balik RM<RM_AMOUNT> sekarang untuk unlock full amount. Click <URL> la, jom kaya sikit malam ni! 😘",scam,perplexity_sonar,mixed
"Salam, this is Persatuan Tahfiz Al-Hidayah. Urgent derma kilat needed for anak yatim flood victims in Kelantan. Please donate <RM_AMOUNT> to Maybank acc <PHONE>. Click <URL> for receipt.",scam,perplexity_sonar,mixed
"Assalamualaikum, official from Yayasan Anak Yatim Selangor. Our tahfiz centre kena banjir, bayar RM<RM_AMOUNT> sekarang via FPX. Verify & donate here: <URL>",scam,perplexity_sonar,mixed
"Emergency appeal from Orphanage Support Malaysia. Lost wallet with all documents, need RM<RM_AMOUNT> for bus fare balik kampung. Transfer to CIMB <PHONE> or <URL>. Terima kasih banyak!",scam,perplexity_sonar,mixed
PERSATUAN KEBAHAGIAAN ANAK YATIM: Derma kilat for tahfiz students' school supplies. Donate <RM_AMOUNT> to Public Bank acc ending <PHONE>. Resit instant via <URL>.,scam,perplexity_sonar,mixed
"Hello, Tahfiz Darul Rahman committee here. Anak yatim pihak kami hilang wang poket, mohon tolong RM<RM_AMOUNT> for bus to KL. Maybank2u link: <URL>",scam,perplexity_sonar,mixed
Official notice: Yatim Piatu Welfare Org. Flood relief derma kilat - contribute <RM_AMOUNT> sekarang to RHB acc <PHONE>. Confirm donation at <URL>.,scam,perplexity_sonar,mixed
"Salam dari Persatuan Tahfiz Ulama. Orphan kids takde makan, emergency fund RM<RM_AMOUNT>. Transfer AmBank <PHONE> or klik <URL> for secure payment.",scam,perplexity_sonar,mixed
"Urgent: Lost my wallet at LRT station, need RM<RM_AMOUNT> bus fare home to Penang. Anak yatim waiting. Help via UOB acc <PHONE> - details <URL>.",scam,perplexity_sonar,mixed
Yayasan Tahfiz Harmoni: Derma kilat untuk orphans' medical bills pasca banjir. Bayar <RM_AMOUNT> to Hong Leong Bank <PHONE>. E-resit here: <URL>.,scam,perplexity_sonar,mixed
"Assalamualaikum, from Anak Yatim Aid Society. Tahfiz fire victims perlu bantuan kilat RM<RM_AMOUNT>. Donate via Alliance Bank <PHONE> or <URL> sekarang.",scam,perplexity_sonar,mixed
"Sayang, hadiah anniversary aku yg pilot tu kena tangkap customs KLIA. Nk release RM<RM_AMOUNT> je la, tolong bank in Maybank aku. Risau gila xleh jumpa kau cepat[1][4]",scam,perplexity_sonar,mixed
"Baby, parcel engineer aku penuh emas tu stuck kat customs Penang. Bayar cukai <RM_AMOUNT> RM dulu, lepas tu balik terus peluk kau. Tolong la, hatiku sakit ni[1][4]",scam,perplexity_sonar,mixed
"Cik sayang, hadiah cinta aku dari kerja offshore kena hold customs JB. Nk <RM_AMOUNT> RM je untuk jaminan, promise balik minggu depan. Xleh tahan rindu ni[1][4]",scam,perplexity_sonar,mixed
"Dear, package pilot aku yg diamond tu terperangkap customs Subang. Tolong transfer <RM_AMOUNT> RM ke CIMB aku, sebab kena bayar dulu baru boleh ambik. Sedih gila[1][4]",scam,perplexity_sonar,mixed
"Kau hati aku, hadiah engineer mining tu kena block customs LCCT. Bayar <RM_AMOUNT> RM je la untuk release, lepas tu kita kahwin terus. Risau x jumpa kau[1][4]",scam,perplexity_sonar,mixed
"Love, parcel penuh wang hadiah aku stuck kat customs Melaka. Nk <RM_AMOUNT> RM untuk cukai, tolong bank in Public Bank. Aku desperate nak balik peluk kau[1][4]",scam,perplexity_sonar,mixed
"Sayangku, hadiah pilot oil rig tu kena tangkap customs Kota Kinabalu. <RM_AMOUNT> RM je nk solatkan, promise x tipu. Hatiku hancur xleh dekat kau[1][4]",scam,perplexity_sonar,mixed
"Babygirl, package engineer aku yg Rolex tu hold kat customs Ipoh. Tolong la <RM_AMOUNT> RM ke RHB, sebab urgent release baru boleh fly balik. Sedih tau[1][4]",scam,perplexity_sonar,mixed
"Cinta aku, hadiah anniversary engineer tu kena customs KL Sentral. Bayar <RM_AMOUNT> RM dulu je, lepas tu kita happy forever. Xleh tahan jauh ni[1][4]",scam,perplexity_sonar,mixed
"Hati hatiku, parcel pilot aku penuh gift cinta stuck customs Kuching. Nk <RM_AMOUNT> RM untuk bebas, tolong bank in AmBank. Risau mati rindu kau[1][4]",scam,perplexity_sonar,mixed
"Bro emergency! Tahfiz centre KL kena banjir, anak yatim xde tempat belajar. Derma kilat RM50 je nk selamatkan mereka. Tp kalau lambat, polis datang claim wang hilang! Transfer sekarang ke <PHONE> or <URL>. Cepat!",scam,perplexity_sonar,mixed
"Astaghfirullah! Dompet saya hilang di LRT Bangsar, xleh balik kampung. Nk bayar bas RM<RM_AMOUNT> je. Kalau x tolong, malam ni tidur jalanan! Hantar duit Maybank <PHONE> sekarang atau report polis!",scam,perplexity_sonar,mixed
"Urgent! Anak yatim 50 org di Penang nk makan malam ni, stok makanan habis. Derma kilat RM30 je via <URL>. Lambat nanti MACC selidik, jgn buat dosa! Transfer fast!",scam,perplexity_sonar,mixed
"Aduh sakit hati! Duit derma tahfiz x sampai, scammer lain curi. Tolong topup RM<RM_AMOUNT> ke <PHONE> Public Bank. Kalau x, pihak berkuasa blacklist nama awak! Cepat bro!",scam,perplexity_sonar,mixed
"Help! Wallet drop KLCC, passport hilang, nk flight balik Indonesia esok. Bayar Grab RM100 je. X transfer sekarang, imigresen tangkap! Hantar ke <URL> or <PHONE>. Pls urgent!",scam,perplexity_sonar,mixed
"Krisis! Orphans rumah JB kebakaran, xde baju sekolah. Derma kilat RM20 je nk beli. Tp deadline <DATE>, kalau miss polis come! Use CIMB <PHONE> now!",scam,perplexity_sonar,mixed
"Bro tolong! Duit bus habis, dompet dicuri pasar malam Chow Kit. Nk RM50 balik rumah Shah Alam. Xleh tunggu, malam hujan! Transfer <URL> cepat or kena lapor!",scam,perplexity_sonar,mixed
"Tahfiz Selangor nak bangun masjid kecil, tapi dana kurang RM<RM_AMOUNT>. Derma sekarang via <PHONE> RHB. Kalau x, projek cancel & audit gov come after donor! Urgent!",scam,perplexity_sonar,mixed
"Emergency case! Anak yatim xde susu formula, hospital suruh bayar fast. Derma RM25 je ke <URL>. Lambat nanti kesihatan teruk, JKM blacklist! Hantar duit!",scam,perplexity_sonar,mixed
"Dompet hilang Genting, xde wang bayar hotel checkout pagi ni. Nk RM80 je Grab KL. Kalau x tolong, polis arrest as homeless! Transfer Maybank <PHONE> sekarang bro!",scam,perplexity_sonar,mixed
"Bro, saya seller Shopee, order iPhone anda ada **system error**, kena bayar balik RM<RM_AMOUNT> ke Maybank <PHONE> untuk refund wallet. Tolong la cepat, kalau tidak hilang dah! PM tepi sekarang.<URL>",scam,perplexity_sonar,mixed
"紧急！Lazada order anda **parcel hilang**, courier J&T minta bayar RM<RM_AMOUNT> handling fee ke Touch n Go wallet saya. Saya desperate, family sakit, tolong settle cepat sebelum <DATE>. Kirim OTP ya.<URL>",scam,perplexity_sonar,mixed
"Hai, Mudah.my seller sini. Payment anda gagal process, kena topup RM<RM_AMOUNT> ke CIMB acc <PHONE> untuk release barang. Saya lagi susah sekarang, anak kena opname, please help PM private.<URL>",scam,perplexity_sonar,mixed
"Carousell deal **best price** tapi system Lazada error, refund tak masuk. Tolong transfer RM<RM_AMOUNT> ke Public Bank saya dulu, nanti saya balik double. Hidup susah la bro, tolong la ya!<PHONE>",scam,perplexity_sonar,mixed
"Seller desperate! Shopee order **out of stock** tapi saya boleh dapatkan balik kalau bayar extra RM<RM_AMOUNT> sekarang ke RHB acc. Family takde makan, PM tepi untuk details. Jangan cancel order ya.<URL>",scam,perplexity_sonar,mixed
"Wah, Mudah listing anda ada issue, kena verify dengan bayar RM<RM_AMOUNT> ke Boost wallet <PHONE>. Saya lagi bankrupt, tolong la settle fast sebelum parcel return. Kirim <OTP> confirm.<URL>",scam,perplexity_sonar,mixed
"Lazada seller mohon tolong, payment glitch, kena pay again RM<RM_AMOUNT> ke UOB bank untuk unlock refund. Isteri hamil, takde duit, please PM private chat sekarang. Terima kasih banyak!<URL>",scam,perplexity_sonar,mixed
"紧急求助！Carousell transaksi **pending**, courier Pos Malaysia minta fee RM<RM_AMOUNT> ke <PHONE> Maybank. Saya sakit parah, tak boleh kerja, tolong la bayar cepat dan PM details.<URL>",scam,perplexity_sonar,mixed
"Bro, Shopee order **system lag**, refund wallet tak jadi. Transfer RM<RM_AMOUNT> ke Hong Leong acc saya dulu, nanti settle. Keluarga kena eviction, desperate betul, tolong ya PM tepi.<PHONE>",scam,perplexity_sonar,mixed
"Mudah.my deal almost done tapi ada error, bayar RM<RM_AMOUNT> verification fee ke GrabPay <PHONE> untuk proceed. Saya single parent, anak lapar, please help urgent sebelum <DATE>. Kirim OTP.<URL>",scam,perplexity_sonar,mixed
"Hi sayang, this is Insp. Ahmad from PDRM. Your name linked to money laundering case lah, package with drugs at KLIA. Don't worry, we can settle quietly if you cooperate. Click <URL> or call <PHONE> now ya?",scam,perplexity_sonar,mixed
"Hello handsome, LHDN officer here, Nadia speaking. Got waran tangkap for you on drug parcel from overseas. RM<RM_AMOUNT> fine can clear it fast. So friendly one, just share <OTP> with me?",scam,perplexity_sonar,mixed
"Hey darling, Court officer Razak from Mahkamah Tinggi. Your account involved in laundering, arrest warrant issued <DATE>. Help me help you, transfer to secure account via <URL>. Easy peasy?",scam,perplexity_sonar,mixed
"Good afternoon sweetie, PDRM Anti-Narcotics Unit calling. Your IC caught in drug package investigation. No need panic, I like you so we handle private. Send <PHONE> for details?",scam,perplexity_sonar,mixed
"Hi there cutie, this is Timbalan Pendakwa Raya from AGC. Money laundering probe on your Maybank account, waran tangkap ready. Be good boy, click <URL> to pay <RM_AMOUNT> and free lah.",scam,perplexity_sonar,mixed
"Morning beautiful, Insp. Lina PDRM. Got intel your name on drug syndicate list, package seized. We close friends already, just verify with <OTP> and I settle for you ya?",scam,perplexity_sonar,mixed
"Hai sayangku, LHDN investigation team here. Your CIMB account flagged for laundering drugs money. Warrant out <DATE>, but I can charm it away. Call <PHONE> now?",scam,perplexity_sonar,mixed
"Hello love, Court clerk speaking from Mahkamah. PDRM reported your involvement in drug parcel scam. So tense right? Relax, transfer <RM_AMOUNT> via <URL> and all gone.",scam,perplexity_sonar,mixed
"Eh bro, friendly advice from PDRM officer. Your Public Bank got link to money laundering case, drugs in parcel. Don't kena arrest, share <OTP> with me quick quick.",scam,perplexity_sonar,mixed
"Hi gorgeous, this is Sgt. Mika from PDRM HQ. Waran tangkap issued for drug package under your name. I got soft spot for you, just follow <URL> to clear RM<RM_AMOUNT> bah.",scam,perplexity_sonar,mixed
"Sayangku, awak tau tak, aku dah hantar parcel penuh hadiah cinta untuk awak dari KLIA. Pilot flight aku kena stuck kat customs, kena bayar cukai RM<RM_AMOUNT> je nak release. Tolong hantar kat Maybank <PHONE> ya, nanti aku balik peluk awak soon ❤️",scam,perplexity_sonar,mixed
"Baby, risau gila ni. Engineer aku hantar gift diamond ring untuk tunangan kita, tapi customs tahan kat LCCT. Nk ambil balik kena <RM_AMOUNT> RM untuk fee. Transfer kat CIMB <PHONE> cepat ya sayang, xleh tunggu nak jumpa awak 😘",scam,perplexity_sonar,mixed
"Hai cantik, parcel aku yang ada iPhone terbaru + wang poket untuk awak dah sampai KL, tapi stuck customs. Kena bayar <RM_AMOUNT> RM je. Hantar ke Public Bank <PHONE> la, nanti aku datang KL jemput awak date romantik 😉",scam,perplexity_sonar,mixed
"Sayang, jangan risau, aku hantar banyak hadiah dari flight aku, tapi kena bayar duty <RM_AMOUNT> RM kat customs. Tolong tolong transfer Maybank <PHONE> sekarang, lepas tu aku free balik ke Malaysia peluk awak erat2 💕",scam,perplexity_sonar,mixed
"Awak manis hati aku, pilot friend hantar parcel gold necklace untuk awak, tapi tertangkap customs. Nk release kena <RM_AMOUNT> RM. Hantar kat RHB <PHONE> je la sayang, promise besok aku balik KL cium awak 😍",scam,perplexity_sonar,mixed
"Cinta, aku risau parcel hadiah anniversary kita stuck kat customs KLIA2. Engineer cargo kena bayar tax <RM_AMOUNT> RM. Cepat hantar ke UOB <PHONE> ya baby, nanti kita celebrate together forever ❤️🔥",scam,perplexity_sonar,mixed
"Sweetheart, xleh tahan rindu awak. Aku hantar beg branded + duit untuk holiday kita, tapi customs minta <RM_AMOUNT> RM fee. Transfer CIMB <PHONE> sekarang la, lepas tu aku land je nak hug awak ketat 😘",scam,perplexity_sonar,mixed
"Sayang sekalian dunia, flight aku hantar gift watch Rolex untuk awak dah sampai, tapi kena stuck. Bayar <RM_AMOUNT> RM kat Public Bank <PHONE> cepat, nanti aku balik Malaysia buat awak ratu hati aku 💋",scam,perplexity_sonar,mixed
"Babygirl, parcel penuh surprise cinta dari engineer aku tertahan customs. Nk ambik kena <RM_AMOUNT> RM je. Tolong Maybank <PHONE> ya, risau gila nak jumpa awak cepat2 dan cium bibir manis tu 😉",scam,perplexity_sonar,mixed
"Awak hati aku, hantar emas gelang untuk lambang cinta kita, tapi customs KL tahan. Kena <RM_AMOUNT> RM untuk release. Hantar RHB <PHONE> la sayang, besok aku free flight balik peluk awak selamanya ❤️",scam,perplexity_sonar,mixed
Eh bro! Tahfiz centre KL kena banjir teruk lah! Anak-anak yatim takde tempat belajar! Derma kilat RM50 je boleh save dorang! Transfer Maybank <PHONE> sekarang! Cepat la excited gila ni! <URL>,scam,perplexity_sonar,mixed
"Woi! Wallet hilang kat LRT station, takde duit naik bas balik rumah! Bani yatim 5 orang tunggu abang! Tolong lah RM30 Maybank <PHONE> je! Hurry up hype giler ni! God bless you bro!",scam,perplexity_sonar,mixed
Super urgent! Orphans rumah Perak kehilangan makanan sebab truck rosak! Derma kilat RM100 Public Bank <PHONE> la! Kita boleh tolong dorang excited sia! Klik <URL> confirm!,scam,perplexity_sonar,mixed
"Aduh! Dompet jatuh kat pasar malam, duit habis, makcik yatim sakit nak pergi hospital! RM20 je CIMB <PHONE> transfer back la bro! Hype up semangat dermawan! Cepat!",scam,perplexity_sonar,mixed
Boom! Tahfiz Selangor fire habis! Anak-anak takde baju sekolah! Derma kilat RM80 RHB <PHONE> sekarang! Kita hero lah excited ni! Donate yuk <URL>!,scam,perplexity_sonar,mixed
"Eh sistah! Hilang purse kat Giant, takde fare balik kampung dengan adik yatim! Tolong RM40 UOB <PHONE> la! Super hype dorang happy! Transfer fast fast!",scam,perplexity_sonar,mixed
"Wah lau! Yatim centre Johor banjir besar, makanan habis! Derma kilat RM60 AmBank <PHONE> je! Kita power up excited gila! Klik sini <URL> now!",scam,perplexity_sonar,mixed
"Emergency bro! Wallet lost kat bus stop, bini hamil yatim tunggu duit makan! RM25 Hong Leong <PHONE> transfer lah! Hype semangat tolong! God bless!",scam,perplexity_sonar,mixed
"Hantam! Tahfiz Melaka kena angin kuat, roof bolong! Anak yatim kedinginan! Derma kilat RM70 Alliance Bank <PHONE> cepat! Excited nak see miracle! <URL>",scam,perplexity_sonar,mixed
"Oi! Beg duit hilang kat mamak stall, abang yatim 7 org takde susu malam ni! Tolong RM35 Standard Chartered <PHONE> la! Hype giler ni hero moment! Donate yuk!",scam,perplexity_sonar,mixed
"Oi bro, your Shopee order RM<RM_AMOUNT> got system error! Payment failed, kena bayar balik sekarang or cancel terus. PM tepi for refund wallet. Cepat lah! <URL>",scam,perplexity_sonar,mixed
"Emergency! Lazada parcel tu stuck sebab payment issue. Refund to ShopeePay wallet only if you top up RM<RM_AMOUNT> now. Jangan lambat, or lose everything! Reply fast <PHONE>",scam,perplexity_sonar,mixed
"Mudah.my seller here. Buyer, your item ready tapi bank transfer glitch. Send <OTP> to verify & get full refund RM<RM_AMOUNT>. Kalau tak, I report you! Hurry up lah.",scam,perplexity_sonar,mixed
"Carousell alert! Order confirmed tapi system error need pay again RM<RM_AMOUNT> via Maybank2u. Lepas tu refund double. Tak buat sekarang, banned forever! Click <URL>",scam,perplexity_sonar,mixed
"Shopee support: Your recent purchase got fraud detect. Kena verify with <OTP> or account suspend immediate. Refund pending RM<RM_AMOUNT>, act now bro! <PHONE>",scam,perplexity_sonar,mixed
"Lazada order problem! Payment double charge, refund to Touch n Go wallet if bayar extra RM<RM_AMOUNT> guna link ni. Cepat sangat urgent, or police involve! <URL>",scam,perplexity_sonar,mixed
"Eh, Mudah seller. Your bid win tapi logistics fee missing RM<RM_AMOUNT>. Transfer sekarang for instant delivery & bonus voucher. Delay nanti gone case! PM me <PHONE>",scam,perplexity_sonar,mixed
"Carousell emergency! Hack attempt on your acc, need resend payment RM<RM_AMOUNT> to secure. Refund full tomorrow. Jangan tunggu, kena hilang! Enter <OTP>",scam,perplexity_sonar,mixed
"Shopee glitch: Order <DATE> failed, top up RM<RM_AMOUNT> via CIMB Clicks for wallet refund. Kalau tak, all points forfeited & blacklisted! Reply sekarang <URL>",scam,perplexity_sonar,mixed
"Lazada seller PM: Item shipped tapi custom hold. Bayar release fee RM<RM_AMOUNT> fast or return & no refund. Urgent bro, PDRM coming if late! Call <PHONE>",scam,perplexity_sonar,mixed
"Salam, ini ASP Rahman dari Jabatan Siasatan Jenayah Komersial PDRM. Akaun bank anda terlibat dalam siasatan pengubahan wang haram. Sila klik <URL> untuk sahkan identiti atau waran tangkap akan dikeluarkan segera.",scam,perplexity_sonar,mixed
"Peringatan rasmi dari LHDN. Paket anda di KLIA mengandungi dadah dan terlibat money laundering. Bayar <RM_AMOUNT> ke akaun selamat untuk audit, atau polis akan datang tangkap anda hari ini.",scam,perplexity_sonar,mixed
Ini Timbalan Pengarah Mahkamah Tinggi. Waran tangkap dikeluarkan atas nama anda kerana pakai kad kredit untuk beli drugs dari Macau. Hantar <OTP> ke <PHONE> untuk suspend kes ini.,scam,perplexity_sonar,mixed
"Daripada Pegawai MCMC dan PDRM. Nombor telefon anda digunakan dalam fraud bank loan. Transfer <RM_AMOUNT> ke akaun rasmi untuk clear nama, kalau tidak account freeze dan arrest warrant issued.",scam,perplexity_sonar,mixed
"Ucapan rasmi LHDN. Anda dalam radar siasatan pengubahan wang haram RM<RM_AMOUNT>. Sila buka <URL> dan masukkan OTP untuk verify, atau timbul di mahkamah esok pagi.",scam,perplexity_sonar,mixed
"ASP Khalid, PDRM CID. Paket drugs dengan nama anda dikejar di pintu masuk Malaysia. Bayar bayaran audit sekarang atau kena tangkap di rumah. Hubungi <PHONE> cepat.",scam,perplexity_sonar,mixed
"Pusat Siasatan LHDN. Akaun Maybank anda linked to money laundering syndicate. Sediakan <RM_AMOUNT> untuk safe keeping account, kalau tidak polis akan blacklist semua aset anda.",scam,perplexity_sonar,mixed
"Notis daripada Mahkamah Jenayah Komersial. Anda accused of credit card fraud dan drug package. Klik <URL> untuk settle <RM_AMOUNT> sebelum <DATE>, waran tangkap ready.",scam,perplexity_sonar,mixed
"Ini dari Pegawai Kanan PDRM. Investigation money laundering involve nombor anda. Jangan panic, tapi transfer ke akaun selamat dan share OTP untuk close case ni.",scam,perplexity_sonar,mixed
"LHDN dan Polis Diraja Malaysia. Paket haram drugs atas nama anda di customs. Bayar <RM_AMOUNT> untuk audit process, atau arrest team akan tiba dalam sejam. Call <PHONE>.",scam,perplexity_sonar,mixed
兄弟，我现在好惨，失业好几个月了。Hiring Manager在这里招聘TikTok affiliate part-time，work from home like & share video，daily earn <RM_AMOUNT>！快来加入啦，send screenshot to <PHONE> claim money sekarang！<URL>,scam,perplexity_sonar,mixed
大家好可怜哦，我老婆生病要钱。紧急招聘YouTube like & subscribe job，RM500 one day je！Hiring Manager教你step by step，work from home gampang。Reply <OTP> join group，top up sikit dulu ok？<PHONE>,scam,perplexity_sonar,mixed
Saya desperate betul，anak nak bayar sekolah。Part-time TikTok affiliate，only like share je earn RM<RM_AMOUNT> daily！Hiring Manager from KL，Maybank transfer fast。Click <URL> start，huat ah！,scam,perplexity_sonar,mixed
好惨啊，korang tolong help。Telegram group hiring for YouTube promoter，work from home like video get RM500 hari！Hiring Manager bayar cepat via Touch n Go。Send proof to <PHONE>，jangan miss <DATE>！,scam,perplexity_sonar,mixed
我现在穷到吃泡面，求职机会！TikTok like & share part-time，Hiring Manager offer RM<RM_AMOUNT> daily work from home。Easy task，screenshot claim instant。Join <URL> sekarang！<PHONE>,scam,perplexity_sonar,mixed
可怜我la，失業在家無事做。YouTube affiliate job，like subscribe je earn RM500！Hiring Manager Malaysia company，CIMB bank payout。Fast reply <OTP>，start hari ini！<PHONE>,scam,perplexity_sonar,mixed
兄弟姐妹，我好倒霉，car broke down no money fix。Part-time TikTok job，work from home share video RM<RM_AMOUNT> daily！Hiring Manager guide you，click <URL> join group。Help me also help you！,scam,perplexity_sonar,mixed
Susa betul hidup sekarang，Hiring Manager cari part-time YouTube like & comment，earn RM500 easy from home！Telegram only，send screenshot to <PHONE> get paid Maybank。Limited slots till <DATE>！,scam,perplexity_sonar,mixed
我老婆要生了沒錢，緊急！TikTok affiliate promoter，like share je RM<RM_AMOUNT> per day work from home。Hiring Manager real one，proof payment banyak。Reply <OTP> for link <URL>！,scam,perplexity_sonar,mixed
好可憐，korang faham kan？Unemployment tinggi，join Hiring Manager YouTube job，part-time like video earn RM500！Work from home santai，Public Bank transfer。Contact <PHONE> start awal！<URL>,scam,perplexity_sonar,mixed
"Woi bro! Your Shopee order RM<RM_AMOUNT> got **system error** during payment lah. Quick PM me tepi for **instant refund** to ShopeePay wallet. Don't miss out, super fast one! <URL>",scam,perplexity_sonar,mixed
"Exciting news! Lazada flash sale iPhone 15 RM<RM_AMOUNT> only, limited stock sia. Click <URL> now to **grab yours** before sold out. Use Maybank or Touch n Go, guarantee legit seller!",scam,perplexity_sonar,mixed
"Hai, your Carousell listing super hot! Buyer ready pay RM<RM_AMOUNT> cash. PM tepi for **wallet transfer** details, cepat lah before he change mind. Thousands happy buyers already!",scam,perplexity_sonar,mixed
"OMG! Mudah.my got **double refund promo** for your recent buy. System glitch need pay again RM<RM_AMOUNT> via <URL> to process. Hantar sekarang, get back double RM fast fast!",scam,perplexity_sonar,mixed
"Ter-urgent! Shopee order confirm but payment **failed error**. Share your <OTP> here or PM, I fix for you and **refund extra** to CIMB account. Act now bro, don't lose your items!",scam,perplexity_sonar,mixed
"Wah lau eh, Lazada seller here with **exclusive deal** RM<RM_AMOUNT> AirPods Pro. Direct bank in to my Public Bank, then PM proof for instant ship. Join ribuan satisfied customers!",scam,perplexity_sonar,mixed
"Your Carousell sale RM<RM_AMOUNT> approved! But need **verify wallet** first via <URL>. Super easy, one minute only get your money into Touch n Go. Cepat gila promotion ni!",scam,perplexity_sonar,mixed
"Big alert! Mudah.my detected **fake payment** on your order. Pay again RM<RM_AMOUNT> quick to <PHONE> or lose everything. I handle refund personally, trusted by many Malaysians!",scam,perplexity_sonar,mixed
"Yay! Shopee **VIP refund** event for you. Order glitched, hantar <RM_AMOUNT> to my RHB account via <URL>, get back RM<RM_AMOUNT> x2 in wallet tomorrow. Excited tak?",scam,perplexity_sonar,mixed
"Hot tip! Lazada iPad deal RM<RM_AMOUNT>, **zero risk** with my escrow. PM tepi now, share bank details for seamless transfer. Ribuan orang dah untung besar, you next lah!",scam,perplexity_sonar,mixed
紧急！我是PDRM警官，你的包裹在海关查到毒品！waran tangkap已经发出，马上转<RM_AMOUNT>到安全账户，不然今晚就来抓你！可怜我老婆孩子还在等我下班，求你配合<URL>验证身份。[1],scam,perplexity_sonar,mixed
LHDN这里，你涉及洗钱调查！你的Maybank账户被冻结了，<DATE>前不付<RM_AMOUNT>罚款，就要上法庭！兄弟，我好惨，刚刚被上司骂，帮我快点转账<PHONE>确认吧。[2],scam,perplexity_sonar,mixed
PDRM总部通知，你的快件有syok drugs，马上有逮捕令！可怜我单亲妈妈养家，转<RM_AMOUNT>到这个账户解冻，不然警察上门！用<OTP>登录<URL>证明清白啦。[1],scam,perplexity_sonar,mixed
法院waran tangkap下来了！你名字在钱洗黑名单，涉及毒品包裹！<RM_AMOUNT>保证金不转，明天就抓！警官我压力大，孩子病了，求速转CIMB账户<URL>。[3],scam,perplexity_sonar,mixed
我是LHDN调查员，你的Public Bank卡在laundering案！不付<RM_AMOUNT>今晚账户封，警察来！好惨啊，我老婆怀孕了，帮我私下解决<PHONE>联系吧。[2],scam,perplexity_sonar,mixed
紧急PDRM呼叫！你的包裹藏drugs被截，waran tangkap已签发！转<RM_AMOUNT>保释，不然全家遭殃！可怜我刚离婚，生活苦，马上<URL>输入<OTP>配合。[1],scam,perplexity_sonar,mixed
Mahkamah这里，钱洗调查你的HPBank账户！<DATE>不交<RM_AMOUNT>，直接逮捕！兄弟我好倒霉，欠债多，求你快转账<PHONE>救我一命啦。[4],scam,perplexity_sonar,mixed
PDRM反洗钱组，你包裹有毒品痕迹！waran tangkap随时执行，转<RM_AMOUNT>到安全户头！警官我家穷，孩子没饭吃，怜悯点用<URL>验证身份吧。[1],scam,perplexity_sonar,mixed
LHDN警告！你的RHB账户涉drug package laundering，不付<RM_AMOUNT>罚款就freeze一切！好可怜，我被调去乡下，帮我速转<OTP>到<PHONE>确认。[2],scam,perplexity_sonar,mixed
法院通知，PDRM已发waran tangkap因你的洗钱包裹！马上<RM_AMOUNT>转AmBank账户，不然抓人！可怜我妈病重，需要钱，<URL>登录帮个忙啦。[3],scam,perplexity_sonar,mixed
"Bro, parcel J&T kau tertahan kat customs sebab alamat salah sikit. Tolong bayar duty RM15 je sebelum <DATE> ni, kalau xleh balik ke sender la. Klik <URL> cepat!",scam,perplexity_sonar,mixed
"Aduh sori ya, barang Pos Laju kau stuck sebab unpaid customs RM22. Plis confirm details & bayar sekarang kat <URL>, nk deliver cepat2!",scam,perplexity_sonar,mixed
"Parcel DHL kau dah sampai tapi alamat tak tepat. Bayar RM18 duty je kat <URL> tu, kalau lambat kena return balik. Tolong la bro!",scam,perplexity_sonar,mixed
"Eh kak, J&T parcel kau tertahan sebab bayaran customs RM12 tak settle. Klik <URL> nk update alamat & bayar, jangan sampai hilang!",scam,perplexity_sonar,mixed
"Siannya, Pos Laju kau ada masalah alamat salah. Bayar RM25 duty kat <URL> cepat, lepas tu boleh hantar terus!",scam,perplexity_sonar,mixed
"Parcel DHL kau stuck kat depot, customs nak RM20. Tolong la bayar kat <URL> sebelum <DATE>, xleh simpan lama2 ni.",scam,perplexity_sonar,mixed
"J&T ni parcel kau dah ready tapi alamat xbetul. Confirm & bayar RM16 duty je kat <URL>, desperate nak hantar cepat!",scam,perplexity_sonar,mixed
"Abang, Pos Laju kau tertahan sebab duty RM19 unpaid. Klik <URL> nk settle, kalau x parcel tu hilang je la...",scam,perplexity_sonar,mixed
"DHL parcel kau ada isu customs, alamat salah. Bayar RM14 kat <URL> sekarang, tolong la jangan buat susah!",scam,perplexity_sonar,mixed
"Parcel J&T kau stuck, bayar customs RM23 je kat <URL> tu. Cepat confirm alamat, nk deliver hari ni lagi!",scam,perplexity_sonar,mixed
JPJ: Saman trafik RM<RM_AMOUNT> xbayar sejak <DATE>. Kena settle sekarang atau kenderaan disita! Bayar cepat kat <URL> guna <OTP> tu. Jangan lambat bro!,scam,perplexity_sonar,mixed
"PDRM: Accident kecil tepi jalan tadi, settle RM<RM_AMOUNT> je la kat <PHONE> ni. Xleh tunggu, polis dah standby. Transfer sekarang atau tangkap!",scam,perplexity_sonar,mixed
JPJ Notice: Fine RM<RM_AMOUNT> untuk speeding <DATE>. Bayar online <URL> atau blacklist MyKad kau. Urgent nk?!,scam,perplexity_sonar,mixed
"Settle tepi jalan: Kereta kau langgar motor, owner nk RM<RM_AMOUNT>. Call <PHONE> segera atau lapor polis. Jangan buat susah!",scam,perplexity_sonar,mixed
"JPJ: Saman parkir tak bayar RM<RM_AMOUNT> <DATE>. Kena settle <URL> guna bank Maybank atau CIMB. Kalau x, towing je!",scam,perplexity_sonar,mixed
"Accident minor: Tepi highway, settle RM<RM_AMOUNT> kat <PHONE>. Polis dah tahu, bayar la cepat xleh drag!",scam,perplexity_sonar,mixed
JPJ Urgent: Demerit point + fine RM<RM_AMOUNT> xsettle. Klik <URL> masukkan <OTP> atau lesen suspended hari ni!,scam,perplexity_sonar,mixed
"PDRM Road Scam: Langgar divider, bayar RM<RM_AMOUNT> settle tepi. Hubungi <PHONE> sekarang atau arrest warrant keluar.",scam,perplexity_sonar,mixed
Saman JPJ: RM<RM_AMOUNT> outstanding toll <DATE>. Bayar kat <URL> guna Touch n Go atau kena blacklist. Cepat bro!,scam,perplexity_sonar,mixed
"Kecil accident tadi, owner marah nk RM<RM_AMOUNT>. Settle kat <PHONE> je la, xnak lapor JPJ kan? Urgent!",scam,perplexity_sonar,mixed
"Salam, Bantuan Sara Hidup anda approved RM<RM_AMOUNT> dari Kementerian Keuangan. Click <URL> to claim sekarang la, verify MyKad only. Urgent!",scam,perplexity_sonar,mixed
Panggilan rasmi dari Jabatan BSH. You got STR approved RM100 for this month. Transfer to e-wallet <PHONE> with OTP <OTP> then claim balik la.,scam,perplexity_sonar,mixed
Tahniah! Bantuan Tunai Sara Hidup RM<RM_AMOUNT> dah disetujui. Klik <URL> untuk activate Maybank account anda. Jangan lambat ah.,scam,perplexity_sonar,mixed
"Notis rasmi: SARA e-Wallet claim RM50 ready. Masukkan IC number kat <URL> to receive by <DATE>. Government approved, cepat sikit.",scam,perplexity_sonar,mixed
BSH update: You eligible for RM<RM_AMOUNT> bantuan hidup. Call <PHONE> balas dengan OTP <OTP> untuk transfer ke Touch n Go wallet la.,scam,perplexity_sonar,mixed
"Kementerian Kewangan pengesahan: Bantuan Sara Hidup RM100 dah masuk queue. Verify kat <URL> guna bank details, process 5 minit je.",scam,perplexity_sonar,mixed
"Approved! RM<RM_AMOUNT> SARA aid untuk rakyat Malaysia. Click <URL> now, masukkan phone number untuk claim sebelum <DATE> habis.",scam,perplexity_sonar,mixed
"Rasmi daripada PMO: e-Wallet bantuan RM50 ready untuk anda. Reply <PHONE> with <OTP> to authorize transfer, simple je tu.",scam,perplexity_sonar,mixed
"Peringatan BSH: Claim RM<RM_AMOUNT> Sara Hidup anda kat <URL>. Public Bank users priority, jangan miss peluang ni lah.",scam,perplexity_sonar,mixed
"Government notice: Bantuan Rahmah RM100 approved untuk MyKad holders. Activate link <URL> hari ni, transfer cepat masuk account.",scam,perplexity_sonar,mixed
"Eh bro, your Bantuan Sara Hidup approved lah! RM<RM_AMOUNT> waiting for you in Touch n Go e-wallet. Click <URL> to claim fast fast, don't miss out ya sexy!",scam,perplexity_sonar,mixed
"Hai handsome, govt aid got approved! Bantuan Sara Hidup RM<RM_AMOUNT> ready in your Maybank account. Just verify with <OTP> at <URL> la, come on darling.",scam,perplexity_sonar,mixed
"Woi sayang, your STR payment approved sia! Click <URL> claim RM<RM_AMOUNT> Bantuan now, transfer to e-wallet easy peasy. Love you lah!",scam,perplexity_sonar,mixed
"Hello beautiful, congrats! Bantuan Sara Hidup RM<RM_AMOUNT> approved by PM. Go <URL> key in <PHONE> to get into your CIMB wallet, quick quick ah.",scam,perplexity_sonar,mixed
"Eh korang, got good news! Your govt aid RM<RM_AMOUNT> for Bantuan Sara Hidup ready. Click <URL> claim before <DATE>, so easy like that only la babe.",scam,perplexity_sonar,mixed
"Sweetie, your e-wallet got Bantuan Sara Hidup money RM<RM_AMOUNT> waiting! Just tap <URL> enter <OTP> and it's yours, muah muah!",scam,perplexity_sonar,mixed
"Hey hot stuff, approved lah your Bantuan! RM<RM_AMOUNT> Sara Hidup cash in Public Bank. Click <URL> now, don't play play miss it ah.",scam,perplexity_sonar,mixed
"Darling, govt say your STR e-wallet aid RM<RM_AMOUNT> approved. Simple, go <URL> put <PHONE> and claim, I waiting for you la!",scam,perplexity_sonar,mixed
"Oi pretty, Bantuan Sara Hidup RM<RM_AMOUNT> got for you! Click <URL> verify with <OTP> to Touch n Go, so fast so good sia.",scam,perplexity_sonar,mixed
"Baby, your Malaysia Madani aid approved RM<RM_AMOUNT>! E-wallet ready, just <URL> and enter details la, come get your money now ah sayang.",scam,perplexity_sonar,mixed
"Bro, bantuan sara hidup lu approved tu! RM<RM_AMOUNT> je nk claim. Cepat click <URL> sebab limit je ni, xleh lambat!",scam,perplexity_sonar,mixed
"Kak, sedih gila... Bantuan STR RM<RM_AMOUNT> dah keluar untuk mak bapak macam kakak. Tolong claim kat <URL> masuk e-wallet Maybank lu.",scam,perplexity_sonar,mixed
"Eh abang, govt aid RM<RM_AMOUNT> untuk rakyat susah macam kita. Approved! Verify OTP <OTP> n click <URL> nk masuk Touch n Go je.",scam,perplexity_sonar,mixed
"Desperate ni... Bantuan Sara Hidup RM<RM_AMOUNT> tu dah ready. Call <PHONE> atau <URL> la cepat, nanti hangus sebelum <DATE>.",scam,perplexity_sonar,mixed
"Lu x reti? RM<RM_AMOUNT> e-wallet claim dari kerajaan! Bantuan approved, klik <URL> je nk topup Boost lu tu.",scam,perplexity_sonar,mixed
"Sayang, makcik ni nk bayar bil je xde duit. Tolong claim bantuan RM<RM_AMOUNT> kat <URL> untuk semua, masuk CIMB acc.",scam,perplexity_sonar,mixed
"Weh, jangan sia2! Govt bagi RM<RM_AMOUNT> Sara Hidup, click <URL> masukkan IC n phone no. Xleh miss peluang ni.",scam,perplexity_sonar,mixed
"Tolong la bro, bantuan e-wallet RM<RM_AMOUNT> dah approve untuk keluarga miskin. Reply <OTP> atau <URL> nk claim cepat.",scam,perplexity_sonar,mixed
"Sedihnya... RM<RM_AMOUNT> STR aid tu untuk lu je. Klik <URL> sebab exp <DATE>, masuk Public Bank e-wallet direct.",scam,perplexity_sonar,mixed
"Abang, nk claim RM<RM_AMOUNT> bantuan hidup? Approved! Call <PHONE> atau <URL> la, xleh tunggu lama nanti hilang.",scam,perplexity_sonar,mixed
"Eh sayang, salah masuk nombor hp aku tadi masa daftar BigPay. Tolong forward <OTP> tu ye, nk bayar hospital cepat. Muah! <PHONE>",scam,perplexity_sonar,mixed
"Hai handsome, TAC BigPay aku hantar salah ke hp kau ni. Bagi je la <OTP> tu, system upgrade RHB kena verify cepat. Thanks love! <URL>",scam,perplexity_sonar,mixed
"Bro, xleh la buat macam tu. Aku salah daftar Maybank2u guna nombor kau. Tolong hantar <OTP> TAC tu, urgent nk transfer RM<RM_AMOUNT>. Kiss!",scam,perplexity_sonar,mixed
"Sayang, BigPay aku kena system upgrade, TAC hantar ke hp kau pulak. Forward <OTP> je lah, nanti aku belanja dinner. Call <PHONE> ya!",scam,perplexity_sonar,mixed
"Eh babe, salah ketik nombor masa verify CIMB Click. <OTP> tu milik aku, tolong bagi, nk settle bill <DATE>. You're the best! 😘",scam,perplexity_sonar,mixed
"Hai gurl, TAC RHB aku tersalah hantar ke kau. Nk confirm transaksi je, forward <OTP> tu cepat. Nanti kita date! <PHONE>",scam,perplexity_sonar,mixed
"Sayangku, BigPay system upgrade, OTP aku masuk hp kau. Tolong share <OTP> tu, xleh delay. Love you lah! <URL>",scam,perplexity_sonar,mixed
"Eh korang, salah register Maybank TAC ke nombor ni. Bagi <OTP> je, urgent bayar RM<RM_AMOUNT> hospital. Thanks babe! Call <PHONE>",scam,perplexity_sonar,mixed
"Handsome, aku daftar Public Bank salah hp. TAC <OTP> tu kena forward balik, system verify cepat sebelum <DATE>. Muah muah!",scam,perplexity_sonar,mixed
"Hai pretty, BigPay aku kena upgrade, OTP tersalah ke kau. Tolong hantar <OTP> tu ye, nanti aku reply gambar comel. <PHONE>",scam,perplexity_sonar,mixed
PDRM IPD KL sini. Nama awak ada dalam senarai money laundering <DATE>. Package drugs dari Macau guna nama awak. Waran tangkap dah keluar! Transfer <RM_AMOUNT> ke akaun selamat sekarang atau kami datang tangkap je. Call <PHONE> cepat!,scam,perplexity_sonar,mixed
"LHDN notice! Akaun awak terlibat penipuan cukai RM<RM_AMOUNT> dr parcel drugs. Xleh tunggu, polis dah standby. Hantar OTP <OTP> nk verify atau arrest malam ni. Jangan buang masa, call <PHONE>!",scam,perplexity_sonar,mixed
Mahkamah KL issuing waran tangkap untuk awak. Package dengan ganja dari Macau link ke akaun Maybank awak. Bayar <RM_AMOUNT> settlement sekarang via <URL> atau kami serbu rumah je. Hubungi <PHONE> urgent!,scam,perplexity_sonar,mixed
PDRM JB alert! Awak suspected money laundering investigation. Parcel drugs penuh syabu guna IC awak. Transfer duit ke akaun PDRM <RM_AMOUNT> atau tangkap esok pagi. Call <PHONE> nk settle cepat la.,scam,perplexity_sonar,mixed
"LHDN audit: Akaun CIMB awak ada drugs package dari Macau, tax evasion RM<RM_AMOUNT>. Waran dah print. Hantar <OTP> sekarang atau polis ketuk pintu. Jangan main-main, call <PHONE>!",scam,perplexity_sonar,mixed
Court order: Awak under investigation money laundering via parcel ganja <DATE>. Bayar fine <RM_AMOUNT> ke akaun rasmi atau arrest warrant aktif. Klik <URL> atau call <PHONE> nk avoid penjara je.,scam,perplexity_sonar,mixed
PDRM HQ: Nama awak pop up dalam drug package Macau. Money laundering charge dah file. Transfer <RM_AMOUNT> sekarang nk clear nama atau kami blacklist akaun Public Bank awak. Cepat call <PHONE>!,scam,perplexity_sonar,mixed
"LHDN urgent! Parcel drugs link ke akaun RHB awak, hutang cukai <RM_AMOUNT>. Xleh lari, waran tangkap keluar. Verify dengan OTP <OTP> atau datang balai polis. Hubungi <PHONE> segela!",scam,perplexity_sonar,mixed
Mahkamah notice: Suspected laundering dr package syabu Macau guna nama awak. Bayar <RM_AMOUNT> settlement via <URL> atau polis ambil tindakan malam ni. Call <PHONE> jangan tunggu!,scam,perplexity_sonar,mixed
"PDRM Penang: Investigation money laundering, parcel drugs dari Macau ada fingerprint awak. Waran dah siap. Hantar <RM_AMOUNT> ke akaun selamat atau tangkap besok. Call <PHONE> nk tolong la bro!",scam,perplexity_sonar,mixed
"Hi bro, so sorry lah, my Shopee order for <RM_AMOUNT> got system error, payment tak masuk. PM tepi now, transfer balik to my Maybank acc, plss help abang desperate ni. TQVM <PHONE>",scam,perplexity_sonar,mixed
"Dear customer, aisey man, Lazada refund wallet kena delay sebab technical issue. Sila bayar again <RM_AMOUNT> to <PHONE> supaya process cepat, I really need this money for family sakit. Maaf ya.",scam,perplexity_sonar,mixed
"Hello sis, Mudah seller here, item dah ready tapi pos laju kena charge extra <RM_AMOUNT>. Transfer dulu to my CIMB, nanti full refund once delivered. Tolong lah, anak I nak bayar sekolah. <PHONE>",scam,perplexity_sonar,mixed
"Bro, Carousell order confirm tapi payment gagal due to error. Bayar balik <RM_AMOUNT> kat Public Bank acc ni, I janji refund wallet tomorrow. Super desperate, wife hamil takde duit. Plss <PHONE>",scam,perplexity_sonar,mixed
"Hai, Shopee admin sorry, your <RM_AMOUNT> order ada problem, kena pay again kat Touch n Go e-wallet. Lepas tu refund automatic. Tolong cepat, I rugi besar ni, family kena keluar rumah. <PHONE>",scam,perplexity_sonar,mixed
"Customer, Lazada here, system glitch, bayaran tak detect. Sila hantar <RM_AMOUNT> to RHB acc, nanti PM confirm dan refund. Aisey, I sendiri kena scam baru ni, desperate betul. Call <PHONE>",scam,perplexity_sonar,mixed
"Eh bro, Mudah.my seller, parcel ready tapi tracking error, need topup <RM_AMOUNT> for J&T. Transfer Maybank, promise balik duit. Anak I sakit hospital, tolong lah abang. <PHONE>",scam,perplexity_sonar,mixed
"Sis, Carousell deal ok tapi payment bounce. Bayar semula <RM_AMOUNT> kat UOB, lepas tu ship immediately + refund extra. Maaf ya, I lagi susah, hutang banyak. PM atau call <PHONE>",scam,perplexity_sonar,mixed
"Hello, Shopee seller desperate, order <RM_AMOUNT> kena cancel sebab stock issue tapi boleh reorder if bayar now to Boost wallet. Nanti full refund. Family I takde makan, plss help. <PHONE>",scam,perplexity_sonar,mixed
"Dear, Lazada order error, sila transfer <RM_AMOUNT> to Ambank acc untuk activate refund. Cepat lah, I kena bayar ubat mak, takde duit langsung. Terima kasih banyak2. <PHONE>",scam,perplexity_sonar,mixed
Bantuan Sara Hidup anda telah diluluskan sebanyak <RM_AMOUNT>. Sila klik <URL> untuk claim ke akaun Maybank anda. Jangan lepaskan peluang ini.,scam,perplexity_sonar,mixed
Tahniah! Permohonan STR/e-Wallet bantuan approved. Dapatkan RM100 sekarang di <URL>. Masukkan butiran bank untuk transfer segera.,scam,perplexity_sonar,mixed
Kementerian Kewangan: Bantuan Tunai Rahmah RM200 disetujui. Verify di <URL> atau subsidi akan dibekukan. Urgent action diperlukan.,scam,perplexity_sonar,mixed
Sara Hidup aid RM150 ready untuk dibayar ke Touch 'n Go eWallet. Klik <URL> dan masukkan <OTP> untuk claim hari ini sahaja.,scam,perplexity_sonar,mixed
Approved: Bantuan Asas Rahmah <RM_AMOUNT> ke rekening CIMB. Sila sahkan di <URL> sebelum <DATE> untuk elak kena blacklist.,scam,perplexity_sonar,mixed
Pemberitahuan rasmi: e-Wallet boost RM100 daripada kerajaan. Claim sekarang di <URL> dengan nombor IC anda. Cepat!,scam,perplexity_sonar,mixed
Bantuan Sara Hidup single mother RM500 lulus. Hantar butiran ke <PHONE> atau klik <URL> untuk direct credit ke Public Bank.,scam,perplexity_sonar,mixed
"STR payment RM100 menanti. Sila update maklumat bank di <URL> untuk proses pembayaran. Jangan ignore, sahaja hari ini.",scam,perplexity_sonar,mixed
Kerajaan beri bantuan e-Wallet RM200. Approved untuk anda. Akses <URL> dan masukkan PIN untuk transfer ke Boost wallet.,scam,perplexity_sonar,mixed
Urgent: Bantuan Tunai Sara RM150 gagal diproses. Klik <URL> untuk reactivate dan claim ke akaun RHB anda segera.,scam,perplexity_sonar,mixed
"Assalamualaikum saudara/saudari, saya cikgu Aminah dari group pelaburan Syariah Compliant. Keluarga saya sakit parah, perlu wang segera. Pelaburan crypto emas beri 300% profit dalam 24 jam, Syariah approved. Hanya RM<RM_AMOUNT> untuk start. Tolong tolong saya, klik <URL> sekarang sebelum offer habis. Terima kasih banyak-banyak.",scam,perplexity_sonar,mixed
"Salam, ini Cikgu Rahman. Saya desperate, hutang bank Maybank menekan. Join group Teacher Investment, pelaburan gold halal 250% return cepat. Masukkan <RM_AMOUNT> ke akaun, dapat profit besar esok. Tolong bantu cikgu miskin ni, reply OTP anda untuk verify. <URL> untuk join.",scam,perplexity_sonar,mixed
"Wassalam, saudari Cikgu Fatimah speaking. Anak saya hilang kerja, kami tak ada makan. Pelaburan high-yield crypto Syariah, 400% dalam sehari! Deposit <RM_AMOUNT> RM je, confirm halal. Saya punya group WhatsApp ramai cikgu join. Tolonglah, klik <URL> dan hantar <PHONE> untuk info lanjut.",scam,perplexity_sonar,mixed
"Hai, Cikgu Ismail di sini dari grup pelaburan guru. Istri saya cancer, bayar hospital urgent. Emas digital Syariah compliant, 350% profit 24 jam guaranteed. Start dengan <RM_AMOUNT>, boleh withdraw anytime. Bantu cikgu desperate ni, masuk <URL> sekarang ya.",scam,perplexity_sonar,mixed
"Assalammualaikum, ini Cikgu Siti. Bapa saya stroke, tak mampu bayar bil CIMB. Pelaburan crypto gold teacher group, 300% return halal cepat. Hanya <RM_AMOUNT> untuk masuk, profit masuk akaun Public Bank esok. Tolong tolong, share <OTP> anda untuk secure slot. <URL>",scam,perplexity_sonar,mixed
"Salam semua, Cikgu Ahmad desperate. Kereta rosak, tak boleh kerja. Join pelaburan Syariah high yield, 280% dalam 24 jam penuh halal. Transfer <RM_AMOUNT> ke akaun RHB, dapat bonus. Saya cikgu miskin mohon bantuan, klik <URL> join group cikgu.",scam,perplexity_sonar,mixed
"Wassalam, saudara Cikgu Nora. Adik saya kena scammed, hilang semua duit. Sekarang pelaburan emas crypto Syariah 320% profit guaranteed. Start small <RM_AMOUNT>, teacher group verified. Tolong cikgu ni, hantar <PHONE> dan klik <URL> untuk start.",scam,perplexity_sonar,mixed
"Hai cikgu group, ini Cikgu Hassan. Ibu saya sakit kronik, hutang Maybank besar. Pelaburan halal gold 380% return 1 hari je! Deposit <RM_AMOUNT>, withdraw free. Desperate betul, join via <URL> dan confirm <OTP> sekarang.",scam,perplexity_sonar,mixed
"Assalam, Cikgu Laila dari WhatsApp teacher investment. Suami lost job, anak lapar. Crypto Syariah compliant, 290% high profit cepat. Hanya <RM_AMOUNT> untuk VIP slot. Bantu kami yang susah, <URL> tolong share <PHONE> untuk call.",scam,perplexity_sonar,mixed
"Salam saudari, Cikgu Zainab desperate nih. Rumah hampir disita bank, perlu pelaburan urgent. Group cikgu pelaburan emas halal 310% dalam 24 jam. Transfer <RM_AMOUNT> ke akaun, profit masuk CIMB. Mohon tolong, klik <URL> join sekarang.",scam,perplexity_sonar,mixed
"Eh babe, your J&T parcel tertahan kat customs sebab alamat salah sikit la. Bayar <RM_AMOUNT> duty cepat, click <URL> ni settle kan, nanti barang sampai rumah you terus tu. 😉",scam,perplexity_sonar,mixed
"Hai handsome, Pos Laju here! Parcel you ada unpaid customs fee <RM_AMOUNT> sebab barang kena check. Transfer to our Maybank acc or tap <URL> bayar la, fast fast delivery ok? 😘",scam,perplexity_sonar,mixed
"Sayang, DHL notice: Your package hold up cos wrong address ah. Bayar <RM_AMOUNT> je untuk release, go <URL> now, nanti I hantar personally kalau you good girl/boy. Hehe 💋",scam,perplexity_sonar,mixed
"Bro/sis, J&T parcel you tertahan, customs duty <RM_AMOUNT> belum bayar. Jom settle kat <URL> ni, quick quick la, parcel penting tu jgn hilang! 😍",scam,perplexity_sonar,mixed
"Darling, Pos Laju alert! Barang anda kena alamat salah, pay <RM_AMOUNT> via <URL> to unlock. Nanti dapat free gift lagi, promise! Love you lah 😜",scam,perplexity_sonar,mixed
"Hey cutie, DHL sini. Parcel tertahan sebab unpaid fee <RM_AMOUNT>. Click <URL> bayar RM to CIMB acc, terus hantar esok pagi. Miss you already! 🥰",scam,perplexity_sonar,mixed
"Lau ah, J&T got your parcel stuck at customs, alamat salah tu. Bayar duty <RM_AMOUNT> kat <URL>, settle cepat nanti party together la! 🎉😉",scam,perplexity_sonar,mixed
"Sweetie, Pos Laju message: Unpaid customs <RM_AMOUNT> for your barang. Tap <URL> je, easy peasy, parcel fly to you soon. Muah! 💕",scam,perplexity_sonar,mixed
"Handsome girl, DHL parcel hold cos wrong addr & duty <RM_AMOUNT>. Go <URL> transfer now to Public Bank, nanti I call you thank you personally ok? 😘",scam,perplexity_sonar,mixed
"Baby, J&T alert: Barang tertahan, bayar <RM_AMOUNT> customs kat <URL> la. Alamat salah sikit je, fix fast, terus dating time! 🔥❤️",scam,perplexity_sonar,mixed
亲爱的Cikgu群成员，Syariah Compliant黄金投资机会！投资<RM_AMOUNT>可获300%利润在24小时内。通过Maybank转账到指定账户，立即点击<URL>加入VIP群。快行动，限时优惠！,scam,perplexity_sonar,mixed
老师好！高收益加密货币方案，100% Shariah合规。存入<RM_AMOUNT>，24小时内回报250%。用Public Bank转给我们的licensed顾问。验证<OTP>并访问<URL>开始赚钱lah！,scam,perplexity_sonar,mixed
紧急通知：独家黄金投资计划，Cikgu专群推荐。投资RM<RM_AMOUNT>，保证300%利润无风险。Syariah approved！请转账到CIMB账户，点击<URL>获取详情。Don't miss out！,scam,perplexity_sonar,mixed
尊敬的群友，专业crypto投资，Shariah Compliant。仅需<RM_AMOUNT>，24小时300%回报。Maybank转账后，输入<PHONE>联系顾问。点击<URL>查看证明。Hurry up！,scam,perplexity_sonar,mixed
Cikgu！超级高利黄金方案，100% Syariah。投资<RM_AMOUNT>，利润高达250%在一天内。用RHB Bank转账，访问<URL>加入并输入<OTP>激活账户。Limited slots！,scam,perplexity_sonar,mixed
老师们注意：加密高收益计划，Shariah合规无风险。存<RM_AMOUNT>，24小时获300%。Public Bank转指定账户，点击<URL>看真实回报截图。Act fast or lose！,scam,perplexity_sonar,mixed
VIP Cikgu群特惠！黄金crypto投资，Syariah approved。RM<RM_AMOUNT>起，300%利润24小时。转账Maybank后拨<PHONE>确认。立即<URL>注册！Very good deal！,scam,perplexity_sonar,mixed
亲爱的投资老师，专业Shariah黄金方案。投资<RM_AMOUNT>，回报250%超快。用CIMB转账，输入<OTP>验证。点击<URL>进入群聊赚钱。机会有限！,scam,perplexity_sonar,mixed
Cikgu专属：高收益crypto，300% in 24hrs，Syariah Compliant。转<RM_AMOUNT>到RHB账户，访问<URL>获取邀请码。真实成员已赚大钱！Join now lah！,scam,perplexity_sonar,mixed
紧急投资机会！Shariah黄金计划，<RM_AMOUNT>获300%利润一天内。Maybank转账后联系<PHONE>，点击<URL>查看证书。Don't wait，slots filling fast！,scam,perplexity_sonar,mixed
"Hai bro, you looking for pinjaman wang cepat approve tak? 0% interest je, blacklist pun ok la. Just bayar RM200 processing fee dulu kat <PHONE> ni, then <RM_AMOUNT> masuk akaun you terus! Cepat la, offer limited tu.[1]",scam,perplexity_sonar,mixed
"Eh sayang, nak duit pinjaman tak? Ah Long berlesen sini, fast approval, no guarantor needed. Transfer RM150 insurance fee je dulu, lepas tu RM10,000 ready for you. WhatsApp me now la, jom settle semalam lagi![1][2]",scam,perplexity_sonar,mixed
"Hello handsome, got pinjaman wang berlesen for you! 0% interest, blacklist OK, approve dalam 1 jam. Bayar upfront RM300 processing kat bank CIMB <PHONE>, then duit masuk la. Don't miss ah, special for you je![1]",scam,perplexity_sonar,mixed
"Kakak, urgent pinjaman tak? Fast la, no check CCIS, 0% interest forever. Just hantar RM250 insurance fee dulu via <URL>, lepas tu <RM_AMOUNT> transfer balik to you. Come on, I handle everything for you sweetheart![1][5]",scam,perplexity_sonar,mixed
"Bro, pinjaman wang mudah gila! Ah Long approved, blacklist pun boleh, 0% interest. Transfer RM180 processing fee sekarang kat Maybank <PHONE>, then loan approved terus. Hurry la, quota penuh nanti![1][4]",scam,perplexity_sonar,mixed
"Hai cutie, I got pinjaman berlesen for you. Fast approval, no documents, 0% interest je. Bayar RM400 upfront insurance dulu, then RM20,000 masuk akaun you hari ni. Trust me la, I take good care you![1][3]",scam,perplexity_sonar,mixed
"Eh darling, nak pinjaman wang tak? Blacklist OK, 0% interest, approve 30min. Hantar RM220 processing fee kat Public Bank <PHONE> ni, lepas tu duit ready. Jom la, make you happy with money![1]",scam,perplexity_sonar,mixed
"Hello sayangku, special pinjaman Ah Long! Cepat approve, no problem blacklist, 0% interest. Just transfer RM350 insurance + processing dulu via <URL>, then <RM_AMOUNT> yours je. Act fast before close ah![1][2]",scam,perplexity_sonar,mixed
"Bro, pinjaman wang berlesen murah gila! 0% interest, fast la, blacklist pun pass. Bayar RM150 upfront fee kat RHB <PHONE>, lepas tu loan disburse terus. Don't worry, I got your back![1][5]",scam,perplexity_sonar,mixed
"Kak, you deserve pinjaman wang cepat! Ah Long pro, 0% interest, approve walau blacklist. Hantar RM280 processing insurance sekarang, then RM15,000 masuk tomorrow. Love you, let's do this la![1][3]",scam,perplexity_sonar,mixed
"Sayang, parcel hadiah RM<RM_AMOUNT> saya dari pilot tu xleh keluar customs KLIA. Perlu bayar cukai RM<RM_AMOUNT> je. Tolong hantar ke <PHONE> cepat.",scam,perplexity_sonar,mixed
"Habibti, engineer saya hantar gift anniversary tapi kena tangkap Pos Malaysia. Bayar RM<RM_AMOUNT> untuk release. Call <PHONE> sekarang takleh lambat.",scam,perplexity_sonar,mixed
"Dear, paket cinta saya RM<RM_AMOUNT> stuck di customs JB. Nk ambil kena settle bayaran RM<RM_AMOUNT> je. Msg <PHONE> atau hilang forever.",scam,perplexity_sonar,mixed
"Baby, pilot friend hantar parcel mewah tapi customs tahan. Perlu RM<RM_AMOUNT> untuk bebas. Hantar ke akaun Maybank <PHONE> urgent.",scam,perplexity_sonar,mixed
"Sayangku, hadiah besar dari engineer saya xleh masuk sebab cukai. Bayar RM<RM_AMOUNT> je kat <PHONE>. Jangan biar hilang ye.",scam,perplexity_sonar,mixed
"Love, parcel RM<RM_AMOUNT> saya sebagai pilot kena block customs Penang. Settle RM<RM_AMOUNT> cepat call <PHONE> takleh tunggu.",scam,perplexity_sonar,mixed
"Cinta, gift engineer tu stuck PosLaju. Nk release bayar cukai RM<RM_AMOUNT> je. Hubungi <PHONE> sekarang sebelum <DATE>.",scam,perplexity_sonar,mixed
"Darling, paket spesial RM<RM_AMOUNT> dari kerja pilot saya tahan customs. Tolong RM<RM_AMOUNT> ke <PHONE> supaya boleh hantar cepat.",scam,perplexity_sonar,mixed
"Sayang, engineer hantar hadiah tapi xleh lepas customs LCCT. Bayar RM<RM_AMOUNT> je kat <PHONE>. Urgent ni love.",scam,perplexity_sonar,mixed
"Habib, parcel cinta RM<RM_AMOUNT> pilot tu kena cukai tambahan. Hantar RM<RM_AMOUNT> ke <PHONE> je supaya sampai esok.",scam,perplexity_sonar,mixed
"Oi bro, your J&T parcel tertahan kat customs sebab alamat salah sikit. Bayar <RM_AMOUNT> duty cepat la, nanti hilangparcel tu. Tolong verify sini <URL> please, desperate ni.",scam,perplexity_sonar,mixed
"Abang, Pos Laju here. Barang awak stuck lama dah, unpaid customs fee <RM_AMOUNT>. Transfer Maybank la, kalau tak package kena return balik. Click <URL> to settle, tolong cepat!",scam,perplexity_sonar,mixed
"Sis, DHL parcel awak ada problem, alamat tak betul. Kena bayar <RM_AMOUNT> sekarang atau barang rosak. Sad case ni, help me settle via <URL> ya, jangan buat susah.",scam,perplexity_sonar,mixed
"Eh korang, J&T delivery gagal sebab duty belum bayar <RM_AMOUNT>. Parcel penting tu, tolong la transfer CIMB cepat. Verify phone <PHONE> kat <URL>, makasih banyak!",scam,perplexity_sonar,mixed
"Parcel Pos Laju awak tertahan, alamat salah. Bayar <RM_AMOUNT> customs duty je la, nanti hantar terus. Click <URL> now, poor me kena marah boss kalau delay.",scam,perplexity_sonar,mixed
"Bro, DHL barang awak ada issue unpaid fee <RM_AMOUNT>. Alamat tak match, tolong settle kat <URL> guna Public Bank. Jangan buang parcel tu, please help!",scam,perplexity_sonar,mixed
"Kak, J&T here. Parcel stuck sebab customs duty <RM_AMOUNT> belum clear. Transfer la cepat, verify <OTP> kat <URL>. Susah hidup kalau hilang barang ni.",scam,perplexity_sonar,mixed
"Your Pos Laju package alamat salah, kena bayar <RM_AMOUNT> duty. Tolong la click <URL> settle, nanti hantar esok. Desperate ni, jangan ignore!",scam,perplexity_sonar,mixed
"Abang, DHL parcel tertahan lama, unpaid <RM_AMOUNT>. Alamat problem, bayar RHB la kat <URL>. Barang tu precious, tolong rescue please.",scam,perplexity_sonar,mixed
"Oi, J&T delivery fail sebab customs fee <RM_AMOUNT>. Parcel kena return kalau tak bayar. Click <URL> verify sekarang, makasih ya bro, susah betul!",scam,perplexity_sonar,mixed
"RM0 CikguGold: Oi bro, join our Syariah compliant gold investment group sekarang! 300% profit dalam 24 jam je. Transfer <RM_AMOUNT> to <PHONE> fast la, slot limited! <URL>",scam,perplexity_sonar,mixed
"RM0 CryptoUstaz: Teacher here, halal crypto scheme tau! You got money ah? Invest <RM_AMOUNT> get 500% return esok. Hurry up, or miss out forever! Call <PHONE> now.",scam,perplexity_sonar,mixed
"RM0 MaybankInvest: Emergency! Exclusive high-yield bitcoin from Cikgu group. 400% in 1 day, Syariah approved. Transfer to <PHONE> cepat, before <DATE> habis slot!",scam,perplexity_sonar,mixed
"RM0 PublicAllah: Wah, gold trading Syariah compliant, 250% profit guarantee! Join WhatsApp cikgu group, send <RM_AMOUNT> sekarang or kena rugi besar! <URL>",scam,perplexity_sonar,mixed
"RM0 BSNBitcoin: Bro, don't sleep lah! 350% return on crypto in 24hrs, teacher verified. Transfer money fast to <PHONE>, urgent before price crash!",scam,perplexity_sonar,mixed
"RM0 CIMBGoldRush: Cikgu alert! Halal gold scheme, 300% untung tomorrow. You punya duit tu sia-sia if tak join. Send <RM_AMOUNT> now or bye bye chance! <PHONE>",scam,perplexity_sonar,mixed
"RM0 RHBHighYield: Threat: Miss this Syariah crypto 500% profit? Transfer <RM_AMOUNT> to <PHONE> immediately, slot closing <DATE>! Join cikgu WA group <URL>",scam,perplexity_sonar,mixed
"RM0 HKBCrypto: Oi lah, teacher group punya gold investment, 400% in sehari je! Got money transfer back la cepat, if not nanti menyesal seumur hidup!",scam,perplexity_sonar,mixed
"RM0 AmGoldPro: Urgent! Syariah compliant high yield, 280% profit 24jam. Cikgu suruh join sekarang, send <RM_AMOUNT> to <PHONE> or kena scold!",scam,perplexity_sonar,mixed
"RM0 UOBUstaz: Last chance bro! Halal bitcoin scheme from teacher, 600% return fast fast. Transfer duit to <PHONE> sekarang, don't be bodoh miss out! <URL>",scam,perplexity_sonar,mixed
"Darling, good news! I sent you special gift from my offshore rig – gold necklace and iPhone from duty-free. But stuck at Malaysia Customs KLIA. Need pay RM2,500 tax to release before <DATE>. Please help via Maybank2u to <PHONE>. Love you lah.[1]",scam,perplexity_sonar,mixed
"My sweet, as pilot on flight to Penang, I bought you beautiful handbag and watch. Parcel held by customs officer, demand RM1,800 clearance fee. Send to CIMB account <PHONE> fast, otherwise forfeit. Miss you so much dear.[1]",scam,perplexity_sonar,mixed
"Honey, engineer here in Labuan port. Shipped you luxury perfume and diamond earrings as surprise. Customs tu bilang need RM3,200 for duty. Transfer now to Public Bank <PHONE>, I reimburse double when back. Jom settle cepat.[1]",scam,perplexity_sonar,mixed
"Baby, from my oil platform, posted high-end laptop and bracelet for you. Malaysia Customs KL hold it, require RM1,500 release fee by <DATE>. Use RHB bank to <PHONE>. Cannot wait to hug you soon.[1]",scam,perplexity_sonar,mixed
"Love, pilot friend help send gift parcel – Samsung tablet and gold chain. Stuck at customs Penang, need RM2,200 tax payment urgent. FPX to UOB <PHONE> please. You my everything lah.[1]",scam,perplexity_sonar,mixed
"Dear heart, as engineer in Miri, I courier designer sunglasses and necklace. Customs charge RM2,900 for clearance. Send via AmBank to <PHONE> now, before they auction off. Trust me ok?[1]",scam,perplexity_sonar,mixed
"Sweetie, flying back soon, sent you iPad and pearl earrings via pos laju. KL Customs want RM1,700 fee. Help transfer Maybank <PHONE>, I settle when land. Love you forever.[1]",scam,perplexity_sonar,mixed
"My love, rig worker me, gift box with LV bag and smartwatch held by customs JB. Pay RM2,400 duty to <PHONE> CIMB. Quick action ya, cannot lose this for you.[1]",scam,perplexity_sonar,mixed
"Darling, captain on vessel to Port Klang, shipped perfume set and ring. Customs demand RM3,000 release. Use Hong Leong <PHONE> transfer. Soon we together in Malaysia.[1]",scam,perplexity_sonar,mixed
"Baby girl, engineer project in Sabah, sent chocolate gold and phone. Parcel stuck customs Kota Kinabalu, need RM1,900 fee by tomorrow. Alliance Bank to <PHONE>. For our future lah.[1]",scam,perplexity_sonar,mixed
紧急！PDRM 警局通知，您包裹内藏毒品，已发出waran tangkap！马上转账RM<RM_AMOUNT>到安全账户verify身份，否则今晚逮捕！Call <PHONE> or click <URL> now！,scam,perplexity_sonar,mixed
LHDN 税务局警告！您的账户涉money laundering案，<DATE>前必须pay RM<RM_AMOUNT>罚款到指定Maybank账户！不配合就freeze semua bank account！快call <PHONE>！,scam,perplexity_sonar,mixed
注意！Mahkamah Persekutuan发出逮捕令，您涉嫌drug package从KL寄出！立即transfer RM<RM_AMOUNT>到PDRM secure account避免被抓！Reply OTP <OTP>确认！<URL>,scam,perplexity_sonar,mixed
PDRM JB总部！侦查到您name在laundering list，包裹有syok drugs！Hari ini kena settle RM<RM_AMOUNT>不然police datang rumah！Dial <PHONE> urgent！,scam,perplexity_sonar,mixed
LHDN audit team：您的IC linked to money laundering investigation！Pay RM<RM_AMOUNT> fine via CIMB transfer sekarang atau waran tangkap issue！Click <URL> submit <OTP>！,scam,perplexity_sonar,mixed
紧急通告！PDRM Anti-Narcotics Unit：您有包裹含违禁品，已通缉！Transfer RM<RM_AMOUNT>到official account protect diri！不转就arrest besok！Call <PHONE>！,scam,perplexity_sonar,mixed
Mahkamah KL通知：钱洗黑钱案牵涉您，<DATE>须缴RM<RM_AMOUNT>担保金到Public Bank！否则直飞lockup！Fast reply <OTP> & <PHONE> contact！<URL>,scam,perplexity_sonar,mixed
PDRM Cyber Crime：侦测到您账户洗钱drug money！马上pay RM<RM_AMOUNT> clear name到RHB账户！Jangan tunggu，waran tangkap ready！<URL> verify！,scam,perplexity_sonar,mixed
LHDN 紧急！您的tax record show laundering activity from parcel drugs！Sekarang transfer RM<RM_AMOUNT>罚款避免arrest！Call <PHONE> provide <OTP>！,scam,perplexity_sonar,mixed
最高法院警告：您涉毒品包裹案，已下达逮捕令！Pay RM<RM_AMOUNT>到PDRM AmBank account settle！不行动police surround rumah！<URL> or <PHONE>！,scam,perplexity_sonar,mixed
"Eh sayang, bantuan Sara Hidup kau dah approved tu! RM<RM_AMOUNT> je nk claim, klik <URL> cepat sebelum habis la. Jom kita happy bersama! 😘",scam,perplexity_sonar,mixed
"Hai handsome, govt bagi e-wallet topup RM<RM_AMOUNT> untuk kau! Bantuan approved, masukkan <OTP> kat <URL> nk confirm je. Sayang kau ni! 💋",scam,perplexity_sonar,mixed
"Cantik, xleh miss ni! STR Bantuan RM<RM_AMOUNT> dah ready untuk kau claim. Klik <URL> sekarang, gampang je 5minit. Kita celebrate lepas ni? 😉",scam,perplexity_sonar,mixed
"Bro, bantuan Sara Hidup RM<RM_AMOUNT> tu approved untuk MyKad kau! Call <PHONE> atau klik <URL> nk verify. Cepat la, duit masuk terus! 😍",scam,perplexity_sonar,mixed
"Sayang, e-wallet kau kena topup RM<RM_AMOUNT> dari govt aid! Masuk nama je kat <URL>, approved dah ni. Nk date dengan duit baru? 😜",scam,perplexity_sonar,mixed
"Woi babe, BantuanNegara bagi RM<RM_AMOUNT> Sara! Klik <URL> claim sekarang, xleh tunggu lama. Kau special untuk aku! ❤️",scam,perplexity_sonar,mixed
"Hai pretty, RM<RM_AMOUNT> STR dah siap untuk kau! Verify dengan <OTP> kat <URL>, terus masuk bank. Jom shopping bersama? 🛍️",scam,perplexity_sonar,mixed
"Abang, bantuan e-wallet RM<RM_AMOUNT> approved! Klik <URL> nk claim, simple je. Miss kau lah, cepat reply! 😘",scam,perplexity_sonar,mixed
"Eh darling, govt bagi Sara Hidup RM<RM_AMOUNT> free! Call <PHONE> confirm atau <URL>, duit masuk petang ni. Love you! 💕",scam,perplexity_sonar,mixed
"Kakak manja, xleh lepaskan RM<RM_AMOUNT> bantuan! Klik <URL> masukkan details, dah ready. Kita happy end je! 😉",scam,perplexity_sonar,mixed
"Salam, Cikgu dari Kumpulan Pelaburan Emas Syariah Compliant. Pelaburan RM5,000 dapat 300% profit dalam 24 jam. Syariah approved. Daftar sekarang di <URL> atau hubungi <PHONE>. Jangan lepaskan peluang ini!",scam,perplexity_sonar,mixed
"Assalamualaikum. Anda dipilih untuk skim pelaburan crypto high-yield. Deposit <RM_AMOUNT> ke Maybank akaun kami, pulangan 200% guaranteed. Masuk grup WhatsApp Cikgu Pelabur untuk details. Call <PHONE> cepat!",scam,perplexity_sonar,mixed
"Peluang istimewa! Pelaburan emas digital Syariah, 150% return dalam seminggu. Transfer RM10,000 sekarang ke <PHONE> untuk start. Approved SC Malaysia. Klik <URL> verify.",scam,perplexity_sonar,mixed
"Hai, dari Tim Pelaburan Cikgu Emas. Invest RM3,000 dalam gold scheme, dapat RM9,000 besok. Halal & syariah compliant. Urgent, slot limited. Hubungi <PHONE> atau <URL>.",scam,perplexity_sonar,mixed
"Selamat sejahtera. Skim crypto VIP, 400% profit 24 jam. Deposit ke CIMB bank kami via <OTP>. Join grup WhatsApp rasmi untuk proof. Jangan tunggu, call <PHONE> sekarang!",scam,perplexity_sonar,mixed
"Cikgu Pelaburan Syariah mengumumkan: Pelaburan emas RM8,000 = RM24,000 profit harian. 100% selamat. Daftar di <URL> dan confirm dengan <PHONE>. Peluang terhad!",scam,perplexity_sonar,mixed
Anda shortlisted untuk high-yield crypto investment. Bayar <RM_AMOUNT> ke Public Bank untuk activate. Pulangan 250% instant. Grup Cikgu ready. Contact <PHONE> atau <URL>.,scam,perplexity_sonar,mixed
"Pelaburan emas syariah compliant: Invest RM15,000, withdraw RM45,000 lepas 24 jam. Proof testimoni di <URL>. Call <PHONE> untuk join kumpulan WhatsApp Cikgu.",scam,perplexity_sonar,mixed
Urgent offer dari Cikgu Crypto Pro. 300% return pada gold-backed token. Transfer ke RHB akaun via <PHONE>. Halal certified. Klik <URL> daftar sebelum penuh!,scam,perplexity_sonar,mixed
"Salam, Peluang pelaburan crypto/emas hybrid. RM4,000 deposit dapat RM12,000 profit Syariah. Masuk grup Cikgu Pelabur sekarang di <PHONE>. Verify <URL> & act fast!",scam,perplexity_sonar,mixed
"[12345] Tolong! Dompet hilang di LRT KL Sentral, tak ada duit naik bas balik kampung. Bayar RM50 je untuk bas fare. Derma kilat <PHONE> Tq ya abang.",scam,perplexity_sonar,mixed
"[67890] Anak tahfiz di Masjid Jamek kena banjir, rumah rosak. Urgent derma RM100 untuk beli makanan orphans. Transfer sekarang <PHONE> Allah balas.",scam,perplexity_sonar,mixed
"[23456] Saya makcik ni, lost wallet kat pasar malam Chow Kit. Nak bayar <RM_AMOUNT> untuk ubat anak sakit. Tolong hantar duit cepat <PHONE> Minta maaf ganggu.",scam,perplexity_sonar,mixed
[78901] Derma kilat untuk anak yatim piatu tahfiz Shah Alam. Bencana banjir hilang semua. RM200 je cukup beli buku. Hubungi <PHONE> URGENT!,scam,perplexity_sonar,mixed
"[34567] Sedihnya, dompet jatuh di Mid Valley, tak boleh bayar Grab balik rumah. Tolong RM30 untuk bus. Transfer <PHONE> Doakan saya abang.",scam,perplexity_sonar,mixed
"[89012] Tahfiz centre di Gombak kebakaran, anak-anak lapar. Derma RM150 sekarang untuk nasi. <PHONE> Jangan abaikan, sesama muslim.",scam,perplexity_sonar,mixed
"[45678] Hilang duit kat ATM Maybank KLCC, nak naik tren balik Kelantan. Bayar RM80 fare je. Tolong <PHONE> Mati susah abang.",scam,perplexity_sonar,mixed
[90123] Orphans tahfiz Klang tak ada makanan sejak <DATE>. Derma kilat RM120 untuk beras. Hub <PHONE> Sedekah pahala.,scam,perplexity_sonar,mixed
"[56789] Makcik ni jatuh sakit, wallet hilang di Giant Setapak. Nak RM60 untuk bas ke hospital. Urgent tolong <PHONE> Tuhan bless.",scam,perplexity_sonar,mixed
[01234] Bantuan kilat untuk tahfiz orphans di Johor Bahru. Banjir hilang baju uniform. RM180 je. Transfer <PHONE> Ampun ye saudara.,scam,perplexity_sonar,mixed
"Assalamualaikum saudara, saya cikgu Rahim, teacher di sekolah kampung ni. Keluarga saya sakit parah, tak ada duit rawat. Ada pelaburan emas Syariah compliant di Telegram group kami, masukkan <RM_AMOUNT> je, dapat 300% profit dalam 24 jam. Daftar di <URL> cepat sebelum tutup.",scam,perplexity_sonar,mixed
"Saya desperate betul, abang. Duit poket habis bayar hutang Maybank, anak lapar. Join lah investment crypto halal ni, cikgu group WhatsApp pun join. Labur <RM_AMOUNT> sekarang, return 400% esok. Verify <OTP> dan transfer ke akaun CIMB. Link: <URL>",scam,perplexity_sonar,mixed
"Tolonglah saudari, saya single mother, bapa sakit kanser tak ada wang. Pelaburan gold scheme approved BNM, Syariah ok. Masuk <RM_AMOUNT> je, untung 250% dalam sehari. Group cikgu ramai join. Register <URL> dan call <PHONE> untuk start.",scam,perplexity_sonar,mixed
"Adik, saya miskin gila, kerja hilang sebab Covid lama. Ada high-yield crypto pelaburan, 350% profit guaranteed, teacher group Telegram ni. Transfer ke Public Bank <RM_AMOUNT>, dapat balik beserta untung <DATE>. Link daftar <URL>. Tolong save saya.",scam,perplexity_sonar,mixed
"Wassalam, saya cikgu Aminah, anak kena demam berdarah, hospital minta bayar cepat. Investment Syariah emas ni boleh tolong, labur <RM_AMOUNT> dapat 300% return 24 jam. Halal 100%, join group kami. Masuk <URL> dan masukkan <OTP>.",scam,perplexity_sonar,mixed
"Saudara baik hati, isteri saya mengandung tapi tak ada duit beli makanan. Pelaburan crypto cikgu group, promise 500% profit pantas. Transfer <RM_AMOUNT> ke RHB Bank, daftar <URL>. Saya desperate, tolong lah join sebelum offer habis.",scam,perplexity_sonar,mixed
"Help saya bro, hutang kad kredit Maybank dah kena blacklist. Ada scheme gold investment Syariah compliant, 200% untung dalam 24 jam je. Group teacher ramai untung besar. Labur <RM_AMOUNT> sekarang, link <URL>, verify <PHONE>.",scam,perplexity_sonar,mixed
"Maaf ganggu, saya cikgu kampung, bapa meninggal tak ada duit berkasih. Pelaburan high return crypto halal ni, masukkan <RM_AMOUNT> dapat 400% balik <DATE>. Approved kerajaan, join Telegram group. Daftar di <URL> cepat.",scam,perplexity_sonar,mixed
"Saya nangis lah, anak tak boleh bayar sekolah. Investment emas Syariah di cikgu group, 300% profit guaranteed no risk. Transfer ke Hong Leong Bank <RM_AMOUNT>, masuk <URL> dan OTP <OTP>. Tolong saudara, desperate ni.",scam,perplexity_sonar,mixed
"Assalammualaikum, keluarga saya banjir hilang semua, tak ada apa-apa. Pelaburan crypto teacher group Telegram, labur <RM_AMOUNT> je untung 350% 24 jam. Syariah compliant, link register <URL>. Call <PHONE> untuk details, save kami.",scam,perplexity_sonar,mixed
"Wah, majlis perkahwinan anak saya dah dekat! Sila download APK ni untuk tengok kad jemputan digital yang cantik. Klik <URL> sekarang dan install je la, excited gila![scam]",scam,perplexity_sonar,mixed
"Hebat lah! Jemputan kahwin saudara saya super special. Download APK untuk view menu card penuh. Jangan lepaskan, klik <URL> dan install terus![scam]",scam,perplexity_sonar,mixed
"Yay! Update app bank Maybank anda sekarang untuk offer istimewa RM<RM_AMOUNT>. Download APK terkini dari <URL>, cepat install sebelum tamat![scam]",scam,perplexity_sonar,mixed
"Wow, kad jemputan kahwin digital anak boss! Sangat hype, download APK ni <URL> untuk buka semua details. Install sekarang, jangan tunggu![scam]",scam,perplexity_sonar,mixed
Exciting news! Majlis kahwin cousin saya besok. Sila install APK jemputan dari <URL> untuk tengok full invitation. Power lah![scam],scam,perplexity_sonar,mixed
"Update app CIMB Click sekarang untuk bonus RM<RM_AMOUNT>! Download APK secure dari <URL>, install cepat sebelum miss peluang![scam]",scam,perplexity_sonar,mixed
Gempak gila! Menu card kahwin anak kawan dah ready. Download APK <URL> dan install untuk zoom in details. Come on![scam],scam,perplexity_sonar,mixed
"Public Bank app perlu update urgent! Dapatkan APK baru dari <URL> untuk akses mudah. Install sekarang, excited for new features![scam]",scam,perplexity_sonar,mixed
"Selamat hari raya kahwin! Jemputan digital anak saya nih, download APK <URL> untuk view cantik2. Install je, super fast![scam]",scam,perplexity_sonar,mixed
"Hype tahap max! RHB Bank app update dengan APK <URL>, claim RM<RM_AMOUNT> cashback. Download dan install hari ni je![scam]",scam,perplexity_sonar,mixed
"Bro, I really macam desperate lah now. My kid sakit teruk, hospital bill RM<RM_AMOUNT> je tak cukup. I got **Pinjaman Wang Berlesen** fast approval, 0% interest, blacklist OK. Bayar upfront processing fee RM200 je kat <PHONE>, loan masuk terus la. Tolong lah bro, tolong sekali ni.",scam,perplexity_sonar,mixed
"Eh sis, sorry lah late reply, I lagi busy settle my mum kat hospital. She kena stroke, I perlu duit cepat. Ah Long pinjaman approved RM<RM_AMOUNT> untuk kau, no dokumen, blacklist pun boleh. Transfer insurance fee RM150 kat <PHONE> dulu ya, nanti duit masuk Maybank kau cepat. Please lah sis, I nangis kat sini.",scam,perplexity_sonar,mixed
"Hai, I so sorry ya, family problem besar ni. Bapak I hutang banyak, nak kena bayar esok. I offer **Pinjaman Wang Berlesen** special, 0% faedah, approve dalam 1 jam walaupun blacklist. Bayar RM300 processing kat <PHONE> je, loan RM<RM_AMOUNT> transfer balik la. Tolong tolong, jangan biar I tenggelam.",scam,perplexity_sonar,mixed
"Abang, I lagi sedih gila. Girlfriend I tinggal sebab takde duit kahwin, sekarang I nak bukti bisa jaga dia. Fast loan Ah Long, blacklist OK, 0% interest. Hanya RM250 upfront fee untuk insurance kat <PHONE>, RM<RM_AMOUNT> masuk CIMB kau lepas tu. Please abang, selamatkan hidup I lah.",scam,perplexity_sonar,mixed
"Oi, maaf lah bro, I kena kacau sebab kereta rosak, repair RM<RM_AMOUNT> takde duit. I ada pinjaman berlesen murah, approve pantas, tak kisah blacklist. Transfer processing RM180 kat <PHONE> dulu, duit loan masuk Public Bank cepat. I desperate betul, tolong sekali ya bro.",scam,perplexity_sonar,mixed
"Sis, nangis lah I kat sini. Adik I kena tangkap polis, perlu bayar jaminan RM<RM_AMOUNT>. **Pinjaman Wang Berlesen** 0% interest, fast approval walaupun blacklist. Bayar RM400 insurance fee kat <PHONE>, nanti loan approve terus. Tolong sis, family I hancur ni.",scam,perplexity_sonar,mixed
"Bro, so teruk situation I sekarang. Business rugi besar, nak tutup dulu. Ah Long loan special RM<RM_AMOUNT>, no checking, blacklist boleh. Upfront processing RM220 je kat <PHONE>, transfer masuk RHB kau la. Please lah, jangan biar I miskin macam ni.",scam,perplexity_sonar,mixed
"Hai kak, sorry ya lambat balas, I lagi settle hutang PTPTN yang tak habis-habis. I promote pinjaman berlesen cepat, 0% faedah, approve blacklist pun OK. Transfer RM350 untuk processing & insurance kat <PHONE>, RM<RM_AMOUNT> masuk akaun kau esok. Tolong kak, I butuh sangat.",scam,perplexity_sonar,mixed
"Eh abang, I macam nak mati lah. Istri hamil, bayi nak lahir tapi takde duit hospital. Fast **Pinjaman Wang Berlesen**, Ah Long style tapi legal, 0% interest. Bayar RM280 upfront fee kat <PHONE> je, loan RM<RM_AMOUNT> masuk Ambank pantas. Selamatkan kami lah abang.",scam,perplexity_sonar,mixed
"Sis, desperate gila I ni. Rumah nak digadaikan sebab tak bayar ansuran. Pinjaman mudah RM<RM_AMOUNT>, blacklist OK, 0% interest approve cepat. Hanya transfer processing RM190 kat <PHONE>, duit masuk UOB kau terus. Please sis, tolong I jangan hilang rumah.",scam,perplexity_sonar,mixed
"Hai sayang, nk pinjaman wang berlesen cepat? RM5,000 je, 0% faedah, blacklist OK! Hanya bayar processing fee RM100 dulu kat <PHONE> ni. Fast approval, hubungi skrg! 😘 <URL>",scam,perplexity_sonar,mixed
"Bro, urgent nk duit? Pinjaman Ah Long approved RM10,000, tak payah jamin, blacklist pun boleh! Transfer insurance RM200 je dulu, lepas tu duit masuk akaun terus. Call <PHONE> ya! 😉",scam,perplexity_sonar,mixed
"Cantik/cantik, saya nampak awak nk pinjaman cepat. RM3,000 fast, 0% interest, OK blacklist! Bayar admin fee RM150 sahaja kat nombor ni <PHONE>. Jom apply, senang je! 💋",scam,perplexity_sonar,mixed
"Hello handsome, pinjaman wang mudah RM8,000, takde soal blacklist atau CTOS. Hanya upfront RM250 untuk insurance, lepas tu approve dalam 1 jam. Reply ya sayang! <URL>",scam,perplexity_sonar,mixed
"Eh korang, nk duit cepat? Pinjaman berlesen RM15,000, 0% faedah, blacklist xleh halang! Bayar processing RM300 dulu je, duit transfer terus. Chat <PHONE> sekarang! 😍",scam,perplexity_sonar,mixed
"Sayang, saya agent pinjaman power. RM4,000 approved, tak payah dokumen banyak, blacklist OK! Transfer fee RM120 untuk process, lepas tu enjoy je. Call la! ❤️ <URL>",scam,perplexity_sonar,mixed
"Hai, pinjaman Ah Long cepat RM7,000, 0% interest betul! Blacklist pun boleh, bayar insurance RM180 dulu kat <PHONE>. Awak qualify 100%, jom! 😉",scam,perplexity_sonar,mixed
"Baby, nk settle hutang? Pinjaman RM12,000 fast approval, tak kisah blacklist. Upfront admin RM250 je, duit masuk esok. Hubungi <PHONE> cepat! 💕",scam,perplexity_sonar,mixed
"Yo, pinjaman wang senang RM6,000, 0% faedah, OK semuanya! Bayar processing fee RM150 dulu, lepas tu ready. Xleh tunggu lama, call <PHONE>! 😘 <URL>",scam,perplexity_sonar,mixed
"Cute nyer awak, pinjaman berlesen RM9,000 blacklist approved! Hanya insurance RM220 upfront, fast je process. Reply atau call <PHONE> sekarang sayang! 🔥",scam,perplexity_sonar,mixed
"Sayang, hadiah cinta dari saya sebagai pilot terperangkap di Kastam KLIA. Tolong hantar <RM_AMOUNT> ke Maybank <PHONE> untuk bayar cukai, saya risau sangat tak boleh jumpa awak![1]",scam,perplexity_sonar,mixed
"Cinta, parcel engineer saya dengan emas dan wang RM50,000 kena di Bea Kastam. Saya desperate, transfer <RM_AMOUNT> via CIMB sekarang supaya boleh balik ke Malaysia bersamamu.[3]",scam,perplexity_sonar,mixed
"Habibti, hadiah istimewa saya stuck kat customs Singapore-Malaysia. Kena bayar <RM_AMOUNT> urgent ke Public Bank <PHONE>, tolong ya saya sedih gila nak bagi awak semua ni.[1]",scam,perplexity_sonar,mixed
"Dear sayang, sebagai engineer minyak, parcel gifts saya ditahan Kastam JB. Risau lah, hantar <RM_AMOUNT> ke RHB account untuk release, saya janji balik cepat peluk awak.[3]",scam,perplexity_sonar,mixed
"Kekasih, hadiah mahal dari flight saya terperangkap di LCCT. Saya minta tolong <RM_AMOUNT> ke AmBank <PHONE> bayar duty, desperate nak hantar untuk awak sorang.[1]",scam,perplexity_sonar,mixed
"Pujaan hati, engineer saya hantar parcel cinta tapi kena hold Kastam Penang. Tolong transfer <RM_AMOUNT> sekarang via UOB, saya takut hilang semua ni sebab awak.[3]",scam,perplexity_sonar,mixed
"Sayangku, gifts pilot dari abroad stuck di Kastam KL. Saya sedih nangis, bayar <RM_AMOUNT> ke Hong Leong Bank <PHONE> supaya boleh datang kahwin dengan awak.[1]",scam,perplexity_sonar,mixed
"Terchinta, parcel engineer berisi wang poket kena cukai tinggi. Risau betul, hantar <RM_AMOUNT> urgent ke Alliance Bank, janji saya balik cepat teman awak forever.[3]",scam,perplexity_sonar,mixed
"Cinta saya, hadiah spesial terperangkap Kastam Melaka. Saya desperate habis, tolong <RM_AMOUNT> ke BSN <PHONE> untuk bebas, nak jumpa awak seawal minggu ni.[1]",scam,perplexity_sonar,mixed
"Sayang sehidup semati, sebagai pilot parcel gifts ditahan customs. Kena <RM_AMOUNT> ke Standard Chartered sekarang, saya risau tak tidur nak bagi hati awak selamat.[3]",scam,perplexity_sonar,mixed
Maybank: 今日有笔交易 RM<RM_AMOUNT> 从您的账户 XXXX 扣款至 SP GIANT EXTRAS. 如有疑问，请立即下载更新APK: <URL>,scam,perplexity_sonar,mixed
"CIMB Clicks: Selamat petang, ada transaksi RM<RM_AMOUNT> charged to card XXXX at AEON KL hari ini. Kalau salah, download bank app update APK dari <URL> sekarang.",scam,perplexity_sonar,mixed
亲爱的朋友，恭喜！我们邀请您参加儿子婚礼。请下载APK查看数字请帖卡： <URL> 详情包括菜单和RSVP。Terima kasih!,scam,perplexity_sonar,mixed
Public Bank: Notice! Transaksi RM<RM_AMOUNT> attempted on <DATE> from your acc XXXX to POS 7-ELEVEN. Dispute? Install secure APK update: <URL>,scam,perplexity_sonar,mixed
Hari ini wedding invitation untuk kawan kita anaknya kahwin. Download APK untuk view menu card dan details: <URL> Jangan miss lah!,scam,perplexity_sonar,mixed
"RHB Bank: Unauthorized charge RM<RM_AMOUNT> at PARKSON on card ending XXXX. To secure account, please update app via APK link: <URL>",scam,perplexity_sonar,mixed
邀请函：亲友婚礼菜单卡已准备好。请点击安装APK查看完整婚礼详情 <URL> 包括座位安排。Thank you!,scam,perplexity_sonar,mixed
HLB: Ada suspicious activity RM<RM_AMOUNT> withdrawn from acc XXXX via ATM CIMB. Segera download latest bank APK: <URL> untuk verify.,scam,perplexity_sonar,mixed
Special Wedding Invite! Anak saudara kahwin minggu depan. Install APK to see beautiful digital menu card: <URL> RSVP inside ya.,scam,perplexity_sonar,mixed
"UOB Malaysia: Card XXXX charged RM<RM_AMOUNT> at TESCO on <DATE>. If not you, download urgent app update APK sekarang: <URL>",scam,perplexity_sonar,mixed
Wah! Emergency derma kilat for Tahfiz kids in KL flood! Your RM50 can save 10 anak yatim. Donate now to Maybank <RM_AMOUNT> via <URL>! Cepat lah bro!,scam,perplexity_sonar,mixed
"Super urgent! Lost wallet at pasar malam, need RM30 bus fare balik kampung. Allah bless you if derma to CIMB <PHONE>. Hype hype, do good deed hari ni!",scam,perplexity_sonar,mixed
"Yay! Join our orphan flash drive! RM20 je for buku tahfiz. Transfer to Public Bank <OTP> sekarang. Jom la, semangatkan hati anak yatim!",scam,perplexity_sonar,mixed
"Boom! Tahfiz centre Shah Alam kebakaran! Derma kilat RM100 help rebuild. Bank Islam <URL> ready. Kau hero hari ni, donate fast!",scam,perplexity_sonar,mixed
"Exciting news! Anak yatim need makanan urgent. RM40 can feed 5 kids. Eon Bank <RM_AMOUNT> tunggu donation kau. Jangan lambat, la!",scam,perplexity_sonar,mixed
"Hot alert! I lost my purse LRT station, stuck without duit bas pulang. RM25 je cukup. Derma Maybank <PHONE> please, terima kasih banyak!",scam,perplexity_sonar,mixed
Wow! Derma kilat for 50 orphans Raya clothes. RM60 per family. RHB Bank <URL> sekarang. Mari hype up charity spirit!,scam,perplexity_sonar,mixed
"Teruk gila! Tahfiz roof bocor hujan lebat. RM80 fix it cepat. Transfer AmBank <OTP> la bro, save the kids!",scam,perplexity_sonar,mixed
"Hurry! Found no wallet after kerja, need RM35 Grab fare balik rumah. Public Bank <RM_AMOUNT> boleh? Good karma for you!",scam,perplexity_sonar,mixed
"Fantastic! Orphanage Johor kilat drive for school bags. RM50 helps 20 budak. CIMB <PHONE> ready. Jom donate, exciting kan!",scam,perplexity_sonar,mixed
"Sob sob... 我儿子明天结婚 lah, 但现在好惨，手机坏了，没法发请帖。求你download 这个APK来看数字菜单卡好吗？<URL> 救救我们一家人 ya...",scam,perplexity_sonar,mixed
"Wah, 很可怜... 老公的Maybank app出问题了，要update不然钱都冻结。快点download APK更新下，<RM_AMOUNT>块钱就安全了！<URL> 帮帮忙 leh...",scam,perplexity_sonar,mixed
哭死了... 女儿婚礼在<DATE>，但请帖APK下载不了，大家都看不到菜单。兄弟姐妹，怜悯我们，click <URL> install lah，救急！,scam,perplexity_sonar,mixed
好惨啊！Public Bank通知我app要update，不然<RM_AMOUNT>奖金飞了。求求你帮我download这个APK，<URL> 不要让我饿死 ya...,scam,perplexity_sonar,mixed
我好desperate... 亲戚婚礼邀请，但APK卡住了，看不到菜单卡。快<URL> download帮我看下好吗？一家人等你救命 leh...,scam,perplexity_sonar,mixed
Tolong lah... CIMB bank app坏掉，要新APK update，不然所有钱都没了。<URL> 下载快点，救我这个穷人 ya！,scam,perplexity_sonar,mixed
可怜死了，儿子结婚请帖是APK，但我们穷买不起新手机。求你<URL> install来看菜单，<PHONE>打来confirm好吗？,scam,perplexity_sonar,mixed
"Woi, 很急很惨！RHB app要update APK，不然<OTP>验证不过，钱全丢。帮我download <URL> lah，救命恩人！",scam,perplexity_sonar,mixed
眼泪都流干了... 婚礼<DATE>菜单卡在APK里，download <URL> 帮我们一家看下吧。怜悯心肠一点 ya...,scam,perplexity_sonar,mixed
"Alamak, Maybank紧急update，APK下载不然账户锁死。<RM_AMOUNT>都保不住了！<URL> 快帮可怜的我 leh...",scam,perplexity_sonar,mixed
"J&T Express: Barang anda tertahan di customs hub kerana alamat salah. Bayar cukai RM<RM_AMOUNT> sekarang via <URL> untuk release. Urgent, parcel kena return jika lambat.",scam,perplexity_sonar,mixed
"Pos Laju Notice: Parcel incoming gagal deliver, wrong address details. Sila update dan settle unpaid duty RM<RM_AMOUNT> di <URL>. Confirm sebelum <DATE>.",scam,perplexity_sonar,mixed
"DHL Malaysia: Your package held up, ada unpaid customs fee RM<RM_AMOUNT>. Klik <URL> untuk bayar Maybank/PBB dan track. Jangan delay ya.",scam,perplexity_sonar,mixed
"J&T: Alamat penerima salah, barang tertahan. Bayar RM<RM_AMOUNT> customs duty via link <URL>. Enter <OTP> untuk verify. Cepat sebelum dispose.",scam,perplexity_sonar,mixed
"Pos Laju Official: Parcel anda stuck, need pay outstanding RM<RM_AMOUNT> untuk customs clearance. Akses <URL> now, use CIMB or Touch n Go.",scam,perplexity_sonar,mixed
"DHL: Barang tertahan sebab unpaid duty RM<RM_AMOUNT>. Update alamat dan settle di <URL>. Call <PHONE> if issue, tapi link first.",scam,perplexity_sonar,mixed
"J&T Express Alert: Wrong address detected, parcel on hold. Bayar cukai RM<RM_AMOUNT> melalui <URL>. Valid till <DATE> je.",scam,perplexity_sonar,mixed
"Pos Laju: Your shipment failed delivery, alamat salah. Sila bayar RM<RM_AMOUNT> customs via secure <URL>. Quick action required.",scam,perplexity_sonar,mixed
"DHL Parcel: Tertahan di KL hub, unpaid fee RM<RM_AMOUNT>. Klik <URL> bayar Public Bank atau RHB. Masukkan <OTP> untuk proceed.",scam,perplexity_sonar,mixed
"J&T: Customs hold your package, settle RM<RM_AMOUNT> sekarang di <URL>. Alamat salah, update inside. Jangan buang masa.",scam,perplexity_sonar,mixed
"Assalamualaikum abang, hati abang baik tk? Saya nk kumpul derma kilat untuk anak yatim tahfiz di KL, cuma <RM_AMOUNT> je nk tolong. Tp bank saya problem, transfer kat <URL> ya sayang? ❤️",scam,perplexity_sonar,mixed
"Hai cik sayang, dompet saya hilang kat LRT tadi, xleh balik rumah. Nk bayar bas je <RM_AMOUNT>, tolong lah bank in kat no <PHONE> ni. Nanti balas balik ya babe! 😘",scam,perplexity_sonar,mixed
"Bro, ramai anak tahfiz kena banjir, nk derma cepat <RM_AMOUNT> untuk beli makanan. Xleh tunggu lama, click <URL> je nk settle Maybank/Maybank2u. Terima kasih banyak2! 🙏",scam,perplexity_sonar,mixed
"Cantik hati awak ni, tolong derma untuk orphans centre di Penang. Cuma <RM_AMOUNT> je, masukkan kat link <URL> tu, senang gila. Love you! 💕",scam,perplexity_sonar,mixed
"Eh abang, saya tersangkut kat bus station, wallet hilang, nk balik kampung je <RM_AMOUNT> untuk tiket. Tolong transfer kat <PHONE> ya handsome? Muah! 😍",scam,perplexity_sonar,mixed
"Derma kilat untuk tahfiz roof bocor! Anak2 xde tempat belajar. <RM_AMOUNT> je nk beli zink, donate kat <URL> Public Bank. Awak baik hati tau! 😊",scam,perplexity_sonar,mixed
"Sayang, saya lost wallet kat pasar malam, nk naik bas balik JB. Tolong lah <RM_AMOUNT> je, bank in kat <PHONE> ni. Nanti jumpa awak ok? 😉",scam,perplexity_sonar,mixed
"Hai sis, kumpul untuk anak yatim tahfiz Shah Alam, banjir habis. Derma <RM_AMOUNT> kat <URL> je, CIMB easy. Terima kasih banyak manis! 🌸",scam,perplexity_sonar,mixed
"Abang power, tolong derma kilat <RM_AMOUNT> untuk orphans beli buku tahfiz. Xleh delay, click <URL> tu nk transfer RHB. Awak hero saya! 🦸‍♂️",scam,perplexity_sonar,mixed
"Woi babe, dompet drop kat mall, xleh bayar Grab je <RM_AMOUNT>. Tolong transfer kat <PHONE> cepat ya, nanti treat makan malam! 🍲😘",scam,perplexity_sonar,mixed
"Bro, I super desperate now lah, family sick need money fast. Pinjaman wang berlesen RM<RM_AMOUNT> approve 0% interest, blacklist pun OK. Transfer processing fee RM200 to <PHONE> then duit masuk terus la. Pls help me sial...",scam,perplexity_sonar,mixed
"Eh korang, I kena kena masalah besar, takde wang bayar bill. Ah Long pinjaman cepat, fast approval no problem. Bayar insurance fee dulu RM150 kat <URL>, lepas tu RM<RM_AMOUNT> direct bank you. Tolong lah bro...",scam,perplexity_sonar,mixed
"Sister, I nangis kat sini, hutang banyak tak tau nak buat macam mana. Pinjaman wang mudah, 0% interest blacklist welcome. Hantar upfront processing RM100 je to <PHONE>, approve dalam 1 jam. Save me pls...",scam,perplexity_sonar,mixed
"Oi friend, life susah gila sekarang, nak beli ubat mak. Fast loan RM<RM_AMOUNT>, no guarantor need. Transfer admin fee RM250 kat akaun ni, then duit ready. Jangan biar saya mati lah...",scam,perplexity_sonar,mixed
"Abang, tolonglah... I kena scold boss, gaji lambat. Pinjaman berlesen 0% interest, approve cepat walaupun CTOS merah. Bayar insurance dulu RM180 via <URL>, lepas tu wang masuk Maybank you. Desperate sia...",scam,perplexity_sonar,mixed
"Lah bro, I takde duit makan pun, anak nak sekolah. Ah Long pinjaman blacklist OK, fast la. Hantar processing fee RM120 to <PHONE>, RM<RM_AMOUNT> confirm milik you. Help desperate orang macam saya...",scam,perplexity_sonar,mixed
"Kak, harap abang tolong, kereta rosak takde wang repair. Pinjaman wang 0% interest, no issue apa2. Transfer upfront fee RM300 kat <URL>, approve terus. Saya mohon lah...",scam,perplexity_sonar,mixed
"Wei, I lagi susah, bayar rumah kena loteng. Cepat pinjaman RM<RM_AMOUNT>, blacklist pun boleh. Bayar admin insurance RM220 dulu to <PHONE>, duit masuk Public Bank. Tolong save life saya...",scam,perplexity_sonar,mixed
"Bro, nangis sia... Hutang kad kredit penuh. Pinjaman berlesen fast approval, 0% interest. Hantar processing RM150 kat <URL>, lepas tu settle semua. Pls pity me lah...",scam,perplexity_sonar,mixed
"Eh sis, family kena musibah, nak duit urgent. Ah Long loan mudah, no problem blacklist. Transfer insurance fee RM180 to <PHONE>, RM<RM_AMOUNT> direct masuk CIMB. Desperate betul ni...",scam,perplexity_sonar,mixed
"Oi bro, J&T sini. Parcel awak alamat salah sikit, tertahan kat customs. Bayar <RM_AMOUNT> duty cepat la, kalau tak barang hilang! Click <URL> settle sekarang. Tolong la, urgent ni.[GOV]",scam,perplexity_sonar,mixed
"Emergency! Pos Laju parcel awak kena hold sebab unpaid customs. Alamat tak confirm, tolong bayar <RM_AMOUNT> via <URL> la. Saya desperate ni, jangan buat susah je.",scam,perplexity_sonar,mixed
"DHL alert: Barang awak tertahan kat KLIA, customs duty <RM_AMOUNT> belum bayar. Click <URL> pay sekarang, kalau lambat hilang tu. Pity la, tolong settle cepat.",scam,perplexity_sonar,mixed
"J&T customer, parcel salah alamat, stuck kat warehouse. Bayar duty <RM_AMOUNT> kat <URL> je la bro. Saya stress gila ni, help out sikit.",scam,perplexity_sonar,mixed
"Pos Laju: Awak parcel kena tunggu customs clearance. Unpaid <RM_AMOUNT>, klik <URL> bayar fast fast. Jangan biar barang rosak, tolong la wei.",scam,perplexity_sonar,mixed
"Eh sis, DHL parcel tertahan sebab alamat wrong. Duty <RM_AMOUNT> kena bayar dulu, <URL> tu je. Desperate case ni, settle cepat boleh?",scam,perplexity_sonar,mixed
"J&T notice: Barang awak customs hold, bayar <RM_AMOUNT> kat <URL> sekarang. Alamat salah, pity la kalau hilang. Tolong transfer la cepat.",scam,perplexity_sonar,mixed
"Pos Laju urgent: Parcel tertahan, unpaid duty <RM_AMOUNT>. Klik <URL> confirm alamat & bayar. Saya tak tahan dah ni, help please.",scam,perplexity_sonar,mixed
"DHL: Salah alamat, barang stuck kat customs. Bayar <RM_AMOUNT> via <URL> la bro. Jangan buat saya susah je, settle hari ni.",scam,perplexity_sonar,mixed
"Bro, J&T parcel awak kena bayar customs <RM_AMOUNT> sebab tertahan. <URL> tu pay sekarang, alamat salah. Pity kasih la, urgent betul.",scam,perplexity_sonar,mixed
"Salam, you have wedding invitation from your friend in KL. Please download APK to view details and RSVP. Terima kasih. <URL>",scam,perplexity_sonar,mixed
"Maybank app update required for security. Download latest APK now to avoid account suspension. Lah, cepat install. <URL>",scam,perplexity_sonar,mixed
Congrats! Your BSH aid RM<RM_AMOUNT> approved. Download verification APK to claim before <DATE>. Jangan lambat ya. <URL>,scam,perplexity_sonar,mixed
PosLaju parcel held at KL depot. Download tracking APK to view status and pay RM<RM_AMOUNT> fee. Urgent matter ni. <URL>,scam,perplexity_sonar,mixed
CIMB bank notification: Unusual login detected. Update app via APK to secure your account. Download sekarang. <URL>,scam,perplexity_sonar,mixed
Wedding menu card for Ahmad & Siti event. Download APK file to see full menu and confirm attendance. Selamat datang! <URL>,scam,perplexity_sonar,mixed
Public Bank app maintenance. Please download new APK version to continue transactions. RM<RM_AMOUNT> pending approval. <URL>,scam,perplexity_sonar,mixed
Traffic summons RM<RM_AMOUNT> overdue JPJ. Download APK to view details and settle payment online. Bayar cepat lah. <URL>,scam,perplexity_sonar,mixed
RHB Now banking update needed. Install APK to verify identity with <OTP> and access funds. Jangan tunggu. <URL>,scam,perplexity_sonar,mixed
"Special wedding invitation APK from Penang couple. Download to view venue, time and dress code. RSVP required. <URL>",scam,perplexity_sonar,mixed
"Sayangku, saya pilot yang sedang terperangkap di lapangan terbang KLIA. Saya hantar parcel hadiah istimewa untuk awak, tapi stuck kat customs. Tolong bayar RM_AMOUNT ke Maybank <PHONE> supaya boleh release, nanti kita jumpa soon ya? 😘",scam,perplexity_sonar,mixed
"Hai cintaku, sebagai engineer di rig minyak off Sabah, saya pos hadiah mewah untuk awak. Masalah lah, ditahan Jabatan Kastam. Transfer <RM_AMOUNT> ke CIMB <PHONE> je, lepas tu parcel sampai rumah awak cepat. Miss you so much!",scam,perplexity_sonar,mixed
"Darling, saya lagi di flight dari Dubai, hantar gift parcel penuh kasih sayang untuk my love. Tapi kena bayar cukai RM_AMOUNT kat Public Bank <PHONE>. Tolong settle dulu, nanti kita plan honeymoon together. ❤️",scam,perplexity_sonar,mixed
"Assalamualaikum sayang, pilot ini rindu awak teruk. Parcel hadiah gold untuk awak tertangkap customs KL. Bayar <RM_AMOUNT> ke RHB <PHONE> untuk release, promise takkan sesal. Awak special untuk saya.",scam,perplexity_sonar,mixed
"My sweet heart, engineer saya hantar surprise parcel dari Singapura, tapi stuck di pelabuhan Penang. Kena RM_AMOUNT ke Hong Leong Bank <PHONE> untuk biar keluar. Lepas ni saya datang jumpa awak personally ya?",scam,perplexity_sonar,mixed
"Cantik hati saya, saya pilot lagi delay di Subang. Hadiah cinta untuk awak dah sampai Malaysia tapi customs tahan. Tolong topup <RM_AMOUNT> ke Ambank <PHONE>, nanti kita celebrate together. Love you forever!",scam,perplexity_sonar,mixed
"Sayang sekalian dunia, sebagai offshore engineer, saya kirim parcel berharga untuk awak. Issue kat Kastam JB, bayar RM_AMOUNT ke UOB <PHONE> je. Soon we meet and never part lagi. 😍",scam,perplexity_sonar,mixed
"Hello my love, pilot ni hantar gift eksklusif untuk tunang masa depan. Tertahan customs KL, kena settle <RM_AMOUNT> ke Maybank2u <PHONE>. Awak tolong saya, saya balas 10 kali ganda nanti.",scam,perplexity_sonar,mixed
"Baby, saya engineer di Lumut, pos parcel penuh kenangan untuk awak. Customs minta bayaran RM_AMOUNT ke Public Islamic Bank <PHONE>. Cepat settle supaya saya boleh fly balik jumpa awak. Muah!",scam,perplexity_sonar,mixed
"Kasih sayangku, pilot yang setia ini hantar hadiah besar untuk awak. Stuck kat Lapangan Terbang Kota Kinabalu customs. Transfer <RM_AMOUNT> ke CIMB Clicks <PHONE>, lepas tu kita start hidup bahagia bersama.",scam,perplexity_sonar,mixed
"Hai sayang! Saya Hiring Manager dari TikTok Affiliate. Nk kerja part-time like & share video je, boleh dapat RM500 sehari dari rumah. Cepat reply <PHONE> ya! 😘 <URL>",scam,perplexity_sonar,mixed
"Oi babe, peluang gila nih! Part-time affiliate YouTube, like je video famous, earn RM500 daily tak payah keluar rumah. Saya Hiring Manager, join la kat <URL> sekarang! 💋",scam,perplexity_sonar,mixed
"Hello handsome! Hiring Manager sini, cari affiliate part-time TikTok. Share & like je, RM500 sehari masuk poket. Work from home je, reply ye <PHONE> untuk start! 😉 <URL>",scam,perplexity_sonar,mixed
"Sayang, nak kaya cepat? Saya Hiring Manager, offer job like & share YouTube video. RM500 daily, flexible je! Tak xleh lepaskan, klik <URL> & call <PHONE> la! 😍",scam,perplexity_sonar,mixed
"Hai gurl! Part-time job affiliate TikTok, Hiring Manager contact. Like video je boleh RM500 sehari dari rumah. Sedap kan? Join group <URL> sekarang! 💕",scam,perplexity_sonar,mixed
"Bro/sis, Hiring Manager TikTok Affiliate. Kerja senang like & share, earn RM500 daily work from home. Jom try, tak rugi! Reply <PHONE> atau <URL> cepat! 🔥",scam,perplexity_sonar,mixed
"Cute eh awak! Saya Hiring Manager, part-time job YouTube like & share. RM500 sehari je duduk rumah. Nk join? Klik <URL> & bagi nombor <PHONE> la sayang! 😘",scam,perplexity_sonar,mixed
"Woi, peluang emas! Affiliate part-time TikTok, Hiring Manager sini. Like video je, RM500 daily masuk akaun. Tak payah stress, dari rumah je. <URL> sekarang! 😉",scam,perplexity_sonar,mixed
"Darling, Hiring Manager offer job gempak! Share & like YouTube/TikTok, earn RM500 sehari work from home. Xleh tahan la, reply <PHONE> untuk details! 💖 <URL>",scam,perplexity_sonar,mixed
"Hai hot stuff! Part-time affiliate, saya Hiring Manager. Like je video TikTok, RM500 daily tak kidding. Jom kerja santai dari rumah, klik <URL> ya babe! 😍",scam,perplexity_sonar,mixed
Halo帅哥！刚才在KL路上小刮了一下你的车啦，settle tepi tepi好吗？RM150现金就ok，<PHONE>打给我，我们见面聊聊，美女陪你😘,scam,perplexity_sonar,mixed
亲爱的，JPJ saman通知！<DATE>你超速了，RM<RM_AMOUNT>罚单要缴哦。点<URL>快settle，免得麻烦，姐姐帮你搞定一切💋,scam,perplexity_sonar,mixed
哎呀哥哥，刚才Jalan Ipoh差点撞到你车，settle tepi lah！给RM200，我们私下解决，美女等你来谈心哦~ <PHONE>,scam,perplexity_sonar,mixed
JPJ alert！你的车<DATE>有saman RM<RM_AMOUNT>，Maybank卡点<URL>缴款超easy。快来，帅哥别拖，姐请你喝kopi😉,scam,perplexity_sonar,mixed
Lah bro，路边小accident，settle tepi RM100就好！美女司机在这儿，等你call <PHONE>，我们一起happy ending💕,scam,perplexity_sonar,mixed
紧急！JPJ通知，<DATE>你停车违规saman RM<RM_AMOUNT>。输入<OTP>验证点<URL>pay，亲爱的快行动，姐陪你玩😘,scam,perplexity_sonar,mixed
帅哥早上好！昨天Penang路口刮花你车漆，settle tepi RM180现金ok？<PHONE>联络我，美女想补偿你更多哦~,scam,perplexity_sonar,mixed
JPJ saman来啦！RM<RM_AMOUNT>未付，<DATE>超速记录。点<URL>用CIMB卡settle，宝贝别担心，姐教你一步步来💋,scam,perplexity_sonar,mixed
Oops，刚才JB路小碰你的车，settle tepi lah RM250！美女在这等，call <PHONE>，我们私聊超刺激😉,scam,perplexity_sonar,mixed
亲，JPJ发saman通知！<DATE>你有未缴RM<RM_AMOUNT>，快<URL>输入<OTP>pay off。帅哥行动吧，姐奖励你大惊喜！,scam,perplexity_sonar,mixed
"J&T Express: Wah bro, your parcel tertahan kat customs sebab alamat salah lah! Bayar <RM_AMOUNT> duty cepat before kena return balik. Klik <URL> sekarang ah super urgent!",scam,perplexity_sonar,mixed
"Pos Laju: Oi oi, exciting news! Parcel anda ada kat hub tapi unpaid customs fee <RM_AMOUNT>. Enter <OTP> at <URL> la to release fast fast, jangan lambat!",scam,perplexity_sonar,mixed
"DHL: Halo boss, barang you stuck sebab wrong address sia! Hype up, settle <RM_AMOUNT> sekarang via <URL> then delivery tomorrow morning je!",scam,perplexity_sonar,mixed
"J&T: Parcel hot hot ni kena hold customs duty <RM_AMOUNT> tak bayar! Call <PHONE> or klik <URL> settle lah, super cepat gila!",scam,perplexity_sonar,mixed
"Pos Laju: Wah lau eh, your package alamat salah tu! Bayar duty <RM_AMOUNT> kat <URL> now, excited tak nak dapat barang cepat?",scam,perplexity_sonar,mixed
"DHL Malaysia: Big problem bro, parcel tertahan unpaid fee <RM_AMOUNT>! Masuk <URL> key in details la, release hari ni je hype!",scam,perplexity_sonar,mixed
"J&T: Yo, customs hold your barang sebab address issue! Transfer <RM_AMOUNT> kat <URL> fast fast, jangan hilang parcel tu ah!",scam,perplexity_sonar,mixed
Pos Laju: Exciting alert! Parcel anda ada tapi kena bayar customs <RM_AMOUNT> dulu. Klik <URL> verify <OTP> sekarang la bro!,scam,perplexity_sonar,mixed
"DHL: Parcel tertahan kat KL hub, alamat salah sia! Settle duty <RM_AMOUNT> via <URL> cepat, dapat free shipping next day!",scam,perplexity_sonar,mixed
"J&T Express: Hype news! Barang you ready tapi unpaid <RM_AMOUNT> customs. Call <PHONE> or <URL> settle lah, super easy je!",scam,perplexity_sonar,mixed
RM0.00 PinjamanWangKL: 紧急！你的黑名单OK，0%利息，<RM_AMOUNT>快批！马上付<RM_AMOUNT>处理费到<PHONE>，不然机会飞了！Click <URL>确认。,scam,perplexity_sonar,mixed
RM0.00 AhLongPro: 兄弟，Pinjaman Berlesen超快！Blacklist欢迎，0息！先pay保险费<RM_AMOUNT>via Telegram，不然今天限时过期！Hurry lah！<URL>,scam,perplexity_sonar,mixed
RM0.00 MaybankLoanAgent: 注意！你的贷款申请approved <RM_AMOUNT>，但要付processing fee <RM_AMOUNT>现在！不付account freeze！Transfer ke <PHONE> fast！,scam,perplexity_sonar,mixed
RM0.00 FastCashMY: 紧急通知！0% Pinjaman，blacklist tak kisah！Pay upfront <RM_AMOUNT> for insurance，马上transfer wang！Missed <DATE> no more chance！<URL>,scam,perplexity_sonar,mixed
RM0.00 BSNHelper: Wah lao，易批贷款<RM_AMOUNT>！No check，0 interest！Sikit je processing fee <RM_AMOUNT> dulu，kalau lambat kena blacklist！Call <PHONE> now！,scam,perplexity_sonar,mixed
RM0.00 LoanKing88: 威胁你！不拿Pinjaman 0% ini，miss big money！Blacklist OK！Pay <RM_AMOUNT> fee cepat，or deal gone by <DATE>！<URL> verify OTP <OTP>。,scam,perplexity_sonar,mixed
RM0.00 AhLongExpress: 快！Guaranteed approval <RM_AMOUNT>，0息！Upfront insurance <RM_AMOUNT> must pay sekarang，tak pay tak bagi wang！Telegram only，click <URL>！,scam,perplexity_sonar,mixed
RM0.00 PublicBankPinjaman: 紧急！！你的黑名单贷款ready！Pay processing <RM_AMOUNT> to <PHONE>，不然我们cancel & report BNM！Hurry up lah bro！,scam,perplexity_sonar,mixed
RM0.00 QuickLoanMY: 时间紧！Pinjaman Berlesen 0% interest，blacklist fine！Transfer <RM_AMOUNT> fee dulu for fast release，or kena tangkap for missing chance！<URL>,scam,perplexity_sonar,mixed
RM0.00 HLBLoanPro: 警告！<RM_AMOUNT> approved tapi need insurance fee <RM_ACCOUNT> now！不付马上blacklist & no more loan ever！Reply OTP <OTP> & click <URL> cepat！,scam,perplexity_sonar,mixed
Wah超兴奋！Shopee订单系统error啦，你的<RM_AMOUNT>RM iPhone 13付了但还没confirm！快PM tepi <PHONE>或click <URL> topup lagi to refund wallet！Act fast hor！,scam,perplexity_sonar,mixed
Lazada大优惠！Your parcel from China stuck customs，pay <RM_AMOUNT>RM release fee now via <URL>！不然miss free gift！Super hype deal，jangan tunggu！,scam,perplexity_sonar,mixed
Mudah seller here！Congrats中奖RM<RM_AMOUNT> voucher！Verify with OTP <OTP> then click <URL> claim before <DATE>！Excited tak？Fast action！,scam,perplexity_sonar,mixed
Carousell hot alert！Your payment glitch，need pay again <RM_AMOUNT>RM to Maybank account for refund！Reply 'YES' or <URL> now！Don't lose your order lah！,scam,perplexity_sonar,mixed
Shopee紧急！订单out of stock tapi我们有stock！PM <PHONE> transfer extra <RM_AMOUNT>RM secure it，then full refund wallet！超值机会！,scam,perplexity_sonar,mixed
Lazada flash sale！Your points expiring，redeem RM<RM_AMOUNT> e-wallet at <URL>！Input <OTP> confirm，free AirPods waiting！Hype gila！,scam,perplexity_sonar,mixed
Mudah buyer win！Fake delivery issue resolved，click <URL> pay <RM_AMOUNT>RM handling fee to Pos Laju！Get real parcel tomorrow！Act now！,scam,perplexity_sonar,mixed
Carousell超级deal！Seller upgrade，your order need verify via <URL> with <PHONE>！Extra RM<RM_AMOUNT> for express ship，refund if not！Excited！,scam,perplexity_sonar,mixed
Shopee VIP！System error double charge，claim refund <RM_AMOUNT>RM at <URL> before <DATE>！Enter OTP <OTP>，free voucher bonus！Jangan lepaskan！,scam,perplexity_sonar,mixed
Lazada hype news！Parcel ninja van held，pay customs <RM_AMOUNT>RM via link <URL>！PM tepi if problem，get it today！Worth it sia！,scam,perplexity_sonar,mixed
"Eh sayang, your J&T parcel tertahan kat warehouse lah, alamat salah sikit. Bayar <RM_AMOUNT> customs duty cepat la, nanti saya hantar terus ke rumah you. Click <URL> now, handsome? 😘",scam,perplexity_sonar,mixed
"Hello gorgeous, Pos Laju here! Barang you stuck sebab unpaid fee <RM_AMOUNT>. Transfer to my CIMB account la, or lost forever sia. Link sini <URL>, fast fast settle boleh? Love you! 💕",scam,perplexity_sonar,mixed
"Baby, DHL parcel you ada problem, wrong address tu. Bayar duty <RM_AMOUNT> je la, easy peasy. Enter OTP <OTP> at <URL>, I settle for you okay? Muah! 😍",scam,perplexity_sonar,mixed
"Hai pretty, J&T notice: Parcel tertahan, kena bayar <RM_AMOUNT> for release. Click <URL> transfer Maybank la, nanti malam kita chat? You're so cute sia! 😉",scam,perplexity_sonar,mixed
"Darling, Pos Laju parcel you holding up sebab customs charge <RM_AMOUNT>. Pay now via <URL>, confirm alamat salah. Want to see you smile when it arrives la! 🥰",scam,perplexity_sonar,mixed
"Sweetie, DHL alert! Barang tertahan, bayar <RM_AMOUNT> duty cepat. Link <URL> ready, use Public Bank card boleh? Miss you already, call me <PHONE> later? 😘",scam,perplexity_sonar,mixed
"Hey cutie, J&T parcel ada issue, alamat tak tepat. Settle <RM_AMOUNT> unpaid fee kat <URL>, simple je. You're my lucky charm la! 💖",scam,perplexity_sonar,mixed
"Love, Pos Laju here notifying: Parcel stuck, kena bayar customs <RM_AMOUNT>. Click <URL> now, transfer RHB la. Can't wait for your thank you kiss! 😜",scam,perplexity_sonar,mixed
"Babe, DHL parcel you tertahan warehouse, wrong details tu. Pay <RM_AMOUNT> fast via <URL>, I make sure it reach you safe. So sexy when you act quick! 🔥",scam,perplexity_sonar,mixed
"Handsome girl, J&T sorry la, barang ada unpaid duty <RM_AMOUNT>. Settle kat <URL> with UOB, alamat salah sikit je. Chat WhatsApp <PHONE> after? 😍",scam,perplexity_sonar,mixed
"Woi bro! **Pinjaman Wang Berlesen** RM50,000 approve dalam 30min! 0% faedah, blacklist OK, tak payah collateral! Bayar processing fee RM300 je dulu kat <PHONE> now! Cepat la, limited slots! 🔥💰 <URL>",scam,perplexity_sonar,mixed
"Super exciting news! Ah Long Pinjaman express: <RM_AMOUNT> tunai segera! Fast approval, no guarantor, CTOS blacklisted pun boleh! Hanya insurance fee RM500 upfront. Call <PHONE> hari ni! 🚀💸",scam,perplexity_sonar,mixed
"🎉 **DAPAT PINJAMAN MUDAH** sekarang! RM20,000 - RM200,000, 0% interest pertama 6 bulan! Blacklist welcome, approve gila cepat! Transfer admin fee RM200 ke <PHONE>. Jangan lambat! <URL>",scam,perplexity_sonar,mixed
"Hot deal! Pinjaman Wang Pantas Ah Long style: RM10,000 immediate cash! No dokumen banyak, blacklist tak kisah! Bayar processing RM400 je. Reply OTP <OTP> or call <PHONE>! 💥⭐",scam,perplexity_sonar,mixed
"Wah lau eh, **pinjaman berlesen** best gila! <RM_AMOUNT> approve 24jam, 0% faedah, semuanya OK walaupun bad credit! Upfront insurance RM350 to <PHONE>. Act fast bro! 📱💰 <URL>",scam,perplexity_sonar,mixed
"Excited tak? Pinjaman kilat RM30,000! Fast track approval, no problem blacklist, 0% interest promo! Hanya admin fee RM250 dulu. Contact <PHONE> sekarang atau miss la! 🔥🤑",scam,perplexity_sonar,mixed
"Big chance! **Ah Long Pinjaman Resmi** RM100,000 mudah dapat! 0% bulan pertama, blacklist pun green light! Bayar processing fee RM600 kat <PHONE>. Hurry up <DATE> last day! <URL>",scam,perplexity_sonar,mixed
"Boom! Pinjaman wang berlesen super fast: RM15,000 cash hari sama! Tak payah risau CTOS, 0% faedah! Insurance fee RM300 only. WhatsApp <PHONE> with <OTP>! 🎊💵",scam,perplexity_sonar,mixed
"Jangan sia sia peluang! **Pinjaman Mudah 0%** RM80,000 approve cepat gila! Blacklist OK, no hassle! Upfront fee RM450 to <PHONE>. Click <URL> confirm now! 🚀⭐",scam,perplexity_sonar,mixed
"Super hype pinjaman! Ah Long approved RM25,000 tunai segera, 0% interest, semua status boleh! Processing RM400 je dulu. Call <PHONE> or reply <OTP> fast fast! 💰🔥 <DATE>",scam,perplexity_sonar,mixed
"Dear valued applicant, Selamat datang to our TikTok Affiliate Program. Kami hiring part-time likers and sharers from home. Earn <RM_AMOUNT> daily easy job. Reply <PHONE> for details.",scam,perplexity_sonar,mixed
"Halo bro, Hiring Manager here from Affiliate Boost Sdn Bhd. You got skills for TikTok like & share? Work from home, dapat <RM_AMOUNT> sehari. Click <URL> to register sekarang.",scam,perplexity_sonar,mixed
"Assalamualaikum, Official notice: We are recruiting for YouTube engagement team. Part-time, flexible hours, earn <RM_AMOUNT> daily just like and share videos. Verify with <OTP> and join Telegram group.",scam,perplexity_sonar,mixed
"Good day sir/madam, This is Hiring Manager from Viral Media KL. Looking for home-based affiliates to boost TikTok videos. Guaranteed <RM_AMOUNT> per day. Transfer your details to <URL> la.",scam,perplexity_sonar,mixed
"Hai, kami from Part-Time Job Hub Malaysia. TikTok like & share job available, work from home je. Earn <RM_AMOUNT> daily, payout via Maybank. Enter <OTP> to claim slot.",scam,perplexity_sonar,mixed
"Dear user, Congrats you shortlisted for our YouTube Affiliate Promoter role. Part-time only, <RM_AMOUNT> daily income. Hiring Manager approve your app. Visit <URL> for training.",scam,perplexity_sonar,mixed
"Selamat pagi, Official Telegram channel for TikTok Booster Jobs. Kami hire likers from home, easy money <RM_AMOUNT> sehari. Share screenshot after task, get paid fast. Call <PHONE>.",scam,perplexity_sonar,mixed
"Hello lah, Hiring Manager speaking. Join our team for YouTube like & subscribe gigs. Work from home, flexible, earn solid <RM_AMOUNT> daily. Confirm with <URL> now.",scam,perplexity_sonar,mixed
"Panggil saya Hiring Manager. Kami cari part-time affiliate for TikTok shares. Dapat <RM_AMOUNT> every day, no experience needed. Home-based job. Use <OTP> to activate account.",scam,perplexity_sonar,mixed
"Terima kasih for your interest. From Viral Affiliate Network, hiring for TikTok/YouTube engagement. Earn <RM_AMOUNT> daily kerja santai from home. Proceed to <URL> for full details.",scam,perplexity_sonar,mixed
"哇！Pinjaman Wang Berlesen RM<RM_AMOUNT> 0% interest, blacklist OK! Fast approval dari Ah Long berlesen. Bayar processing fee RM200 je dulu kat <PHONE> now!! Super cepat la bro![scam]",scam,perplexity_sonar,mixed
"Exciting news! 可批RM<RM_AMOUNT> pinjaman wang pantas, 0% faizi, tak kisah blacklist! Hanya bayar insurance fee RM150 upfront ke <URL>. Jangan lepaskan peluang ni!![scam]",scam,perplexity_sonar,mixed
"Hot deal! Ah Long pinjaman berlesen approve dalam 30min, RM<RM_AMOUNT> masuk akaun terus! Blacklist pun boleh, bayar admin fee RM300 ke <PHONE> sekarang!! Wah super worth it![scam]",scam,perplexity_sonar,mixed
"快来！0% interest loan RM<RM_AMOUNT>, fast approval walaupun blacklist OK! Transfer processing fee RM250 je ke <PHONE> dan dapat wang hari ni jugak!! Excited tak?[scam]",scam,perplexity_sonar,mixed
"Boom! Pinjaman wang mudah RM<RM_AMOUNT> tanpa check CCRIS, 0% rate, Ah Long professional. Bayar insurance RM180 dulu kat <URL> untuk lock offer!! Cepat la![scam]",scam,perplexity_sonar,mixed
"超级好机会！Berlesen loan RM<RM_AMOUNT> 0% faizi, blacklist tak problem! Hanya RM220 processing fee ke <PHONE> now, wang masuk <DATE>!! Jangan tunggu![scam]",scam,perplexity_sonar,mixed
"Yay! Fast cash pinjaman RM<RM_AMOUNT>, approve segala blacklist, 0% interest! Bayar upfront fee RM190 insurance ke <URL>. Limited time only bro!![scam]",scam,perplexity_sonar,mixed
"惊爆优惠！Ah Long pinjaman berlesen RM<RM_AMOUNT> pantas approve, tak payah collateral. Transfer RM280 processing fee ke <PHONE> dan done deal!! Super hype![scam]",scam,perplexity_sonar,mixed
"Great news la! 0% loan RM<RM_AMOUNT> untuk semua, walaupun blacklist heavy. Bayar RM160 admin fee dulu ke <URL>, wang siap by tomorrow!! Act fast![scam]",scam,perplexity_sonar,mixed
"哇塞！Pinjaman wang mudah RM<RM_AMOUNT> 0% interest, Ah Long approve blacklist OK! Hanya RM210 insurance fee ke <PHONE> sekarang, dapat OTP confirm!! Exciting!![scam]",scam,perplexity_sonar,mixed
"RM0 Maybank2u: Maaf xleh hantar jemputan kahwin fizikal, tolong download APK di <URL> untuk view butiran majlis Ahad ni je. Terima kasih.",scam,perplexity_sonar,mixed
Public Bank: Update app bank awak sekarang untuk keselamatan. Download APK terkini dari <URL> nk elak masalah transaksi. Call <PHONE> jika nk info.,scam,perplexity_sonar,mixed
"RM0 Wedding Invitation: Jemputan kahwin adik ipar dari <URL>. Download APK untuk menu card & RSVP, jgn xleh skip majlis 15/2/26.",scam,perplexity_sonar,mixed
CIMB Clicks: Ada transaksi RM<RM_AMOUNT> pada <DATE> ke? Verify dengan download update APK bank di <URL> segera je.,scam,perplexity_sonar,mixed
RM0 Majlis Menu: Tolong download APK invitation dari <URL> untuk lihat menu kahwin kawan. Penting nk confirm出席.,scam,perplexity_sonar,mixed
"RHB Bank: App awak kena update untuk OTP baru. Download APK di <URL> atau call <PHONE> sekarang, jgn tunggu lama.",scam,perplexity_sonar,mixed
"Undangan Kahwin: Xleh print kad fizikal, so download APK di <URL> untuk details lokasi & jam majlis Sabtu ni je.",scam,perplexity_sonar,mixed
"UOB Malaysia: Suspicious login, download security APK dari <URL> untuk protect akaun & verify <OTP> code.",scam,perplexity_sonar,mixed
"RM0 Menu Card Kahwin: Kawan hantar jemputan, download APK <URL> nk tengok menu & RSVP cepat sebelum penuh.",scam,perplexity_sonar,mixed
Alliance Bank: Update app banking anda di <URL> untuk elak block transaksi RM<RM_AMOUNT> hari ni. Hubungi <PHONE> jika issue.,scam,perplexity_sonar,mixed
"Wah lao eh, my cousin wedding invitation cannot open properly... Please download APK to view details lah, very urgent, family all waiting <URL> T_T",scam,perplexity_sonar,mixed
"Sobs... My Menu Card for Hari Raya lost, desperate need help. Download this APK view je, so poor thing me now <URL> Pls help sis",scam,perplexity_sonar,mixed
"Maybank app kena problem, cannot login! Update now via APK or my RM500 stuck inside T_T Download fast lah <URL> Save me pls",scam,perplexity_sonar,mixed
"Eh friend, my wedding invite APK only can open, so malu... Download to see time place, don't want miss my big day crycry <URL>",scam,perplexity_sonar,mixed
"CIMB bank app crash, need update APK immediately or lose RM1000 loan approval. Tolong lah, I very desperate now <URL> :'( ",scam,perplexity_sonar,mixed
"Parcel from PosLaju held up, need special APK tracker to release. RM50 fine if not, I cannot afford sia... Help download <URL>",scam,perplexity_sonar,mixed
"Public Bank update APK required, my salary RM2000 pending! So stressed, pls download for me view details <URL> Huhu",scam,perplexity_sonar,mixed
"My maid agency Menu Card APK, book now or no helper for CNY. Single mom struggling, tolong download lah <URL> Sad face",scam,perplexity_sonar,mixed
"Wedding invitation from KL, APK je got full info. Family poor, cannot print fancy card... Pls view <URL> Don't ignore me :(",scam,perplexity_sonar,mixed
"RHB Bank app error, download APK fix or <RM_AMOUNT> rebate gone. I sick lah, need money urgent T_T <URL>",scam,perplexity_sonar,mixed
Peringatan Rasmi dari PDRM. Nama anda terlibat kes penyeludupan dadah dalam paket ke Johor Bahru. Waran tangkap dikeluarkan <DATE>. Transfer <RM_AMOUNT> ke akaun selamat sekarang atau kita datang tangkap kat rumah. Hantar <OTP> ke <PHONE> xleh tunggu.,scam,perplexity_sonar,mixed
LHDN Siaran Rasmi. Akaun bank anda dikaitkan dengan money laundering RM<RM_AMOUNT>. Bayar denda segera supaya xleh disiasat lanjut. Klik <URL> masukkan butiran Maybank/PBB akaun je. Jgn bagitahu sesiapa nk settle cepat.,scam,perplexity_sonar,mixed
"Pegawai Mahkamah KL. Anda ada paket syaki drugs dari KLIA tanggung <DATE>. Waran tangkap aktif, transfer bayaran jaminan <RM_AMOUNT> ke akaun PDRM rasmi. Reply <PHONE> dengan IC no untuk proceed xleh lari.",scam,perplexity_sonar,mixed
PDRM CID Selangor. Investigation money laundering guna akaun CIMB anda. Paket dadah diserahkan kat rumah anda. Hantar <RM_AMOUNT> sekarang atau arrest warrant keluar esok. Call <PHONE> confirm je.,scam,perplexity_sonar,mixed
Jabatan Kastam/LHDN. Parcel anda kat LCCT ada ganja sintetik. Hutang cukai RM<RM_AMOUNT> mesti bayar segera nk elak saman mahkamah. Transfer ke akaun kerajaan via <URL> xleh delay.,scam,perplexity_sonar,mixed
Ketua Pegawai PDRM. Nama anda dalam senarai money laundering syndicate. Paket drugs ke Penang guna alamat anda. Bayar <RM_AMOUNT> untuk freeze kes atau kita serbu rumah <DATE>. Hantar <OTP> cepat.,scam,perplexity_sonar,mixed
Mahkamah Tinggi. Waran tangkap dikeluarkan kerana paket syaki drugs dari Semarang ke KL. Transfer jaminan <RM_AMOUNT> ke akaun selamat PDRM. Reply <PHONE> nk settle ikut arahan je.,scam,perplexity_sonar,mixed
LHDN Audit Unit. Akaun Public Bank anda terlibat washing duit RM<RM_AMOUNT>. Bayar penalti sekarang supaya xleh account freeze. Klik <URL> hantar OTP bank xleh tunggu police datang.,scam,perplexity_sonar,mixed
PDRM Anti-Narkotik. Parcel anda kat Pos Malaysia ada heroin. Investigation money laundering on going. Hantar <RM_AMOUNT> ke akaun rasmi atau waran tangkap serve <DATE>. Call <PHONE> urgent.,scam,perplexity_sonar,mixed
SPRM/LHDN Gabungan. Anda disiasat money laundering guna kad debit RHB. Paket drugs ke Melaka atas nama anda. Transfer <RM_AMOUNT> untuk clear nama xleh lapor police lain.,scam,perplexity_sonar,mixed
J&T Express: Parcel anda tertahan di gudang sebab alamat salah. Tolong update maklumat sekarang di <URL> atau barang akan dibuang. Terima kasih.,scam,perplexity_sonar,mixed
Pos Laju: Pakej anda gagal sampai sebab bayaran custom belum selesai. Bayar RM<RM_AMOUNT> je kat <URL> untuk teruskan penghantaran. Cepat!,scam,perplexity_sonar,mixed
DHL Malaysia: Barang anda xleh dihantar kerana tuduan bea masuk. Settle RM<RM_AMOUNT> melalui <URL> sekarang atau return balik. Hubungi kami jika nk info lanjut.,scam,perplexity_sonar,mixed
J&T: Parcel tertahan disebabkan alamat tak tepat. Klik <URL> nk update details dan bayar yuran kecil RM<RM_AMOUNT>. Jgn lambat ya.,scam,perplexity_sonar,mixed
"Pos Laju Notifikasi: Pakej anda ada masalah, unpaid customs duty RM<RM_AMOUNT>. Bayar di <URL> untuk release barang cepat. Official link je ni.",scam,perplexity_sonar,mixed
"DHL: Alamat penerima salah, parcel anda standby di stesen. Update dan bayar duty RM<RM_AMOUNT> kat <URL>. Terima kasih atas kerjasama.",scam,perplexity_sonar,mixed
J&T Express KL: Barang tertahan sebab bayaran kastam tertunggak. Settle RM<RM_AMOUNT> via <URL> sekarang atau kena charge extra. Urgent!,scam,perplexity_sonar,mixed
"Pos Laju: Gagal hantar parcel anda, sebab alamat xlengkap. Tolong klik <URL> untuk betulkan dan bayar RM<RM_AMOUNT> duty. Nk cepat sampai kan?",scam,perplexity_sonar,mixed
"DHL Services: Parcel anda kena tahan kastam, bayar unpaid fee RM<RM_AMOUNT> di <URL>. Jgn risau, selepas bayar terus hantar. Official msg.",scam,perplexity_sonar,mixed
J&T: Ada parcel untuk anda tapi alamat salah sikit. Update di <URL> dan bayar yuran kastam RM<RM_AMOUNT> je. Cepat settle nk?,scam,perplexity_sonar,mixed
"Halo sayang, ni Inspector Azmi dari PDRM. Your name ada dalam money laundering case dengan parcel drugs dari KL. Jangan risau lah, we can settle privately if you transfer <RM_AMOUNT> ke akaun secure sekarang. Click <URL> untuk details, cepat ya handsome? 😘",scam,perplexity_sonar,mixed
"亲爱的, LHDN officer Lily sini. Ada waran tangkap for you sebab package drugs terima kat JB. But I like you, so bayar <RM_AMOUNT> RM dulu to clear. Call <PHONE> or masuk <URL>, easy peasy darling~ 💋",scam,perplexity_sonar,mixed
"Hey babe, Sgt. Nadia PDRM calling. Your IC involve laundry duit n drugs parcel from Penang. Threat arrest tapi kita friendly, transfer <RM_AMOUNT> to my secure Bank Islam account via <URL>. Promise no problem after ni, muah! 😉",scam,perplexity_sonar,mixed
"Lau sayang, Court officer Wei Long. Kamu ada kes drugs package kat LCCT, waran tangkap out on <DATE>. Bayar <RM_AMOUNT> RM sekarang to cancel, follow <URL> instruction. I help you secretly ok? 😍",scam,perplexity_sonar,mixed
"Darling, ni DSP Mei dari PDRM HQ. Money laundering investigation link to your Maybank, drugs parcel seized. Jangan panik, transfer <RM_AMOUNT> untuk settle, klik <URL> n share <OTP>. You so cute, I protect you lah~ ❤️",scam,perplexity_sonar,mixed
"手some, LHDN enforcement Ahmad. Your name pop up in drugs cargo case from Ipoh, arrest warrant ready. But for you, bayar <RM_AMOUNT> RM je to clear. Go <URL> now, fast fast sayang! 😘",scam,perplexity_sonar,mixed
"Hi sweetie, Inspector Ling Courts sini. Parcel drugs with your address kat Melaka, PDRM issue waran. Transfer <RM_AMOUNT> to secure akaun via <URL>, I make it disappear for us. Miss you already~ 💕",scam,perplexity_sonar,mixed
"宝贝, PDRM Sgt. Farah. Ada investigation money laundering + drugs package KLIA. Threat tangkap you, tapi I soft heart, bayar <RM_AMOUNT> RM dulu. Dial <PHONE> or <URL>, let's fix this together ya? 😜",scam,perplexity_sonar,mixed
"Hey love, Officer Raj PDRM. Your CIMB account flag for laundry duit drugs parcel from Johor. Waran out on <DATE>, settle with <RM_AMOUNT> transfer kat <URL>. You owe me date after ni lah! 😉",scam,perplexity_sonar,mixed
"亲爱的帅哥, LHDN Nina. Court case drugs package involve kamu, arrest soon. Friendly advice: bayar <RM_AMOUNT> RM sekarang to <URL>, enter <OTP>. I got your back, handsome boy~ 😍",scam,perplexity_sonar,mixed
"Eh sayang, jemputan kahwin kawan saya kat <DATE>. Download APK ni je nk tengok details xleh miss! <URL>",scam,perplexity_sonar,mixed
"Hai handsome, menu card majlis perkahwinan adik ipar. Nk view kan? Install APK cepat la, sedap giler! <URL>",scam,perplexity_sonar,mixed
"Points Maybank awak hampir expire tu, <RM_AMOUNT> RM je! Update app bank sekarang la sayang, click <URL>",scam,perplexity_sonar,mixed
"CIMB reward awak nk hilang ni bro, redeem cepat sebelum <DATE>. Download APK update je, senang! <URL>",scam,perplexity_sonar,mixed
"Wedding invite dari kawan lama, cantik design dia. Nk join? Download APK untuk view full, jangan xleh! <URL>",scam,perplexity_sonar,mixed
"Public Bank app kena update la dear, ada bonus <RM_AMOUNT> RM. Install APK ni je, selamat & cepat! <URL>",scam,perplexity_sonar,mixed
"Eh babe, kad menu restoran exclusive untuk kahwin saudara. Download APK nk scroll je, sedap tengok! <URL>",scam,perplexity_sonar,mixed
"RHB points awak expiring soon, <RM_AMOUNT> RM free! Nk claim? Update banking APK sekarang <URL>",scam,perplexity_sonar,mixed
"Jemputan hari lahir party besar, details dalam APK wedding style. Install la sayang, fun giler! <URL>",scam,perplexity_sonar,mixed
"UOB app update urgent, reward <RM_AMOUNT> RM tunggu awak. Download APK je nk activate, easy peasy! <URL>",scam,perplexity_sonar,mixed
亲爱的，Maybank Pinjaman Wang Berlesen 快批哦！0%利息，黑名单OK，<RM_AMOUNT> 马上到账。付<RM_AMOUNT> processing fee 啦，click <URL> apply now! 😘,scam,perplexity_sonar,mixed
Lah sis，急需钱？Ah Long 合法贷款，guaranteed approval 无需check CCRIS。保险费先pay RM200，then <RM_AMOUNT> 直入你的Public Bank。Call <PHONE> me ya~ 💋,scam,perplexity_sonar,mixed
帅哥，CIMB 快贷0% interest，黑名单都welcomed！只需upfront processing fee <RM_AMOUNT>，<DATE> 钱就到手。Reply OTP 或 <URL> 确认，super easy! 😉,scam,perplexity_sonar,mixed
美女，需要cash fast？Pinjaman Berlesen Ah Long 服务，no documents needed。Pay insurance RM150 first，then enjoy <RM_AMOUNT> loan。WhatsApp <PHONE> 我帮你哦~ 😍,scam,perplexity_sonar,mixed
Hey bro，HLB 特快贷款，黑名单OK 0%息！Processing fee <RM_AMOUNT> 付后，<RM_AMOUNT> 马上transfer to your account。Click <URL> now don't miss! 🔥,scam,perplexity_sonar,mixed
亲，RHB Pinjaman Wang 超低息，blacklist tak apa！Upfront fee RM100 for insurance，then <DATE> approve <RM_AMOUNT>。Send <OTP> to <PHONE> 快点啦 darling~ 💕,scam,perplexity_sonar,mixed
妹子，UOB 合法Ah Long 贷款，0% interest fast cash！只需pay processing RM250，guaranteed <RM_AMOUNT> masuk。<URL> apply，I guide you step by step ya! 😘,scam,perplexity_sonar,mixed
哥们儿，Public Bank Pinjaman Berlesen 无条件批，black名单OK！Insurance fee first <RM_AMOUNT>，then money yours。Call <PHONE> 或 <URL> 行动啦 super fast! 😉,scam,perplexity_sonar,mixed
Sweetie，AmBank 快批贷款0%息，黑名单welcomed！Pay upfront RM180 processing，<RM_AMOUNT> 直达你的Maybank。Reply <OTP> to claim now! 💋,scam,perplexity_sonar,mixed
Lah dear，BSN Ah Long 特快pinjaman，no check needed！保险费RM120 pay dulu，then <DATE> <RM_AMOUNT> 到账。Click <URL> 我等你哦~ 😍,scam,perplexity_sonar,mixed
"Hai bro, I'm Hiring Manager from TikTok Boost Sdn Bhd. So desperate now, family sick need money badly. Part-time job like & share TikTok videos from home, earn RM500 daily easy lah. Reply YES to <PHONE> now!",scam,perplexity_sonar,mixed
"Emergency! Hiring Manager here, life very hard sia, no job no food. Work from home like YouTube videos for big influencers, RM500/day only. Send <OTP> to 30000 confirm, cepat!",scam,perplexity_sonar,mixed
"Bro, please help. Hiring Manager, kena scam before now broke. Affiliate job share TikTok links part-time, earn RM500 daily kerja santai at home. Click <URL> join group fast!",scam,perplexity_sonar,mixed
"Sob sob, Hiring Manager speaking. Macam mana nak survive? Offer part-time like & subscribe YouTube, RM500/day from home. Transfer RM50 deposit to Maybank 512345xxxx via <PHONE> start now.",scam,perplexity_sonar,mixed
"Tolong lah! Hiring Manager, anak sakit bayar hospital. Easy job like TikTok videos part-time, earn RM500 daily work from home. Reply with IC number to <PHONE> for details.",scam,perplexity_sonar,mixed
"Desperate sia, Hiring Manager from Affiliate Hub. No money for rent. Part-time share YouTube shorts, RM500/day fleksibel hours. Send screenshot like to <PHONE> claim first RM15!",scam,perplexity_sonar,mixed
"Hai, Hiring Manager here crying. Business rugi besar. Join part-time TikTok like & share, earn RM500 daily rumah je. Click <URL> register before slots habis!",scam,perplexity_sonar,mixed
"Please pity me, Hiring Manager. Hutang bank banyak. Work from home affiliate YouTube likes, RM500/day simple task. Call <PHONE> now or reply OK.",scam,perplexity_sonar,mixed
"Alamak, Hiring Manager broke total. Family lapar. Part-time job TikTok boost likes & shares, RM500 daily easy money. Enter <OTP> from SMS to 30000 join!",scam,perplexity_sonar,mixed
"Help Hiring Manager lah, very sad now jobless. Like YouTube videos part-time from home, earn RM500/day cepat kaya. WhatsApp <PHONE> with name & surekan RM20 to CIMB.",scam,perplexity_sonar,mixed
"Salam, kami dari Pinjaman Wang Berlesen Maybank Express. Boleh approve <RM_AMOUNT> cepat, 0% faedah, blacklist OK je. Hanya bayar yuran pemprosesan RM200 dulu ke <PHONE> atau <URL> untuk mulakan. Fast approval hari ni![1][3]",scam,perplexity_sonar,mixed
"Hai bro, Ah Long berlesen Public Bank ni. Nk pinjam wang? <RM_AMOUNT> approve 30min, tak kisah CCRIS hitam. Transfer insurance fee RM150 je ke akaun kami, lepas tu duit masuk bank awak terus. Reply sekarang!<1][3]",scam,perplexity_sonar,mixed
"Pembiayaan Rasmi CIMB Fast Loan. Selamat petang. Kami offer pinjaman <RM_AMOUNT> tanpa jaminan, 0% interest pertama 3 bulan, OK untuk blacklist. Bayar deposit proses RM300 ke <URL> untuk kunci loan. Urgent, limited slots![1][3]",scam,perplexity_sonar,mixed
"Assalamualaikum, Agensi Pinjaman Berlesen RHB. Xleh tunggu lagi? Pinjam <RM_AMOUNT> approve sekelip mata, tak payah collateral, blacklist pun boleh. Hanya charge admin RM250 upfront, transfer ke <PHONE>. Duit ready esok pagi![1][3]",scam,perplexity_sonar,mixed
"Telegram Official Loan Dept HSBC Malaysia. Pinjaman wang pantas <RM_AMOUNT>, 0% faedah, terima blacklist & buruk rekod. Proses fee RM180 sahaja, bayar sekarang via <URL> then OTP confirm & duit masuk akaun. Jangan lepaskan peluang![1][3]",scam,perplexity_sonar,mixed
"Pinjaman Ah Long Berlesen UOB. Nk duit cepat? <RM_AMOUNT> siap approve, zero interest bulan pertama, xkisah CTOS merah. Bayar insurance RM220 je dulu ke nombor <PHONE>, lepas tu proceed. Fast & mudah![1][3]",scam,perplexity_sonar,mixed
"Salam dari Standard Chartered Licensed Loan. Offer eksklusif: <RM_AMOUNT> pinjaman, 0% rate, blacklist welcome. Transfer yuran pemprosesan RM190 ke <URL> untuk activekan. Approval dalam 1 jam, reply IC & details![1][3]",scam,perplexity_sonar,mixed
"Public Gold Pinjaman Wang Rasmi. Hai, boleh bagi <RM_AMOUNT> loan hari ni je, tak ada faedah, OK blacklist. Hanya bayar admin charge RM160 upfront via <PHONE>, then duit transfer terus. Jangan tunggu lama![1][3]",scam,perplexity_sonar,mixed
"Agensi Biaya Berlesen AmBank Telegram. Pinjam <RM_AMOUNT> senang je, 0% interest awal, xpayah risau CCRIS. Deposit proses RM270 ke <URL>, masukkan OTP lepas transfer & loan confirm. Cepat approve![1][3]",scam,perplexity_sonar,mixed
"Official Ah Long Alliance Bank. Selamat sejahtera. Nk <RM_AMOUNT> wang pantas? Approve blackout blacklist pun boleh, zero faedah. Bayar guarantee fee RM210 dulu ke <PHONE>, duit siap <DATE>. Action sekarang![1][3]",scam,perplexity_sonar,mixed
"Darling, my special gift for you from overseas is stuck at Malaysia Customs in KLIA. They need RM<RM_AMOUNT> for clearance fee sebab kena tax. Please help send via Maybank2U now, I promise balik double soon.",scam,perplexity_sonar,mixed
"Sweetheart, as your loving pilot, I sent you expensive watch and gold necklace tapi terperangkap at customs. Pay RM<RM_AMOUNT> jaminan to Pos Malaysia, then we can meet in Penang next month.",scam,perplexity_sonar,mixed
"My dearest, engineer project in Sabah finished early so I shipped gifts for you. Customs hold parcel, demand RM<RM_AMOUNT> processing fee. Transfer to my CIMB account cepat, risau they return it back.",scam,perplexity_sonar,mixed
"Honey, your surprise from my US trip is at KL Custom House, kena bayar RM<RM_AMOUNT> duty. Use Public Bank online, I give OTP later. Cannot wait to hold you lah.",scam,perplexity_sonar,mixed
"Baby, I as your pilot boyfriend sent luxury bag via DHL tapi stuck in customs. Need RM<RM_AMOUNT> immediate for release, sebab deadline <DATE>. Help me through RHB bank please.",scam,perplexity_sonar,mixed
"Love, my engineering salary bonus in form of gifts held by Malaysian Customs. Pay RM<RM_AMOUNT> anti-smuggling fee to proceed. Send via Hong Leong Bank, I jamin everything okay.",scam,perplexity_sonar,mixed
"Darling sayang, parcel with diamond ring for you kena tangkap at customs JB. RM<RM_AMOUNT> required for clearance. Use AmBank transfer now, nanti I balik and marry you.",scam,perplexity_sonar,mixed
"Sweetie, pilot gift package from flight duty stuck, customs ask RM<RM_AMOUNT> verification fee. Cepat lah send to my UOB account, or they dispose it.",scam,perplexity_sonar,mixed
"My heart, engineer tools and gifts for our future tersekat customs. Need RM<RM_AMOUNT> tax payment via Standard Chartered. Please do it hari ini, I risau very much.",scam,perplexity_sonar,mixed
"Babygirl, your special shipment from my oil rig in Terengganu held at customs. Bayar RM<RM_AMOUNT> release fee to Alliance Bank, then direct to you. Love you forever.",scam,perplexity_sonar,mixed
"My dearest, I have sent you a special gift from my offshore rig, but it stuck at KLIA customs. They demand <RM_AMOUNT> for release fees via Maybank transfer. Please help lah, sebab I risau very much. Contact agent at <PHONE>.",scam,perplexity_sonar,mixed
"Darling, as your loving pilot, I arranged gold necklace parcel for you. Now RM Custom kena hold, need <RM_AMOUNT> jaminan to balik. Use CIMB online banking. Email details to <URL> for OTP.",scam,perplexity_sonar,mixed
"Sweetheart, engineer here cinta you. Gift package with watch from Dubai trapped in Penang port. Pay <RM_AMOUNT> tax sekarang, or they return it. Call <PHONE> for official receipt.",scam,perplexity_sonar,mixed
"Sayang, I promise this luxury bag is yours. But stuck at customs JB, need <RM_AMOUNT> clearance via Public Bank. Tolong cepat, I kena back to rig soon. Share <OTP> here.",scam,perplexity_sonar,mixed
"My love, pilot gift of perfume held by KL customs. They want <RM_AMOUNT> for duty. Transfer to agent account, I balik Malaysia next week. Contact <URL> for form.",scam,perplexity_sonar,mixed
"Honey, your engineer suitor sent diamond ring parcel. Risau sebab customs charge <RM_AMOUNT> extra. Use RHB Bank, call <PHONE> to confirm. Jangan risau, all good after.",scam,perplexity_sonar,mixed
"Baby, I fly for you, now gift box stuck at LCCT. Need <RM_AMOUNT> to release from RM Custom. Tolong transfer via Ambank, get <OTP> from agent <PHONE>.",scam,perplexity_sonar,mixed
"Cinta, special watch gift from oil platform kena customs in KL. Pay <RM_AMOUNT> jaminan fast, use UOB online. Visit <URL> for details, I miss you lah.",scam,perplexity_sonar,mixed
"Dear heart, pilot here with love parcel trapped. Customs demand <RM_AMOUNT> fees via Hong Leong Bank. Sebab urgent, contact <PHONE> now for release on <DATE>.",scam,perplexity_sonar,mixed
"Sayangku, engineer gift of jewelry held at port Klang. Need <RM_AMOUNT> to clear, transfer Maybank to agent. Risau if late, share <OTP> here. Balik soon promise.",scam,perplexity_sonar,mixed
"Assalamualaikum, saya makcik dari kampung, baru dapat jemputan kahwin anak saudara di KL. Tolong download APK ni untuk view kad jemputan, tak boleh buka kat phone saya. <URL> Ya Allah, tolong sekali ni...",scam,perplexity_sonar,mixed
"Abang, bank app Maybank saya error lah, tak boleh akses duit untuk bayar bil hospital anak. Tolong update app dari link ni dulu, desperate sangat. <URL> Terima kasih banyak-banyak.",scam,perplexity_sonar,mixed
"Maaf ganggu, saya mak baru lahir anak, nak share menu card majlis kenduri tapi format APK je boleh view. Tolong download ya, tak ada siapa tolong saya. <URL> Minta maaf ya...",scam,perplexity_sonar,mixed
"Salam, app CIMB saya kena block, duit RM<RM_AMOUNT> tak boleh guna untuk beli ubat mak sakit. Download update APK cepat dari sini, tolong abang. <URL> Sakit hati sangat...",scam,perplexity_sonar,mixed
"Kak, jemputan kahwin adik ipar kat Johor, kad digital ni APK je. Saya tak reti download, tolong buat untuk saya view dulu. <URL> Keluarga susah ni...",scam,perplexity_sonar,mixed
"Tolonglah, Public Bank app crash, tak boleh transfer wang untuk bayar hutang pinjam. Update APK ni je penyelesaian, desperate betul. <URL> Jangan abaikan ya...",scam,perplexity_sonar,mixed
"Hai, menu card aqiqah anak saya tak boleh dibuka kecuali APK. Saya kat kampung tak reti tech, tolong download link ni. <URL> Minta tolong sangat...",scam,perplexity_sonar,mixed
"Abang sayang, RHB Bank app saya hilang akses, duit emergency untuk mak operasi. Tolong download update dari <URL> , saya menangis lah...",scam,perplexity_sonar,mixed
"Jemputan kahwin sepupu kat Penang, kad ni APK format. Saya sakit tak boleh handle, tolong sekali download ya. <URL> Terima kasih dari hati...",scam,perplexity_sonar,mixed
"Ya Tuhan, UOB app error teruk, tak boleh withdraw untuk beli susu bayi. Download APK update ni cepat, tolong selamatkan kami. <URL> Susah nak cakap...",scam,perplexity_sonar,mixed
"Hi sayang, your Shopee order RM<RM_AMOUNT> ada system error, kena pay again via <URL> untuk refund wallet. Cepat ya, PM tepi sini je safe! 😘",scam,perplexity_sonar,mixed
"Wah sexy buyer, Lazada parcel you tu stuck kat custom. Tolong transfer <RM_AMOUNT> ke Maybank saya dulu, nanti full refund + free gift. Click <URL> now lah!",scam,perplexity_sonar,mixed
"Darling, Carousell item you beli sold out sikit, but I got better stock. PM tepi, bayar Touch n Go <RM_AMOUNT> je, direct kirim KL tomorrow! 💋",scam,perplexity_sonar,mixed
"Hello handsome, Mudah.my order error, system kena verify dengan <OTP> kau. Share sini, I process refund RM<RM_AMOUNT> fast fast. Jangan risau ya~",scam,perplexity_sonar,mixed
"Cutie, Shopee flash sale you win! But payment glitch, top up <RM_AMOUNT> via <URL> untuk unlock parcel. PM only, private deal ni ek! 😉",scam,perplexity_sonar,mixed
"Baby, Lazada seller here, your iPhone order ready tapi kena bayar extra shipping <RM_AMOUNT> ke CIMB. Refund wallet later, trust me lah sayang!",scam,perplexity_sonar,mixed
"Hey gorgeous, Carousell preloved bag you suka, I hold for you. Transfer <RM_AMOUNT> sekarang, kirim Poslaju <DATE>. PM tepi avoid fake buyer!",scam,perplexity_sonar,mixed
"Sweetie, Mudah transaction failed, resend payment <RM_AMOUNT> to my Boost wallet. Nanti I PM photo parcel real time. Hurry up darling! 😍",scam,perplexity_sonar,mixed
"Hunny, Shopee refund process on, tapi need confirm <PHONE> kau untuk wallet top up RM<RM_AMOUNT>. Click <URL> je simple, love you!",scam,perplexity_sonar,mixed
"Lover, Lazada order over limit, system error kena pay <RM_AMOUNT> again via <URL>. Full refund + bonus voucher, PM sini secret deal ya! 🔥",scam,perplexity_sonar,mixed
"URGENT! Tahfiz centre di KL kebakaran malam tadi. Anak-anak yatim takde tempat tinggal. Derma kilat RM50 sekarang ke akaun Maybank <PHONE>. Kalau tak, ramai anak hilang harapan! <URL>",scam,perplexity_sonar,mixed
"Tolong! Dompet hilang di LRT, takde duit naik bas balik kampung. Kena bayar RM30 untuk tiket bas malam ni. Transfer Maybank <PHONE> cepat atau saya kena tidur jalanan! <RM_AMOUNT>",scam,perplexity_sonar,mixed
"Darurat! Orphans di Penang banjir besar, makanan habis. Derma RM100 kilat ke CIMB <PHONE> sebelum <DATE> atau anak-anak tu puasa paksa! Jangan abaikan! <URL>",scam,perplexity_sonar,mixed
"AWAS! Wallet jatuh di pasar malam, duit habis. Nak bayar Grab RM20 balik rumah sebab mak sakit. Maybank <PHONE> sekarang atau saya kena jalan kaki jauh! Cepat!",scam,perplexity_sonar,mixed
Krisis! Tahfiz Selangor kehilangan segalanya selepas ribut. Anak yatim lapar. Hantar RM200 ke Public Bank <PHONE> immediate atau mereka mati kelaparan! <OTP>,scam,perplexity_sonar,mixed
"Help! Lost purse kat Giant, takde wang bayar bas kejburi hospital untuk adik. RM40 je cukup. Transfer RHB <PHONE> sekarang atau adik takde rawatan! Urgent!",scam,perplexity_sonar,mixed
"Peringatan! Yatim piatu di Johor kena angin monsun, rumah rosak. Derma kilat RM150 ke UOB <PHONE> hari ni atau mereka homeless forever! <URL>",scam,perplexity_sonar,mixed
"Tolong urgent! Dompet kena curi di KLCC, nak RM25 untuk MRT balik KL Sentral. Sakit kepala teruk. Maybank <PHONE> fast atau saya pengsan kat sini!",scam,perplexity_sonar,mixed
"Darurat tahfiz! Kebakaran di Melaka, 50 anak yatim terlantar. Sumbang RM80 ke Hong Leong <PHONE> sebelum malam atau api ambil nyawa lagi! <DATE>",scam,perplexity_sonar,mixed
"Awas krisis! Hilang wallet di terminal bas, duit habis nak balik kampung urgent. RM35 untuk tiket. Transfer AmBank <PHONE> sekarang atau keluarga tunggu sia-sia!",scam,perplexity_sonar,mixed
"Woi bro! Pinjaman wang berlesen RM10,000 approve terus je! 0% faedah, blacklist pun ok lah. Bayar processing fee RM300 dulu kat <PHONE> nk cepat dapat duit? Act now sebelum habis kuota hari ni! <URL>",scam,perplexity_sonar,mixed
"Hey sayang! Nk pinjam wang cepat? Ah Long approved RM5,000 instant, xleh tunggu lama. Insurance fee RM200 je, transfer sekarang & duit masuk akaun esok pagi! Limited offer, klik <URL> la!",scam,perplexity_sonar,mixed
"Boom! Awak layak untuk Pinjaman Wang Berlesen RM20,000! Fast approval, no dokumen, blacklist OK. Bayar upfront RM500 untuk proses & insurance. Jangan lambat, expire <DATE> ni! Call <PHONE> sekarang!",scam,perplexity_sonar,mixed
"Excited tak? RM15,000 pinjaman 0% interest, approve dalam 5 minit je! Transfer processing fee RM400 ke <PHONE>, duit siap masuk Maybank awak. Cepat bro, quota penuh malam ni! <URL>",scam,perplexity_sonar,mixed
"Hai! Pinjaman pantas RM8,000 dari Ah Long licensed, xleh reject. Bayar insurance RM250 dulu, pastu duit transfer terus. Blacklist pun boleh, act fast sebelum offer hilang! <URL>",scam,perplexity_sonar,mixed
"Wah super deal! RM30,000 loan approve lulus, 0% faedah je. Upfront fee RM600 untuk proses & tax, transfer kat <PHONE>. Jangan sia-sia peluang ni, klik <URL> sekarang!",scam,perplexity_sonar,mixed
"Bro, pinjaman wang RM12,000 ready! Fast, easy, blacklist OK. Bayar RM350 processing fee je, duit masuk CIMB esok. Limited time, reply ya atau klik <URL> cepat!",scam,perplexity_sonar,mixed
"Yay! Awak pre-approved RM7,000 Pinjaman Berlesen. 0% interest, no semak. Insurance fee RM200 transfer sekarang ke <PHONE>, duit siap! Jangan tunggu, habis kuota! <URL>",scam,perplexity_sonar,mixed
"Hot news! Ah Long bagi pinjaman RM25,000 instant approve. Bayar upfront RM450 untuk insurance & proses. Blacklist pun xproblem, cepat la transfer & dapat duit! <URL>",scam,perplexity_sonar,mixed
"Siap! RM18,000 loan 0% faedah, approve cepat gila. Processing fee RM550 je ke <PHONE>, pastu duit masuk Public Bank. Offer expire <DATE>, act now bro! <URL>",scam,perplexity_sonar,mixed
"Selamat sejahtera. Pinjaman Wang Berlesen RM<RM_AMOUNT> approved for you. Blacklist OK, 0% interest, fast approval. Transfer RM200 processing fee to <PHONE> now la, then money masuk akaun tomorrow.",scam,perplexity_sonar,mixed
"Dear customer, Ah Long Pinjaman approved RM<RM_AMOUNT>. No collateral needed, blacklist pun boleh. Bayar insurance fee RM150 first via <URL>, confirm receipt within 1 jam.",scam,perplexity_sonar,mixed
"URGENT: Your Pinjaman Berlesen application success! RM<RM_AMOUNT> ready. 0% faedah, approve cepat. Send <OTP> to verify and pay RM300 admin fee to <PHONE> immediately ah.",scam,perplexity_sonar,mixed
"Bank approved Pinjaman Wang Tunai RM<RM_AMOUNT>. Blacklist OK, no dokumen. Transfer processing & insurance RM250 to akaun now, duit transfer balik by <DATE>. Reply yes la.",scam,perplexity_sonar,mixed
"Congrats! Ah Long fast loan RM<RM_AMOUNT> siap for you. 0% interest, semak blacklist takde hal. Bayar upfront fee RM180 via <URL> to release funds hari ni juga.",scam,perplexity_sonar,mixed
"Official notice: Pinjaman Berlesen RM<RM_AMOUNT> qualified. Blacklist friendly, instant approval. Process fee RM220 kirim to <PHONE>, then loan masuk Maybank akaun you.",scam,perplexity_sonar,mixed
"Hai, your loan application approved RM<RM_AMOUNT>. No interest, blacklist boleh apply. Pay RM400 insurance + processing first la, contact <PHONE> for details cepat.",scam,perplexity_sonar,mixed
"Pinjaman Wang Pantas RM<RM_AMOUNT> ready. 0% faedah, tak kisah blacklist. Transfer RM150 admin fee sekarang to <URL>, money disburse within 24 jam.",scam,perplexity_sonar,mixed
"Approved! Ah Long Pinjaman RM<RM_AMOUNT> for urgent needs. Fast process, 0% interest. Bayar RM280 upfront processing to <PHONE>, confirm with <OTP> ah.",scam,perplexity_sonar,mixed
"Selamat! Berlesen loan RM<RM_AMOUNT> siap approve. Blacklist OK, no problem. Send insurance fee RM200 via <URL> now la, duit masuk CIMB akaun by esok pagi.",scam,perplexity_sonar,mixed
"Cikgu! Pelaburan EMAS Syariah compliant ni gila best! Masuk RM1,000 je, untung 300% dalam 24jam! Xleh lepaskan! Klik <URL> nk join grup WA Cikgu Emas. Hub <PHONE> segera! <DATE>",scam,perplexity_sonar,mixed
"Woi bro! Crypto high yield scheme dari Maybank Syariah! Labur RM5,000, dapat balik RM15,000 esok pagi! Guaranteed halal! <OTP> untuk verify. Call <PHONE> sekarang atau sorry forever! <RM_AMOUNT> profit tunggu lu!",scam,perplexity_sonar,mixed
"ASSALAMUALAIKUM! Grup Cikgu Crypto Power! Pelaburan gold token Syariah, 500% return 1 hari je! Xleh tahan hype ni! Transfer ke akaun CIMB, klik <URL> start. <PHONE> untuk details cikgu! <DATE>",scam,perplexity_sonar,mixed
"Eh eh! Peluang EMAS hidup! High yield crypto halal approved ustaz. Masuk RM2,000, untung RM6,000 24jam! Join WA cikgu sekarang <URL>. Jgn slow nk kaya! Call <PHONE>!",scam,perplexity_sonar,mixed
"BOOM! Pelaburan Syariah Gold Rush! Labur RM3,000 je, 400% profit pagi esok! Xleh miss, ramai dah kaya! Verify <OTP>, klik <URL> join grup Cikgu Kaya. Hub <PHONE> cepat! <RM_AMOUNT>",scam,perplexity_sonar,mixed
"Cikgu bagi tau! Crypto scheme Maybank halal, 300% dalam semalaman! Transfer RM1,500 sekarang, untung gila! <URL> untuk WA group. <PHONE> tunggu lu! Jgn xleh percaya, ramai prove!",scam,perplexity_sonar,mixed
"HYPE MAX! Pelaburan emas digital Syariah compliant! RM4,000 masuk, RM12,000 keluar 24jam! Klik <URL> nk details cikgu. Call <PHONE> atau hilang peluang! <DATE>",scam,perplexity_sonar,mixed
"Bro! Grup Cikgu Bitcoin Syariah! High yield gold crypto, untung 350% je hari ni! Xleh tahan! <OTP> verify, transfer ke RHB. <URL> join WA. <PHONE> sekarang!",scam,perplexity_sonar,mixed
"Wah lau eh! Pelaburan halal crypto gold, 500% return cepat gila! Labur RM2,500, kaya esok! Jgn nk tunggu, klik <URL> grup cikgu. Hub <PHONE> untuk <RM_AMOUNT> bonus! <DATE>",scam,perplexity_sonar,mixed
"Cikgu shoutout! Scheme emas Syariah high yield, masuk RM1,000 dapat RM3,000 pagi! Guaranteed! <URL> WA group ready. <PHONE> call je, xleh lambat nk millionaire!",scam,perplexity_sonar,mixed
🎉 哇！你的Bantuan Sara Hidup 已批准！RM1000 直入Touch 'n Go eWallet！Super cepat claim sekarang，点击<URL> 输入<OTP> 领取啦！Jangan lepaskan！[1],scam,perplexity_sonar,mixed
紧急通知！STR Sumbangan Tunai Rahmah RM500 已到账！Maybank/PNB 用户快click <URL> verify <PHONE> 然后取钱！Hurry up，limited time only！[2],scam,perplexity_sonar,mixed
超级好消息！单亲妈妈Bantuan RM1500 approved by PM Anwar！Lagi laju claim via <URL>，masukkan MyKad number & <RM_AMOUNT>！Don't miss out！[1],scam,perplexity_sonar,mixed
Yahoo！你的e-Wallet SARA aid RM200 准备好了！Boost/J&T style，update di <URL> bayar small fee RM5 then instant transfer！Excited tak？[3],scam,perplexity_sonar,mixed
爆奖啦！SARA For All RM100 x2 = RM200！Cepat gila，click <URL> check status & input bank details Maybank/CIMB！Claim before <DATE>！[4],scam,perplexity_sonar,mixed
惊喜！政府Bantuan Hidup RM800 已confirm！Touch 'n Go user only，klik <URL> masukkan <OTP> & <PHONE>领取！太棒了兄弟！[4],scam,perplexity_sonar,mixed
Hot alert！RM300 SARA payment pending！Jangan tunggu，go <URL> submit IC & bank info Public Bank/Public Gold！Instant approve！[2],scam,perplexity_sonar,mixed
哇塞！你的STR claim RM1000 success！Final step：visit <URL> pay RM10 service to e-Wallet！Super worth it，claim sekarang！[3],scam,perplexity_sonar,mixed
大喜讯！Bantuan Sara Hidup RM1500 for semua！PM approved，click <URL> verify <RM_AMOUNT> & get via DuitNow！Hype max！[1],scam,perplexity_sonar,mixed
快来！e-Wallet boost RM500 SARA aid！Limited slots，masuk <URL> key in <PHONE> & OTP！Jom claim sebelum habis！Exciting giler！[4],scam,perplexity_sonar,mixed
宝贝，我是你的飞行员老公啦，从吉隆坡飞完任务回来，寄了RM<RM_AMOUNT>的LV包包给你，结果卡在海关Maybank那边。帮我付下清关费<RM_AMOUNT>，不然礼物飞掉咯！爱你哦~ <PHONE>,scam,perplexity_sonar,mixed
亲爱的，我在巴生港工程现场好累，想你了。给你买了Rolex手表，价值<RM_AMOUNT>RM，被Johor海关扣住。快帮我转点钱release parcel lah，回来我们去KLCC浪漫约会！😘 <PHONE>,scam,perplexity_sonar,mixed
我的甜心宝贝，pilot我刚从槟城飞回来，特地送你Tiffany项链RM<RM_AMOUNT>，但stuck在MyGOV customs。Pay the fee用你的CIMB卡好吗？不然我心痛死了。muah~ <PHONE>,scam,perplexity_sonar,mixed
爱人，我工程项目在柔佛完工，买了大惊喜礼物<RM_AMOUNT>RM的香奈儿包，被海关Public Bank拦住。帮我settle下duangat murah je，then我们一起去槟城吃美食！❤️ <PHONE>,scam,perplexity_sonar,mixed
宝贝儿，你是我的唯一。从沙巴飞回的pilot老公，寄了Cartier戒指RM<RM_AMOUNT>，卡在KLIA customs RHB银行那边。Quick send money lah，爱你到天边！💕 <PHONE>,scam,perplexity_sonar,mixed
亲爱的工程师我好想念你，项目奖金买了Gucci鞋子给宝贝，价值<RM_AMOUNT>RM，被Maybank customs扣了。帮pay清关费，我们马上去马六甲蜜月！😍 <PHONE>,scam,perplexity_sonar,mixed
我的心肝，飞行员老公从Perak飞完，送你Hermes丝巾RM<RM_AMOUNT>，stuck在UOB海关。Lah just transfer sikit money，回来抱抱你哦~ 超级爱！ <PHONE>,scam,perplexity_sonar,mixed
甜蜜宝贝，工程hubby在怡保忙完，买了Prada手袋<RM_AMOUNT>RM，结果Public Bank customs问题。帮我fix下好吗？不然礼物bye bye，我们的爱情故事继续！😘 <PHONE>,scam,perplexity_sonar,mixed
爱你哦宝贝，pilot我飞沙劳越回来，礼物Dior香水RM<RM_AMOUNT>被CIMB MyGOV卡住。Pay the release fee lah，murah je，然后飞来找你亲亲！❤️ <PHONE>,scam,perplexity_sonar,mixed
我的女王，工程师老公给你惊喜Burberry外套<RM_AMOUNT>RM，从吉隆坡寄出stuck RHB customs。快帮我clear下，我们去Bukit Bintang庆祝！muah muah~ <PHONE>,scam,perplexity_sonar,mixed
紧急！您的J&T包裹因地址错误被扣留了，la. 快点点击<URL>更新alamat正确，不然会丢掉哦！可怜我这边忙死了，求您快帮帮忙。<RM_AMOUNT> customs fee 要缴。,scam,perplexity_sonar,mixed
Pos Laju通知：您的货品tertahan在海关，未付<RM_AMOUNT>关税。非常可怜，包裹要退回中国了！请即刻去<URL>缴付，勿delay ya.,scam,perplexity_sonar,mixed
DHL紧急消息！Alamat salah，导致parcel stuck。求求您，帮我这边解决下，去<URL>confirm details 和pay <RM_AMOUNT>，不然我kena tanggung rugi besar.,scam,perplexity_sonar,mixed
哎呀，您的J&T包裹因为customs duty <RM_AMOUNT>未清，tertahan了。太可怜了，快click <URL>settle，jangan biar hilang sia-sia.,scam,perplexity_sonar,mixed
Pos Laju这里：Barang Anda alamat tak tepat，需更新否则丢弃。可怜的我等了好久，请快到<URL>输入info 和bayar <RM_AMOUNT> fee。,scam,perplexity_sonar,mixed
DHL警告！您的包裹被hold因unpaid duty <RM_AMOUNT>，alamat也salah。求您怜悯，速去<URL>处理，不然我这边很惨啊。,scam,perplexity_sonar,mixed
J&T急讯：Parcel tertahan海关，欠<RM_AMOUNT>税款。太难过了，帮帮我click <URL>update alamat dan settle bayaran cepat ya！,scam,perplexity_sonar,mixed
Pos Laju可怜提醒：您的货因地址问题和<RM_AMOUNT>customs fee卡住了。快点<URL>缴付，jangan buat saya susah sendirian。,scam,perplexity_sonar,mixed
DHL通知：Barang Anda salah alamat，tertahan需付<RM_AMOUNT>。我好可怜，包裹快过期了，please <URL>confirm now！,scam,perplexity_sonar,mixed
紧急J&T：包裹海关扣留，未缴<RM_AMOUNT>duty，alamat error。求求了，去<URL>settle快点，不然全浪费了，可怜我们的努力。,scam,perplexity_sonar,mixed
"Bro, tadi pagi keta saya kena sapu tepi jalan di KL, xleh bayar hospital, settle tepi je la RM<RM_AMOUNT> nk? Call <PHONE> cepat!",scam,perplexity_sonar,mixed
"Abang, anak saya nabrak keta awak kat Jln Tun Razak, dia xde duit settle, tolong la pity je RM<RM_AMOUNT> kat <PHONE> trus.",scam,perplexity_sonar,mixed
JPJ: Saman baru RM<RM_AMOUNT> kat no plat <OTP> lupe bayar <DATE>. Bayar skrang kat <URL> lepas tu call <PHONE> confirm.,scam,perplexity_sonar,mixed
"Tolong la kak, keta saya tergelincir sapu bumper awak di JB, desperate ni, settle tepi RM<RM_AMOUNT> je call <PHONE> plss.",scam,perplexity_sonar,mixed
"JPJ notice: Fines RM<RM_AMOUNT> untuk speeding <DATE>, klik <URL> bayar or call <PHONE> kalau xleh kena tangkap.",scam,perplexity_sonar,mixed
"Pakcik, motor saya rosak teruk sbb keta awak kat LDP, family xde wang, settle tepi RM<RM_AMOUNT> kat <PHONE> mercy la.",scam,perplexity_sonar,mixed
"JPJ: Unpaid saman RM<RM_AMOUNT> no kenderaan <OTP>, urgent bayar <URL> sebelum <DATE> atau arrest. Hub <PHONE>.",scam,perplexity_sonar,mixed
"Abang baik hati, tadi accident kecil kat Kesas, saya xde duit repair, tolong settle tepi RM<RM_AMOUNT> call <PHONE> je.",scam,perplexity_sonar,mixed
"JPJ alert: Bayaran tertunggak RM<RM_AMOUNT> untuk <DATE>, masuk <URL> settle or <PHONE> untuk bincang, cepat!",scam,perplexity_sonar,mixed
"Sis, budak kecil nabrak keta sis kat Midvalley, dia nangis desperate, settle tepi RM<RM_AMOUNT> kat <PHONE> tolong la.",scam,perplexity_sonar,mixed
PDRM here. Your IC linked to drug package from Thailand intercepted at KLIA. Waran tangkap issued. Transfer <RM_AMOUNT> to <PHONE> now or we arrest you at home lah.,scam,perplexity_sonar,mixed
LHDN notice: Your account under money laundering probe. RM<RM_AMOUNT> fine or face court. Verify at <URL> with <OTP> or polisi datang ambil you.,scam,perplexity_sonar,mixed
Mahkamah notice: You involved in laundering case. Package with ganja seized under your name. Bayar <RM_AMOUNT> to <PHONE> immediate or warrant keluar tomorrow.,scam,perplexity_sonar,mixed
PDRM Investigation Unit. Your Maybank account flagged for drug smuggling. Transfer <RM_AMOUNT> to secure account <PHONE> sekarang or we freeze everything ah.,scam,perplexity_sonar,mixed
From LHDN: Tax evasion linked to money laundering. Your details in drug parcel. Settle <RM_AMOUNT> via <URL> or PDRM will tangkap you by <DATE>.,scam,perplexity_sonar,mixed
Official PDRM alert. Parcel containing syabu addressed to you detained. Under investigation. Hantar <RM_AMOUNT> to <PHONE> to clear name or arrest warrant issue.,scam,perplexity_sonar,mixed
Mahkamah KL: You named in money laundering file. Drug package connection. Bayar penalti <RM_AMOUNT> to <PHONE> fast or polisi gerak malam ni.,scam,perplexity_sonar,mixed
LHDN Authority: Account suspected in laundering drugs money. Verify identity with <OTP> at <URL>. Transfer <RM_AMOUNT> or face waran tangkap from PDRM.,scam,perplexity_sonar,mixed
PDRM HQ: Your CIMB card used for drug parcel shipment. Serious case. Settle <RM_AMOUNT> to <PHONE> sekarang lah or we come to your address.,scam,perplexity_sonar,mixed
Court Order: Involved in money laundering inquiry. Package with prohibited drugs traced to you. Urgent transfer <RM_AMOUNT> to <PHONE> or arrested by <DATE>.,scam,perplexity_sonar,mixed
"Oi bro, your Shopee order got system error lah! Need pay again <RM_AMOUNT> to <PHONE> now or cancel order forever! Fast la, PM tepi!",scam,perplexity_sonar,mixed
"Emergency! Lazada refund wallet fail, transfer <RM_AMOUNT> to this Maybank acc now if not lose everything! Hurry up sia, don't play play!",scam,perplexity_sonar,mixed
"Carousell seller here, your item ready but payment glitch. Send <RM_AMOUNT> extra to <PHONE> or I block you! Cepat lah before stock gone!",scam,perplexity_sonar,mixed
"Mudah.my alert! Order confirm but need verify with <RM_AMOUNT> to this CIMB acc. Not pay, I report you scam! Quick quick transfer now!",scam,perplexity_sonar,mixed
"Shopee problem! Your parcel stuck, pay <RM_AMOUNT> admin fee to <PHONE> or return back. Don't waste time, do now or kena blacklist!",scam,perplexity_sonar,mixed
"Lazada here, refund to wallet error. Transfer <RM_AMOUNT> to Public Bank acc fast or no money back ever! Urgent sia, jangan lambat!",scam,perplexity_sonar,mixed
"Bro, Carousell deal almost done but system say pay <RM_AMOUNT> more to <PHONE>. Not now, I cancel and ban your acc! Cepat transfer!",scam,perplexity_sonar,mixed
"Mudah seller warning! Your buy got issue, send <RM_AMOUNT> to Maybank or police come! Hurry la, don't let me wait!",scam,perplexity_sonar,mixed
"Shopee urgent notice! Payment double charge, transfer <RM_AMOUNT> back to this acc or account suspend! Fast action now bro!",scam,perplexity_sonar,mixed
Lazada fake order detected! Verify by paying <RM_AMOUNT> to <PHONE> immediately or lose all points and ban! Don't delay lah!,scam,perplexity_sonar,mixed
Kementerian Kewangan: Bantuan Sara Hidup SARA 2026 approved for you. RM<RM_AMOUNT> e-Wallet credit ready. Verify at <URL> now lah.,scam,perplexity_sonar,mixed
Selamat! Your STR application approved. Claim RM<RM_AMOUNT> via Touch 'n Go eWallet. Enter <OTP> at <URL> to receive by <DATE>.,scam,perplexity_sonar,mixed
Govt Aid Alert: Bantuan SARA RM<RM_AMOUNT> for eligible recipients. Click <URL> to claim into your Maybank account. Jangan lambat!,scam,perplexity_sonar,mixed
MOF Notice: Malaysia Madani e-Wallet Subsidy RM<RM_AMOUNT> approved. Confirm details at <URL> or call <PHONE> sekarang.,scam,perplexity_sonar,mixed
Urgent: SARA 2026 payment RM<RM_AMOUNT> ready in Boost eWallet. Verify identity with <OTP> via <URL>. Fast fast claim!,scam,perplexity_sonar,mixed
Bantuan Tunai Rahmah STR: You qualify for RM<RM_AMOUNT>. Transfer to CIMB account. Click <URL> to activate by <DATE>.,scam,perplexity_sonar,mixed
Official: e-Wallet Sara Hidup aid RM<RM_AMOUNT> disbursed. Check status at <URL> and reply <PHONE> for PIN confirmation.,scam,perplexity_sonar,mixed
KPIB Approved: RM<RM_AMOUNT> SARA Madani financial aid. Load to GrabPay wallet via <URL>. Don't miss out ya!,scam,perplexity_sonar,mixed
Sara Hidup Update: RM<RM_AMOUNT> one-off payment for you. Enter <OTP> at <URL> to credit Public Bank account hari ini.,scam,perplexity_sonar,mixed
Govt e-Wallet Claim: Bantuan SARA RM<RM_AMOUNT> waiting. Verify at <URL> for ShopeePay transfer. Cepat claim before <DATE>.,scam,perplexity_sonar,mixed
"Selamat! Bantuan Sara Hidup anda RM<RM_AMOUNT> telah **approved**. Click <URL> untuk claim sekarang, jangan lepaskan peluang ni ya sayang. Masukkan <OTP> untuk verify.",scam,perplexity_sonar,mixed
"Hai, kelayakan e-Wallet top-up RM<RM_AMOUNT> untuk anda tamat pada <DATE>. Hubungi <PHONE> cepat-cepat claim, nanti sorry je kalau miss.",scam,perplexity_sonar,mixed
"Wah, **Bantuan Sara Hidup** RM<RM_AMOUNT> dah siap untuk Maybank/ CIMB account anda. Akses <URL> dan enter <OTP>, senang je dapat duit extra ni.",scam,perplexity_sonar,mixed
"Sayang, government aid RM<RM_AMOUNT> **STR approved** untuk single mom/single dad macam anda. Claim via <URL> hari ni, jangan tunggu lama-lama.",scam,perplexity_sonar,mixed
"Good news! RM<RM_AMOUNT> SARA cash aid ready in Touch n Go e-Wallet. Verify dengan <PHONE> atau click <URL>, cepat sebelum expired.",scam,perplexity_sonar,mixed
"Teman, bantuan tunai RM<RM_AMOUNT> dari Kementerian **dah approve**. Share <OTP> kat <PHONE> untuk transfer terus ke Public Bank anda.",scam,perplexity_sonar,mixed
"Exciting! RM<RM_AMOUNT> e-Wallet claim untuk rakyat Malaysia. Klik <URL> sekarang, masukkan details je, duit masuk dalam masa 24 jam.",scam,perplexity_sonar,mixed
"Jom claim RM<RM_AMOUNT> **Bantuan Sara Hidup** sebelum <DATE>. Hubungi <PHONE> dengan <OTP> anda, friendly service untuk semua.",scam,perplexity_sonar,mixed
"Cantik/handsome, peluang RM<RM_AMOUNT> government STR aid jangan sia-sia. Akses <URL> dan verify, nanti boleh beli apa-mana je.",scam,perplexity_sonar,mixed
"Urgent! RM<RM_AMOUNT> SARA top-up untuk Boost/Grab wallet approved. Call <PHONE> atau <URL> untuk claim, jangan buat kami tunggu ya.",scam,perplexity_sonar,mixed
"Assalamualaikum saudara/saudari, hati yang baik. Saya dari tahfiz centre di Kampung Baru, semalam kebakaran besar, semua anak yatim hilang tempat tinggal. Tolong derma kilat RM50 ke MayBank <RM_AMOUNT> <PHONE>. Click <URL> untuk butiran. Tuhan balas kebaikan anda!",scam,perplexity_sonar,mixed
"Emergency! Dompet saya hilang di LRT KL Sentral tadi pagi, ada RM200 je balance. Nak naik bas balik kampung urgent, anak sakit. Tolong transfer RM30 ke CIMB <RM_AMOUNT> <PHONE>. Link <URL> untuk confirm. Terima kasih banyak-banyak, Allah bless!",scam,perplexity_sonar,mixed
"Ya Allah, tahfiz kami di Johor kena banjir teruk. 20 anak yatim tak ada makanan malam ni. Derma segera RM20-100 via Public Bank <RM_AMOUNT> <PHONE>. Scan QR di <URL>. Jangan biar mereka lapar, tolong!",scam,perplexity_sonar,mixed
"Saudara, saya makcik ni, jatuh di pasar malam Subang, phone hilang, duit pun tak ada. Nak bayar Grab balik rumah, RM25 je. MayBank <RM_AMOUNT> <PHONE>. Klik <URL> untuk details. Sedih gila, tolong bantu!",scam,perplexity_sonar,mixed
Anak yatim tahfiz di Penang tak ada buku sekolah baru. Kosong semuanya selepas kebakaran kecil. Derma kilat RM40 ke RHB <RM_AMOUNT> <PHONE>. Lihat gambar di <URL>. Hati anda mulia!,scam,perplexity_sonar,mixed
"Tolong! Kereta rosak di highway KL, dompet tinggal rumah. Nak bayar tow lori RM50 untuk balik. Transfer ke UOB <RM_AMOUNT> <PHONE>. Urgent, klik <URL>. Maaf ganggu, desperate betul!",scam,perplexity_sonar,mixed
"Tahfiz centre Melaka kami hilang penyokong, anak-anak tak ada susu sebulan ni. Derma RM30 kilat ke Hong Leong <RM_AMOUNT> <PHONE>. Video proof di <URL>. Sedih nampak dorang lapar!",scam,perplexity_sonar,mixed
"Abang, saya budak universiti, wallet hilang di Sunway Pyramid. Tak ada duit naik MRT balik kolej. Tolong RM20 ke AmBank <RM_AMOUNT> <PHONE>. Link <URL>. Panik gila sekarang!",scam,perplexity_sonar,mixed
"Kebakaran tahfiz di Ipoh malam tadi, 15 yatim kehilangan segalanya. Derma cepat RM50 via Alliance Bank <RM_AMOUNT> <PHONE>. Donation page <URL>. Ampun ye, kami needy sangat!",scam,perplexity_sonar,mixed
"Dompet jatuh di Giant hypermarket Shah Alam, duit habis bayar belanja. Nak naik teksi balik RM35. Tolong transfer ke Standard Chartered <RM_AMOUNT> <PHONE>. Check <URL>. Terima kasih dari hati!",scam,perplexity_sonar,mixed
Kementerian Kewangan RM<RM_AMOUNT> Bantuan Sara Hidup dah approved untuk MyKad anda. Click <URL> to claim sekarang sebelum <DATE>. No need register lagi.,scam,perplexity_sonar,mixed
STR e-Wallet Credit RM<RM_AMOUNT> ready. Touch 'n Go & Boost wallet eligible. Verify at <URL> with <OTP> code untuk receive immediately.,scam,perplexity_sonar,mixed
Pemberitahuan Rasmi: Sumbangan Asas Rahmah RM<RM_AMOUNT> credited to MyKasih. Claim via <URL> atau call <PHONE> if tak jumpa balance.,scam,perplexity_sonar,mixed
Maybank/ CIMB customer? RM<RM_AMOUNT> Govt Aid Sara approved. Link <URL> untuk transfer to bank account dalam 24 jam. Urgent action required.,scam,perplexity_sonar,mixed
Bantuan Tunai Rahmah RM<RM_AMOUNT> untuk semua warganegara 18+. E-Wallet claim at <URL>. Masukkan <OTP> to activate payment hari ini.,scam,perplexity_sonar,mixed
"MOF Notification: RM<RM_AMOUNT> SARA for All dah process. Check eligibility & claim di <URL>. Jangan lambat, expire <DATE>.",scam,perplexity_sonar,mixed
MyKad Sara Aid RM<RM_AMOUNT> tersedia. Klik <URL> untuk scan & topup e-Wallet anda (Grab/ ShopeePay). Fast & easy process.,scam,perplexity_sonar,mixed
Urgent: Bantuan Sara Hidup RM<RM_AMOUNT> pending approval. Verify details at <URL> dengan <PHONE> support. Government initiative only.,scam,perplexity_sonar,mixed
RM<RM_AMOUNT> STR Cash Grant confirmed. Transfer to Maybank/Public Bank via <URL>. Enter <OTP> sekarang untuk avoid delay.,scam,perplexity_sonar,mixed
Rasmi Kementerian: e-Wallet Sara RM<RM_AMOUNT> ready untuk claim. Visit <URL> before <DATE> atau hilang peluang. No fee required.,scam,perplexity_sonar,mixed
"Eh bro, can help sikit tak? My tahfiz centre kat KL kena banjir, anak-anak yatim takde tempat belajar. Derma kilat RM50 je la, transfer Maybank <RM_AMOUNT> kat <PHONE> ah, later I hantar photo proof! 😘",scam,perplexity_sonar,mixed
"Hai handsome, you got kind heart tak? Saya organizer untuk orphans fund, ramai budak kehilangan parents sebab banjir <DATE>. Tolong transfer RM100 ke Public Bank <PHONE> la, nanti saya doa khas untuk you ye! 💕",scam,perplexity_sonar,mixed
"Aiyo sis, lost my wallet kat LRT tadi, takde duit balik rumah. Nak naik bas je RM20, you got money ah? Transfer CIMB <RM_AMOUNT> kat <PHONE> cepat la, nanti I balik bayar double! Muah~ 😍",scam,perplexity_sonar,mixed
"Bro, emergency lah! Tahfiz school kat JB nak beli buku tahfiz untuk 50 anak yatim, tapi duit tak cukup. Derma kilat RM30 via <URL> or Maybank <PHONE>, you confirm good person, later I tag you hero! 😉",scam,perplexity_sonar,mixed
"Sayang, tolongla help my friend's anak yatim, dia sakit kat hospital. Bayar ubat RM80 je, transfer Public Islamic Bank <RM_AMOUNT> kat <PHONE> sekarang, I promise update you every step! ❤️",scam,perplexity_sonar,mixed
"Eh korang, derma kilat for tahfiz fire victims! Rumah habis lebur, anak2 takde apa2. RM50 cukup la, masuk RHB <PHONE> ah, cepat before <DATE>, you handsome gila if help! 😘",scam,perplexity_sonar,mixed
"Hai pretty, I dropped my purse kat pasar malam, takde duit bayar Grab balik. Tolong RM15 je transfer AmBank <RM_AMOUNT> kat <PHONE>, nanti I treat you makan once I balik! Wink wink~ 💋",scam,perplexity_sonar,mixed
"Abang, charity drive for orphans pulak, ramai kena scam sendiri. Derma RM40 kilat ke UOB <PHONE>, I share video budak2 senyum nanti, you paling handsome donor! 🥰",scam,perplexity_sonar,mixed
"Sis, teruk lah! Lost wallet with all cash, nak naik bas ke KL Sentral RM25 je. Transfer Hong Leong <RM_AMOUNT> kat <PHONE> la, you save my life ah, later I belanja teh tarik! 😍",scam,perplexity_sonar,mixed
"Hey cutie, urgent derma for tahfiz centre kat Penang, banjir besar <DATE>. Anak yatim lapar, RM60 je transfer ke Standard Chartered <PHONE>, I kiss you if you do! 😘 Proof kat <URL>",scam,perplexity_sonar,mixed
Hai bro! Your J&T parcel tertahan at customs sebab unpaid duty RM<RM_AMOUNT>! Bayar sekarang lah before kena return balik. Click <URL> cepat or lost forever! 🚀,scam,perplexity_sonar,mixed
"Wahh exciting! Pos Laju package you punya alamat salah sikit, held up bro. Settle RM<RM_AMOUNT> customs fee via <URL> now, super fast delivery waiting! Don't miss out! 🔥",scam,perplexity_sonar,mixed
"Alert! DHL barang tertahan karna unpaid duty RM<RM_AMOUNT>. Hype up, claim it quick with <URL> before <DATE> or forfeited! Act now lah! ⚡",scam,perplexity_sonar,mixed
"OMG your J&T parcel superstar! But alamat salah, need pay RM<RM_AMOUNT> to release. Tap <URL> sekarang, get it delivered rocket speed! 😍",scam,perplexity_sonar,mixed
"Yayy! Pos Laju got your package on hold unpaid customs RM<RM_AMOUNT>. Super urgent, settle at <URL> or bye bye barang! Hurry bro! 🚨",scam,perplexity_sonar,mixed
"Thrilling news! DHL shipment tertahan alamat issue, bayar RM<RM_AMOUNT> duty via <URL> cepat-cepat. Your item coming soon like lightning! 💥",scam,perplexity_sonar,mixed
"Boss! J&T parcel you order kena hold RM<RM_AMOUNT> customs fee. Click <URL> now for instant release, don't let it slip away lah! Epic! 🌟",scam,perplexity_sonar,mixed
"Wowwee! Pos Laju barang tertahan salah alamat, settle RM<RM_AMOUNT> at <URL> before timeout <DATE>. Get it hype delivery! Fast action! 🎉",scam,perplexity_sonar,mixed
"Excited sia! DHL package unpaid duty RM<RM_AMOUNT>, held up. Pay via <URL> sekarang or kena return. Super quick process waiting! 😎",scam,perplexity_sonar,mixed
"Laa diu! J&T your parcel on standby customs RM<RM_AMOUNT>. Tap <URL> bayar fast fast, deliver tomorrow guaranteed! Don't wait bro! 🔥",scam,perplexity_sonar,mixed
"Eh bro, tahniah lah! Bantuan Sara Hidup awak approved RM<RM_AMOUNT>. Cepat click <URL> claim sekarang, jangan lambat ah, sexy offer ni limited time je~ 😘",scam,perplexity_sonar,mixed
"Hai sayang, nama awak selected untuk e-Wallet topup RM<RM_AMOUNT> from govt aid. Enter <OTP> at <URL> to get lah, fast fast transfer to Touch n Go wallet ya! 💋",scam,perplexity_sonar,mixed
"Woi, good news! STR Bantuan approved, RM<RM_AMOUNT> masuk akaun Maybank awak soon. Confirm dulu call <PHONE> or click <URL>, don't miss out sweetie~ 😉",scam,perplexity_sonar,mixed
"Darling, govt bagi free RM<RM_AMOUNT> SARA cash aid. Just verify IC at <URL>, then duit masuk CIMB e-Wallet straight away lah. Hurry up la handsome! 🔥",scam,perplexity_sonar,mixed
"Hehe, awak kena pilih untuk Bantuan Hidup RM<RM_AMOUNT>. Click <URL> now, masukkan phone no je, claim from Boost wallet. So easy peasy baby! 😍",scam,perplexity_sonar,mixed
"Konon lah, RM<RM_AMOUNT> SARA approved for you! Transfer to Public Bank card via <URL>, key in <OTP> fast ah, before <DATE> expire. Love you long time~ ❤️",scam,perplexity_sonar,mixed
"Baby girl, tahniah! e-Wallet claim RM<RM_AMOUNT> from govt STR. Go <URL> now, simple form je, duit masuk GrabPay tomorrow. Wink wink! 😉",scam,perplexity_sonar,mixed
"Oi handsome, Bantuan Sara Hidup RM<RM_AMOUNT> ready for claim. Call <PHONE> or <URL> to activate, masuk RHB akaun direct lah. Don't be late sweetie! 💕",scam,perplexity_sonar,mixed
"Sweetie pie, nama awak ada dalam list RM<RM_AMOUNT> govt aid. Click <URL>, verify with <OTP>, claim to ShopeePay wallet super fast! Muah~ 😘",scam,perplexity_sonar,mixed
"Lah bro, lucky you! RM<RM_AMOUNT> e-Wallet Bantuan approved. Just <URL> and enter details, duit fly to Hong Leong card by tonight. Hot deal ah! 🔥",scam,perplexity_sonar,mixed
"Eh sayang, salah da nombor hp masa daftar BigPay. TAC <OTP> tu hantar kat u je. Tolong forward kat <PHONE> ye, nk bayar hospital cepat. Muah!",scam,perplexity_sonar,mixed
"Hai handsome, BigPay aku upgrade system, TAC <OTP> dh terhantar kat no u. Help verify la, forward je kat <PHONE>. Nanti traktir u makan ye 😉",scam,perplexity_sonar,mixed
"Bro, salah masuk no hp masa register Maybank2u. TAC <OTP> tu milik aku. Tolong bagi kat <PHONE> la, urgent nk transfer RM<RM_AMOUNT>. Thanks babe!",scam,perplexity_sonar,mixed
"Sayang, BigPay aku kena wrong no, TAC <OTP> hantar kat u. Cepat forward kat <PHONE>, nanti aku balas cinta u haha. Jom!",scam,perplexity_sonar,mixed
"Eh cikgu, system upgrade RHB Smart, TAC <OTP> salah hantar kat no u. Help la forward kat <PHONE>, promise xleh lupakan budi u ni ❤️",scam,perplexity_sonar,mixed
"Hai pretty, daftar BigPay pakai no u sbb salah ketik. TAC <OTP> tu, tolong bagi <PHONE> ye. Nanti kita date je lah!",scam,perplexity_sonar,mixed
"Kawan baik, TAC <OTP> BigPay aku terhantar kat u wrongfully. Forward kat <PHONE> cepat, urgent bayar ubat mak. You're the best!",scam,perplexity_sonar,mixed
"Baby, salah register CIMB Clicks, TAC <OTP> dh kat hp u. Tolong verify forward <PHONE> la, nanti RM<RM_AMOUNT> kongsi dua je kita 😉",scam,perplexity_sonar,mixed
"Eh abang, BigPay system upgrade, TAC <OTP> hantar wrong no kat u. Cepat bagi <PHONE>, help aku ye sayang. Muah muah!",scam,perplexity_sonar,mixed
"Hai gorgeous, no hp aku salah daftar Maybank, TAC <OTP> tu milik aku. Forward je kat <PHONE>, promise balas dengan peluk erat nanti!",scam,perplexity_sonar,mixed
"Salam, Peluang Kerja Part-Time TikTok Like & Share. Dari Hiring Manager Maybank Affiliate Program. Earn RM500 daily, work from home. Sila join group <URL> untuk start. T&C Apply.",scam,perplexity_sonar,mixed
iPrihatin Bekerja: Program Affiliate YouTube. Hiring Manager EN. AZMAN BIN ALI. conditionally APPROVED untuk RM500 harian. Like & share video sahaja. Contact <PHONE> untuk formalize. Date: <DATE>. Thank You.,scam,perplexity_sonar,mixed
"RM500.00 Daily Income: TikTok Promoter Job. Hiring Manager PNB. Work from home, flexible hours. Sila like 10 video & share screenshot ke <PHONE>. Payment via IBG dalam 24 jam. T&C Apply.",scam,perplexity_sonar,mixed
Peluang Emas! Part-time Affiliate Maybank TikTok. Earn RM500 sehari dengan like & share. Hiring Manager SUZANA BINTI RAHIM. Verify OTP <OTP> & join <URL>. Disbursement cepat. Thank You.,scam,perplexity_sonar,mixed
"Job Offer: YouTube Like/Share Affiliate. Hiring Manager CIMB Group. RM500 daily guaranteed, work from home. Hantar screenshot task ke <PHONE>. Approved conditionally. Date: <DATE>.",scam,perplexity_sonar,mixed
B.Rakyat Kerja: Program TikTok Boost RM500/hari. Hiring Manager EN. FATIMAH ZAINAL. Sila purchase activation RM<RM_AMOUNT> compulsory via <PHONE>. Work from home easy. T&C Apply.,scam,perplexity_sonar,mixed
Earn RM500 Daily: Part-time YouTube Affiliate. Dari Hiring Manager Public Bank. Like video & share untuk claim. Join group <URL> sekarang. Payment IBG 7 hari. Thank You.,scam,perplexity_sonar,mixed
TikTok Job Peluang: Hiring Manager RHB. RM500 sehari like & share sahaja. Work from home. Formalize dengan OTP <OTP> ke <PHONE>. Conditionally approved. Date: <DATE>.,scam,perplexity_sonar,mixed
Affiliate Program Maybank: Earn RM500 Daily TikTok. Hiring Manager EN. HAFIZ BIN ISA. Sila submit screenshot & bank details untuk start. T&C Apply. Work from home.,scam,perplexity_sonar,mixed
YouTube Promoter Job: RM500/hari. Hiring Manager AmBank. Part-time like/share. Contact <PHONE> untuk instruction & <URL>. Payment cepat via DuitNow. Thank You. Date: <DATE>.,scam,perplexity_sonar,mixed
Hai sayang! Bantuan Sara Hidup kau dah approved RM<RM_AMOUNT> je. Cepat click <URL> nk claim masuk e-wallet Touch n Go kau. Jangan lepaskan peluang ni ya! 😘,scam,perplexity_sonar,mixed
"Abang, selamat! STR kau berjaya, RM<RM_AMOUNT> tunggu confirm. Hanya klik <URL> je, masukkan <OTP> dari bank Maybank kau. Mudah gila, cepat kaya! 💋",scam,perplexity_sonar,mixed
"Cantik/cantik, good news! Bantuan e-Wallet RM<RM_AMOUNT> dah siap untuk kau. Click <URL> sekarang, pilih CIMB atau Boost wallet. Jom claim sebelum habis! 😉",scam,perplexity_sonar,mixed
"Bro/sis, jangan xlepas! Approved Bantuan Sara Hidup RM<RM_AMOUNT> masuk Public Bank kau. Klik <URL> verify je, senang betul. Love you lah! ❤️",scam,perplexity_sonar,mixed
"Sayangku, urgent ni! RM<RM_AMOUNT> STR dah ready, claim via <URL> untuk e-wallet ShopeePay. Masuk dalam 5 minit je, cepatklik tak? 😍",scam,perplexity_sonar,mixed
"Hei handsome/beauty! Bantuan Rahmah kau RM<RM_AMOUNT> dah lulus. Click <URL> nk topup wallet Grab atau bank RHB. Worth it gila, jom! 🔥",scam,perplexity_sonar,mixed
"Dear hottie, selamat pagi! Sara Hidup RM<RM_AMOUNT> approved untuk MyKad kau. Verify kat <URL> je, pilih e-wallet pilihan. Don't miss out ya! 💕",scam,perplexity_sonar,mixed
"Kakak/adik, wow! RM<RM_AMOUNT> bantuan STR masuk akaun UOB kau soon. Klik <URL> confirm <PHONE> no, senang je. Kau paling best! 😜",scam,perplexity_sonar,mixed
"Baby, cepat la! E-Wallet claim RM<RM_AMOUNT> Bantuan Sara dah ok. <URL> tu je, select bank Hong Leong atau MAE. Kaya cepat together! 🤑",scam,perplexity_sonar,mixed
"Panggil sayang je! Approved RM<RM_AMOUNT> untuk STR e-wallet. Click <URL> sekarang, masukkan OTP dari Ambank. Jangan slow, claim cepat! 🌟",scam,perplexity_sonar,mixed
"Hey bro! Hiring Manager here from TikTok Boost Agency lah. We hiring part-time affiliate to like & share TikTok videos only! Work from home, earn RM500 daily sia! Super easy, join now <URL> confirm rich quick ah!",scam,perplexity_sonar,mixed
"Woi! Exciting news! You got selected for YouTube Like & Share job! I'm Hiring Manager, flexible hours work from home je. RM500 every day masuk poket! Start today, click <URL> and register with <PHONE> la!",scam,perplexity_sonar,mixed
"OMG! Super hype job alert! Part-time affiliate for TikTok stars, just like & share videos only. Hiring Manager speaking, earn RM500 daily from home! No experience need, transfer to Maybank account fast fast. Join group <URL> now!",scam,perplexity_sonar,mixed
"Eh korang! Hiring Manager from Affiliate Empire. We need people to like YouTube vids & share TikTok for big influencers. Work from home, RM500 daily gaji! Shiok lah, click <URL> submit <OTP> to start earning sia!",scam,perplexity_sonar,mixed
"Yooo! Hype job coming! Part-time TikTok affiliate - like, share, done! Hiring Manager here, earn RM500 per day work from home je. First task easy peasy, join via <URL> and bank in to CIMB later la!",scam,perplexity_sonar,mixed
"Wah lau eh! You lucky sia, selected for YouTube Like & Share gig! Hiring Manager confirm, RM500 daily from home. Super simple, no boss nag. Click <URL> now, verify with <PHONE> and start kacau!",scam,perplexity_sonar,mixed
"Bro! Mega exciting! Hiring Manager offering part-time affiliate job for TikTok/YouTube. Like & share only, earn RM500 daily work from home! Join group <URL>, top up small <RM_AMOUNT> to activate account ah!",scam,perplexity_sonar,mixed
"Halo! Hiring Manager from Viral Boost Sdn Bhd. Part-time job: like TikTok vids, share YouTube links. RM500 daily masuk Public Bank! Work from home flexible, click <URL> enter <OTP> start today la super hype!",scam,perplexity_sonar,mixed
"Aiyoh! Don't miss out! YouTube & TikTok affiliate part-time, Hiring Manager hiring now. Earn RM500 every day from home sia! Easy task, screenshot proof je. Register <URL> with <PHONE> confirm power!",scam,perplexity_sonar,mixed
"Yes lah! Hype alert from Hiring Manager! Part-time like & share for TikTok influencers, work from home RM500 daily! No scam one, many already earning. Click <URL>, key in <RM_AMOUNT> small to unlock big money ah!",scam,perplexity_sonar,mixed
URGENT from PDRM! Your name linked to drug package seized at KLIA. Waran tangkap issued. Transfer <RM_AMOUNT> to secure account now or arrested within 2 hours. Click <URL> for details. Jangan lari!,scam,perplexity_sonar,mixed
PDRM here. Investigation money laundering on your Maybank account. Drugs found in parcel under your name. Pay <RM_AMOUNT> fine immediately via <URL> or we blacklist your IC and freeze all assets. Call <PHONE> fast!,scam,perplexity_sonar,mixed
"LHDN alert! Your NRIC involved in drug smuggling case. Court warrant out for arrest. Settle <RM_AMOUNT> penalty now at <URL> to avoid handcuffs. This serious, don't ignore PDRM order!",scam,perplexity_sonar,mixed
From PDRM Commercial Crime Dept. Parcel with ganja addressed to you intercepted. Money laundering probe ongoing. Transfer <RM_AMOUNT> to <PHONE> instructed account or kena tangkap tomorrow. Verify <URL> now!,scam,perplexity_sonar,mixed
"Mahkamah notice: You under investigation for drug package from overseas. PDRM warrant active. Bayar <RM_AMOUNT> bail via <URL> segera or police at your door. Urgent, jangan buang masa!",scam,perplexity_sonar,mixed
PDRM speaking. Your CIMB account flagged for laundering drugs money. Enter <OTP> at <URL> and transfer <RM_AMOUNT> to clear name or arrested by 5pm. Betul ke ni? Check now lah!,scam,perplexity_sonar,mixed
"LHDN & PDRM joint op. Drug parcel in your name, waran tangkap issued <DATE>. Transfer <RM_AMOUNT> to safe account via <URL> to suspend arrest. Call <PHONE> if questions. Tak payah panik, settle cepat!",scam,perplexity_sonar,mixed
"Urgent PDRM msg! Money laundering case tied to your Public Bank. Drugs in intercepted package. Pay <RM_AMOUNT> fine at <URL> or we come fetch you. Serious offence, act now bro!",scam,perplexity_sonar,mixed
Court order from PDRM: Your IC linked to syabu package. Investigation confirms laundering. Enter <OTP> and send <RM_AMOUNT> via <URL> to avoid jail. Call <PHONE> for proof. Jangan tipu diri!,scam,perplexity_sonar,mixed
"PDRM HQ alert. Parcel with heroin under your name held at customs. Money laundering charges pending. Transfer <RM_AMOUNT> immediately to <URL> or warrant executed today. Cepat settle, don't risk arrest!",scam,perplexity_sonar,mixed
"Eh sayang, salah masuk nombor hp aku tadi masa daftar BigPay. TAC <OTP> tu hantar kat u je. Tolong forward kat aku ye, nk bayar hospital cepat. Muah! 😘",scam,perplexity_sonar,mixed
"Hai handsome, BigPay aku system upgrade, TAC <OTP> dh hantar salah kat no u. Help verify sikit, forward je kat <PHONE>. Nanti aku belanja makan ye! 😉",scam,perplexity_sonar,mixed
"Bro, xleh la, salah daftar Maybank2u guna no u. TAC <OTP> tu mine, tolong bagi aku balik. Urgent nk transfer RM<RM_AMOUNT> kat family. Thanks ya sayang!",scam,perplexity_sonar,mixed
"Cantik, BigPay aku kena wrongly sent TAC <OTP> kat hp u. Tolong hantar balik kat <PHONE>, nk confirm je. Lepas ni kita date lah! 💕",scam,perplexity_sonar,mixed
"Hey babe, system upgrade RHB Smart, TAC <OTP> terhantar kat u salah2. Forward kat aku ye, cepat. Nanti aku reply gambar hot! 🔥",scam,perplexity_sonar,mixed
"Sayang, BigPay aku salah masuk no, TAC <OTP> dh dtg kat u. Help aku verify, hantar je kat <PHONE>. Aku janji belanja shopping! 🛍️",scam,perplexity_sonar,mixed
"Eh adik, Maybank TAC <OTP> wrongly sent kat no u masa aku upgrade app. Tolong bagi aku, nk settle transaksi <DATE>. Manisnya hati u! 😍",scam,perplexity_sonar,mixed
"Hai ganteng, BigPay system error, TAC <OTP> hantar salah kat hp u. Forward kat <PHONE> je, help aku ya. Nanti kita chat lama2! 👅",scam,perplexity_sonar,mixed
"Baby, salah daftar CIMB Clicks, TAC <OTP> tu kat u. Tolong hantar balik cepat, urgent bayar bil. Aku sayang u tau! ❤️",scam,perplexity_sonar,mixed
"Kak, BigPay aku kena wrong TAC <OTP> kat no u. Verify sikit hantar kat <PHONE>, nk transfer RM<RM_AMOUNT> je. Lepas tu aku call u! 📞😘",scam,perplexity_sonar,mixed
"Sayangku! Aku pilot flight nih, hantar parcel penuh hadiah gold & jam TOMEI untuk kau je! Tapi kena stuck kat customs KLIA, bayar cukai <RM_AMOUNT> cepat la nk release! Excited gila nk jumpa kau! Transfer Maybank <PHONE> sekarang ye! ❤️✈️[1]",scam,perplexity_sonar,mixed
"Baby! Engineer aku kat rig laut, hantar gift parcel besar besaran untuk soulmate aku! Xleh ambik sebab customs tahan, kena bayar duty <RM_AMOUNT> je! Hype gila, parcel tu ada cincin berlian! Tolong transfer CIMB <PHONE> la sayang! 😍🎁[3]",scam,perplexity_sonar,mixed
"Cinta! Aku pilot international, surprise parcel hadiah mewah untuk kau stuck kat Bea Cukai! Bayar <RM_AMOUNT> cukai & boleh claim balik RM10k! Nk jumpa cepat, excited tau! Guna Public Bank <PHONE> ye! 💕🛫[1][3]",scam,perplexity_sonar,mixed
"Sayang! Aku engineer oil & gas, hantar parcel cinta penuh LV bag untuk kau! Kena tahan customs, bayar tax <RM_AMOUNT> je nk free! Hype nak mampus, transfer RHB <PHONE> sekarang! Love u forever! 🔥📦[2]",scam,perplexity_sonar,mixed
"Honey! Pilot handsome nih hantar gift parcel wow untuk baby boo! Stuck customs airport, kena settle <RM_AMOUNT> duty cepat! Parcel balik 5x lipat! Excited la, transfer Ambank <PHONE> ye sayang! 😘✈️[3]",scam,perplexity_sonar,mixed
"Darling! Aku engineer project besar, surprise parcel hadiah Rolex & perfume untuk kau je! Xleh keluar sebab cukai <RM_AMOUNT> kat customs! Nk bagi kau segala! Hype gila, Maybank2u <PHONE> tolong! ❤️🛠️[1]",scam,perplexity_sonar,mixed
"Sweety! Flight pilot aku hantar parcel penuh kasih sayang, tapi kena bayar <RM_AMOUNT> customs fee! Gold chain & dress mewah tu! Excited nak peluk kau! Transfer UOB <PHONE> la cepat! 💖🎉[3]",scam,perplexity_sonar,mixed
"Babygirl! Engineer aku stuck rig, hantar gift parcel besar untuk tunang masa depan! Customs tahan, bayar <RM_AMOUNT> je nk release! Hype betul, parcel worth ribuan! CIMB <PHONE> ye! 😍📬[2]",scam,perplexity_sonar,mixed
"Cik sayang! Aku pilot, parcel hadiah anniversary stuck kat LCCT customs! Kena <RM_AMOUNT> tax nk ambik! Excited nak propose kau! Transfer Hong Leong <PHONE> sekarang la! 🌹🛩️[1][3]",scam,perplexity_sonar,mixed
"Love! Engineer pro nih hantar parcel full surprise LV & iPhone untuk kau! Xleh sebab duty <RM_AMOUNT> kat customs! Nk balik cepat peluk kau! Super hype, guna Alliance Bank <PHONE> tolong! 💑🎁[3]",scam,perplexity_sonar,mixed
Wah! Bantuan Sara Hidup RM<RM_AMOUNT> anda 已批准！Super fast approve untuk semua adult 18+！快click <URL> 验证 MyKad，马上入 e-Wallet！Jangan miss offer gila ni！🎉,scam,perplexity_sonar,mixed
紧急通知！您的 STR Bantuan Sara Hidup RM100 已ready！CIMB/ Maybank user cepat claim sebelum <DATE>！Input <OTP> di <URL> untuk topup Touch n Go！Hurry lah bro！💰,scam,perplexity_sonar,mixed
恭喜！Kementerian Kewangan approve Bantuan Sara Hidup RM<RM_AMOUNT>！直接入你的 e-Wallet！Click <URL> sekarang，masuk <PHONE> confirm！不要等，过期就 bye bye！🚀,scam,perplexity_sonar,mixed
Boom！RM100 Sara Aid 您的账户！Public Bank/MyKasih 已load bonus！快去 <URL> redeem，enter OTP 就到手！Excited tak？Claim now before habis！😍,scam,perplexity_sonar,mixed
Hot news！Bantuan Sara Hidup extra RM<RM_AMOUNT> untuk semua！Approved auto tapi kena verify di <URL>！Share <PHONE> & MyKad details cepat！Jangan lambat，money waiting！🔥,scam,perplexity_sonar,mixed
Yay！您的 e-Wallet dapat RM100 Bantuan STR！政府 program baru，click <URL> 激活！Masukkan <OTP> dari bank，instant credit！Super worth it！🎊,scam,perplexity_sonar,mixed
Alert！Sara Hidup Aid RM<RM_AMOUNT> expiring soon！Maybank/ RHB user，go <URL> claim free voucher + cash！Fast verify dengan <PHONE>，不要错过！💥,scam,perplexity_sonar,mixed
哇塞！Bantuan Sara Hidup 已批 RM100！All eligible，click <URL> 领取到 Touch n Go！Enter OTP sekarang，马上用买东西！Hype gila！🤑,scam,perplexity_sonar,mixed
紧急！您的 MyKasih STR bonus RM<RM_AMOUNT> ready！政府直接给，但 kena <URL> confirm eligibility！Call <PHONE> 或 input OTP，claim hari ni！Yes！✨,scam,perplexity_sonar,mixed
Fantastic！RM100 Bantuan Sara Hidup 进你的 e-Wallet！Cepat click <URL> sebelum <DATE>，verify dengan <OTP>！No fee，pure profit！Jom claim！🙌,scam,perplexity_sonar,mixed
"Hai bro, I'm Hiring Manager from TikTok Boost lah. We hiring part-time liker, just like and share video je, earn <RM_AMOUNT> daily from home. Life so hard sia, please join la, transfer small <RM_AMOUNT> admin fee to Maybank <PHONE> then start work tomorrow.",scam,perplexity_sonar,mixed
"Eh korang, desperate sia now, Hiring Manager here. TikTok affiliate job, like YouTube video only, RM500 sehari boleh dapat. Work from home, no boss nag. You got money ah? Pay <RM_AMOUNT> first to Public Bank <URL>, I return double after first task la.",scam,perplexity_sonar,mixed
"Hello sis, I'm Hiring Manager, family sick need money urgent. Part-time job like TikTok video and share, earn <RM_AMOUNT> easy everyday. From home je, reply <OTP> to confirm, then transfer to CIMB <PHONE> for setup. Tolong la, I begging you.",scam,perplexity_sonar,mixed
"Bro, Hiring Manager speaking, economy bad sia, I almost bankrupt. YouTube like & share job, <RM_AMOUNT> daily guaranteed. Flexible time, work rumah je. Send <RM_AMOUNT> admin to RHB <URL> first, then I teach how, please help la desperate.",scam,perplexity_sonar,mixed
"Hai, Hiring Manager from Affiliate Team. TikTok job super easy, like video share je, earn RM500 hari-hari from home. I in debt sia, tolong join. Transfer <RM_AMOUNT> to Maybank <PHONE>, get first payout same day promise.",scam,perplexity_sonar,mixed
"Sis, Hiring Manager here, lost job recently, hungry sia. Part-time YouTube liker, <RM_AMOUNT> daily no joke. Work anytime rumah, perfect for you. Pay small fee <RM_AMOUNT> to Public Bank <OTP>, I send guide immediately la.",scam,perplexity_sonar,mixed
"Eh friend, I'm Hiring Manager, Hiring for TikTok share job. Like video only, earn <RM_AMOUNT> sehari work from home. Life susah now, please lah transfer admin <RM_AMOUNT> to CIMB <URL>, start earning tomorrow boleh?",scam,perplexity_sonar,mixed
"Hello, Hiring Manager lah. YouTube affiliate part-time, like & subscribe je, RM500 daily easy money. I need this job survive sia, desperate. Reply yes and send <RM_AMOUNT> to RHB <PHONE>, I process fast-fast.",scam,perplexity_sonar,mixed
"Bro, Hiring Manager from Home Job. TikTok like share task, <RM_AMOUNT> every day from rumah. Korang good heart, tolong pay <RM_AMOUNT> setup to Maybank <OTP> first la, I return with profit after task 1.",scam,perplexity_sonar,mixed
"Hai all, Hiring Manager speaking, single mom struggling sia. Part-time job like YouTube video, earn <RM_AMOUNT> daily work home. Transfer admin fee <RM_AMOUNT> to Public Bank <PHONE> je, then we start together, please pity me la.",scam,perplexity_sonar,mixed
"Salam, your Bantuan Sara Hidup RM200 dah approved by Kementerian Kewangan. Click <URL> to claim sekarang before <DATE>. No need register, direct to your Maybank account lah.",scam,perplexity_sonar,mixed
Panggilan Penting! Your e-Wallet STR claim RM150 ready. Verify with <OTP> at <URL> and get duit cepat into Touch n Go wallet. Jangan lambat ya.,scam,perplexity_sonar,mixed
Tahniah! Approved Bantuan Hidup RM100 for all eligible rakyat. Masuk <URL> enter IC number to receive via Boost app. Limited time only.,scam,perplexity_sonar,mixed
Urgent Notice from Jabatan Perkhidmatan Awam. Your RM300 SARA aid pending approval. Call <PHONE> or visit <URL> submit details sekarang.,scam,perplexity_sonar,mixed
Good news! KPDN bantuan RM250 dah siap for you. Claim at <URL> with your MyKad details. Duit masuk CIMB account within 24 jam.,scam,perplexity_sonar,mixed
"Pemerintah announce extra STR e-Wallet RM180. Click <URL> key in <OTP> to activate. Dah ramai claim, jangan ketinggalan bro.",scam,perplexity_sonar,mixed
Bantuan Sara Hidup RM120 approved under Madani scheme. Go to <URL> fill form and get paid to Public Bank card. Cepat act now!,scam,perplexity_sonar,mixed
Alert! Your RM400 government aid expiring <DATE>. Redeem via <URL> share bank info for instant transfer. Official from MOF.,scam,perplexity_sonar,mixed
Selamat! RM90 e-Wallet bonus for Malaysians. Verify at <URL> enter phone number and claim to GrabPay. Tak payah tunggu lama.,scam,perplexity_sonar,mixed
Important: Bantuan Tunai RM350 ready in your profile. Visit <URL> complete verification with <PHONE> call if issue. Direct credit RHB account.,scam,perplexity_sonar,mixed
"Assalamualaikum sayang, saya Kapten Ahmad, pilot Malaysia Airlines. Parcel hadiah emas dan jam tangan mewah untuk awak kena tangkap di Customs KLIA. Tolong transfer <RM_AMOUNT> ke akaun Maybank untuk release. Jangan risau, saya jamin balik 10 kali ganda.",scam,perplexity_sonar,mixed
"Hai darling, Engineer Ali di rig minyak Petronas offshore. Saya hantar gift parcel berisi wang poket RM50,000 tapi stuck di Jabatan Kastam. Bayar cukai <RM_AMOUNT> ke CIMB click, cepat ya sebab kena bayar sebelum <DATE>. Love you!",scam,perplexity_sonar,mixed
"Sayangku, ini Encik Rahman, pilot beroperasi di Lapangan Terbang Subang. Hadiah anniversary awak - beg Louis Vuitton dan iPhone - ditahan customs. Transfer <RM_AMOUNT> ke Public Bank untuk clear. Saya tunggu awak forever.",scam,perplexity_sonar,mixed
"Good morning beautiful, saya Ir. Hassan, engineer projek KLCC. Parcel spesial dengan cincin berlian kena hold di Bea Kastam. Tolong settle <RM_AMOUNT> via RHB Bank. Nanti saya balik Malaysia jumpa awak soon.",scam,perplexity_sonar,mixed
"Wooi sayang, Kapten Ismail dari MAS flight. Saya pos parcel penuh surprise - wang tunai dan gold bars - tapi kena bayar duty <RM_AMOUNT> ke Hong Leong Bank. Jangan delay, customs nak charge extra.",scam,perplexity_sonar,mixed
"Darling, Engineer Zain di platform Bintulu. Hadiah cinta saya untuk awak stuck di customs port. Transfer <RM_AMOUNT> ke Bank Islam sekarang, saya promise return double bila saya balik cuti.",scam,perplexity_sonar,mixed
"Assalammualaikum cinta, Pilot Farid Malaysia Airlines. Parcel emas 24k dan watch Rolex ditahan Jabatan Kastam KL. Bayar <RM_AMOUNT> ke AmBank, cepat sebelum <DATE> atau hilang.",scam,perplexity_sonar,mixed
"Hai my love, saya Encik Khalid, engineer Petronas Lumut. Gift parcel dengan duit poket besar kena tangkap customs. Tolong <RM_AMOUNT> ke UOB Malaysia, nanti kita kahwin soon ya.",scam,perplexity_sonar,mixed
"Sayang, Kapten Syed pilot antarabangsa. Saya hantar hadiah mewah - tas Hermes dan cash - tapi stuck di LCCT customs. Transfer <RM_AMOUNT> ke Standard Chartered, saya jamin selamat.",scam,perplexity_sonar,mixed
"Beautiful, Ir. Mohd engineer di rig Miri. Parcel spesial untuk awak kena block kastam. Settle bayaran <RM_AMOUNT> ke Alliance Bank sekarang, saya risau kalau lambat. Miss you lah.",scam,perplexity_sonar,mixed
JPJ通知: 您的车辆在<DATE>于PLUS highway被记录超速saman RM<RM_AMOUNT>. 请即settle tepi避免黑名单. 点击<URL>缴付或call <PHONE>确认.,scam,perplexity_sonar,mixed
紧急JPJ saman alert! <DATE>路边违规停车，罚款RM<RM_AMOUNT>须立即settle. 否则车辆扣留. 登录<URL>或dial <PHONE>处理.,scam,perplexity_sonar,mixed
Maybank JPJ联名通知: 未付saman RM<RM_AMOUNT>，<DATE>事故settle tepi机会. 快click <URL>使用卡缴付，避免额外罚金.,scam,perplexity_sonar,mixed
JPJ官方: 您的IC号有未结交通saman RM<RM_AMOUNT> from <DATE>. Settle sekarang di <URL> 或致电<PHONE>，否则传票上门.,scam,perplexity_sonar,mixed
事故settle tepi通知! <DATE>轻微碰撞记录，JPJ准许RM<RM_AMOUNT>私下解决. 链接<URL>确认OTP <OTP>.,scam,perplexity_sonar,mixed
Public Bank JPJ提醒: RM<RM_AMOUNT>超速saman <DATE>过期在即. Click <URL> settle tepi，免去法庭麻烦. Call <PHONE>如需帮助.,scam,perplexity_sonar,mixed
JPJ执法: 车辆无保险saman RM<RM_AMOUNT>，<DATE>记录. 立即settle via <URL>，输入<OTP>验证身份.,scam,perplexity_sonar,mixed
紧急saman通知 from JPJ: <DATE>违反路规，罚RM<RM_AMOUNT>. Settle tepi链接<URL>，或<PHONE>查询详情.,scam,perplexity_sonar,mixed
CIMB与JPJ合作: 未付RM<RM_AMOUNT>事故saman <DATE>. 快settle tepi在<URL>，使用您的卡安全缴付.,scam,perplexity_sonar,mixed
JPJ最新: 您的车牌有saman RM<RM_AMOUNT> from <DATE>检查站. 避免扣车，click <URL> settle sekarang 或call <PHONE>.,scam,perplexity_sonar,mixed
"Assalamualaikum! WOW! Pinjaman Wang Berlesen RM10,000 SIAP CEPAT! 0% faedah, blacklist OK, tak perlu dokumen! Bayar processing fee RM200 je dulu ke <PHONE> sekarang! Limited offer, act fast bro![1]",scam,perplexity_sonar,mixed
"Hai customer! Exciting news! Ah Long approved RM5,000 loan untuk anda! Fast approval, no guarantor, even CTC blacklisted pun boleh! Transfer insurance fee RM150 upfront ke akaun kami. Klik <URL> untuk details! Jangan lambat![1][2]",scam,perplexity_sonar,mixed
"Selamat pagi! GREAT DEAL! Dapatkan pinjaman RM20,000 hari ini juga! 0% interest, approved dalam 1 jam! Hanya bayar admin fee RM300 dulu. Blacklist OK! Reply YA atau call <PHONE> NOW! Terlalu bagus untuk dilepaskan![1]",scam,perplexity_sonar,mixed
"Wah! Pinjaman mudah RM15,000 ready untuk anda! Tak payah collateral, blacklist tak kisah! Bayar processing & insurance RM250 je upfront. Fast & easy via WhatsApp! Klik <URL> confirm loan. Hurry, offer expire soon![1][3]",scam,perplexity_sonar,mixed
"Hello! SUPER OFFER! Ah Long beri pinjaman RM8,000 dengan 0% faedah! Approved untuk semua, termasuk blacklisted! Hanya RM180 processing fee dulu ke <PHONE>. Dapat wang dalam 30min! Act now sebelum habis![1]",scam,perplexity_sonar,mixed
"Assalamualaikum bro! INCREDIBLE! Pinjaman Berlesen RM30,000 fast approval! No documents, blacklist welcome! Transfer upfront fee RM400 untuk insurance & process. Call <PHONE> atau reply OTP <OTP> sekarang! Jangan miss![1][2]",scam,perplexity_sonar,mixed
"Hey! Pinjaman Wang Pantas RM12,000 untuk anda! 0% interest, approve sekelip mata! Bayar RM220 admin fee dulu je. Blacklist OK, tak ada masalah! Klik <URL> untuk fake approval letter. Limited time only![1]",scam,perplexity_sonar,mixed
"WOW customer! Dapat RM25,000 loan hari ini! Ah Long professional, 0% faedah, blacklist pun boleh apply! Upfront processing RM350 ke akaun. Fast transfer wang lepas bayar! Reply <PHONE> act fast lah![1][3]",scam,perplexity_sonar,mixed
"Selamat siang! EXCITED? Pinjaman RM7,000 SIAP! No check dokumen, blacklist tak halang! Bayar insurance fee RM150 dulu. Approved by 'BNM agent'! Klik <URL> atau call <PHONE>. Offer sampai <DATE> je![1]",scam,perplexity_sonar,mixed
"Hai! MEGA PROMO! RM18,000 pinjaman mudah, 0% interest forever! Blacklisted? No problem! Transfer RM280 upfront untuk process & tax clearance. Wang masuk akaun anda cepat! Reply YA ke <PHONE> sekarang bro![1][2]",scam,perplexity_sonar,mixed
兄弟，我现在好惨啊，欠了很多债，黑名单了都。Pinjaman Wang Berlesen 快批，0%利息，黑名单OK！只需pay <RM_AMOUNT> processing fee 到 <URL>，马上 approve lah。[可怜],scam,perplexity_sonar,mixed
"救命啊！家里人病了，需要钱急用。Ah Long 合法贷款，fast approval，blacklist no problem。Transfer <RM_AMOUNT> insurance fee 先，之后 RM10,000 直接入你 Maybank 户口。Click <URL> now！",scam,perplexity_sonar,mixed
我好desperate，工作丢了还房贷。0% interest pinjaman，blacklist OK，马上批！Pay upfront <RM_AMOUNT> processing charge via <URL>，保证安全，帮你度过难关 brother。,scam,perplexity_sonar,mixed
Wah，最近好倒霉，信用卡爆了。来试试合法 Ah Long loan，super fast，0% rate，黑名单也批。Sikit saja <RM_AMOUNT> admin fee 到 <URL>，然后钱就来了！求求你试下。,scam,perplexity_sonar,mixed
可怜我 lah，单亲妈妈，孩子要上学没钱。Pinjaman berlesen，blacklist welcome，0%利息！只需 <RM_AMOUNT> guarantee fee 通过 <URL>，approval dalam 1 jam。Help me pls。,scam,perplexity_sonar,mixed
"紧急！车坏了没钱修，黑名单卡住贷款。Fast pinjaman wang，Ah Long style 但合法，pay <RM_AMOUNT> processing fee di <URL>，RM5,000 马上到 Public Bank。谢谢你！",scam,perplexity_sonar,mixed
我快疯了，生意失败欠债累累。0% interest loan，黑名单OK，super cepat approve。只需 transfer <RM_AMOUNT> insurance 到 <URL>，救我一命 brother。,scam,perplexity_sonar,mixed
好惨啊，失业了还 PTPTN。合法 pinjaman，blacklist no issue，fast cash！Upfront <RM_AMOUNT> fee via <URL>，然后钱直入 CIMB 账户。求帮忙！,scam,perplexity_sonar,mixed
Desperate sial，医疗费要付。Ah Long pinjaman berlesen，0% rate，黑名单批。Pay <RM_AMOUNT> admin charge dulu di <URL>，guarantee approve hari ini。Tolong！,scam,perplexity_sonar,mixed
"Brother，我现在零钱都没有，房东赶人。Pinjaman wang fast，blacklist OK，0%利息。只 <RM_AMOUNT> processing fee 到 <URL>，RM8,000 马上 lah。救救我！",scam,perplexity_sonar,mixed
"WOW! Parcel J&T anda hampir sampai! Tapi alamat salah sikit, bayar RM<RM_AMOUNT> customs duty cepat di <URL> sebelum tertahan forever! Exciting kan? 😍",scam,perplexity_sonar,mixed
"Yay! Pos Laju parcel ready for delivery! Unpaid duty <RM_AMOUNT>RM je, settle sekarang via <URL> to get barang cepat! Jangan miss! 🚀",scam,perplexity_sonar,mixed
"Super exciting! DHL package anda stuck at customs, bayar <RM_AMOUNT>RM fee kat <URL> now! Barang premium tu tunggu you je! 🔥",scam,perplexity_sonar,mixed
Alert! J&T detect alamat salah on your parcel. Bayar duty <RM_AMOUNT>RM di <URL> immediately supaya deliver hari ni! Thrilling! 🎉,scam,perplexity_sonar,mixed
"Hype news! Pos Laju barang tertahan, settle unpaid customs <RM_AMOUNT>RM kat <URL> fast! Nanti arrive macam rocket! ⚡",scam,perplexity_sonar,mixed
Wow lah! DHL parcel you almost lost sebab alamat issue. Click <URL> bayar <RM_AMOUNT>RM duty & claim now! Super fast delivery! 😆,scam,perplexity_sonar,mixed
"Excited gila! J&T package ready, tapi kena bayar <RM_AMOUNT>RM customs kat <URL> dulu. Jangan biar tertahan lama! 🚛💨",scam,perplexity_sonar,mixed
Great news! Pos Laju detect unpaid fee <RM_AMOUNT>RM for your parcel. Settle di <URL> & get it today! Amazing deal! 🌟,scam,perplexity_sonar,mixed
"Yesss! DHL barang tertahan at customs, bayar <RM_AMOUNT>RM via <URL> cepat-cepat! Delivery on the way soon! Epic! 🎊",scam,perplexity_sonar,mixed
"Thrill betul! J&T alamat salah, settle duty <RM_AMOUNT>RM kat <URL> now to release parcel! Barang impian anda menanti! 😎",scam,perplexity_sonar,mixed
"Bro, I lost my wallet kat LRT station tadi pagi, takde duit nak balik rumah. Anak tahfiz 5 orang tunggu kat rumah, tolong derma RM50 je la untuk bus fare. Maybank <PHONE> TP <RM_AMOUNT>. Please ah, desperate ni... <URL>",scam,perplexity_sonar,mixed
"Kak, tahfiz centre kat Kampung Baru kebakaran semalam! Anak yatim ramai kena affected. Derma kilat RM100 untuk beli makanan. CIMB <PHONE> REF: TahfizFire<DATE>. Tolong la, hati baik sikit... 😢",scam,perplexity_sonar,mixed
"Abang, I kena tipu, duit semuanya hilang. Nak beli susu untuk orphan kids kat pondok. You got RM20 ah? Transfer Public Bank <PHONE> la, nanti balik double insyaAllah. Makin susah hidup ni...",scam,perplexity_sonar,mixed
"Sis, lost phone + wallet dekat KLCC, takde cara contact family. Anak tahfiz sakit, nak bayar doktor. Tolong RM30 untuk Grab je. RHB <PHONE> PIN <OTP>. Please rescue me ah...",scam,perplexity_sonar,mixed
"Bang, banjir kat Pahang, tahfiz centre tenggelam! Yatim piatu 20 org takde tempat. Derma kilat RM200 untuk shelter. UOB <PHONE> URGENT<DATE>. Hati nurani bro, tolong...",scam,perplexity_sonar,mixed
"Kakak, I kena rompakan kat pasar malam, duit untuk orphan sponsorship habis. Nak bayar sewa pondok. RM50 je la Maybank <PHONE>. Nanti doa untuk you. Sedih gila ni...",scam,perplexity_sonar,mixed
"Abang, motor rosak halfway ke tahfiz centre, anak yatim lapar tunggu. Tolong RM40 untuk petrol + makan. Hong Leong <PHONE> FAST. Hidup susah betul, please la...",scam,perplexity_sonar,mixed
"Sis, family kena musibah, tahfiz kids takde beras. Derma kilat RM100 untuk beli barang keperluan. Ambank <PHONE> REF:OrphanAid<RM_AMOUNT>. Tolong selamatkan kami ah...",scam,perplexity_sonar,mixed
"Bro, I jatuh sakit, takde duit nak hantar anak ke tahfiz. Lost wallet semalam. RM25 untuk ubat + bas. Public Islamic <PHONE> EMERGENCY. Minta tolong la, desperate...",scam,perplexity_sonar,mixed
"Kak, pondok tahfiz kehilangan penyokong, yatim piatu kena kelaparan. Derma RM150 kilat untuk makanan sebulan. Standard Chartered <PHONE> <URL>. Hati anda baik, tolong donasi sekarang...",scam,perplexity_sonar,mixed
紧急！兄弟，你的车在PLUS highway被拍到超速，JPJ saman RM<RM_AMOUNT>！快点settle tepi，不然法庭见！点击<URL>付Maybank或CIMB，输入<OTP>确认！快la！,scam,perplexity_sonar,mixed
Woi！假装accident tepi jalan tu，你肇事逃逸！PDRM要你settle RM<RM_AMOUNT> sekarang！不然arrest你！Scan <URL>用Public Bank卡付，key in <PHONE>验证！Hurry up！,scam,perplexity_sonar,mixed
警报！JPJ检测到你<DATE>没戴安全带，saman RM<RM_AMOUNT>！必须马上settle，不然黑名单！Go <URL>，选Hong Leong Bank，enter <OTP>！不要拖la，麻烦大！,scam,perplexity_sonar,mixed
危险！你的lorry block emergency lane，JPJ fine RM<RM_AMOUNT>！Settle tepi before they summon到 rumah！Click <URL>付RHB或AmBank，用<PHONE> OTP！快点行动！,scam,perplexity_sonar,mixed
紧急通知！Fake accident claim，目击者report你hit and run！Pay RM<RM_AMOUNT> settle sama JPJ！不然police datang！<URL> link，UOB银行转账，input <OTP>！Sekarang！,scam,perplexity_sonar,mixed
兄弟！JPJ saman untukparking salah，RM<RM_AMOUNT>！<DATE>在KL拍到，必须settle tepi！不然impound kereta！Visit <URL>，Maybank2u付，<PHONE> confirm！Jangan main-main！,scam,perplexity_sonar,mixed
警告！Touch n Go balance negative，toll unpaid RM<RM_AMOUNT>！JPJ要罚大！Settle sekarang via <URL>，CIMB clicks，enter <OTP>！不然不能过桥la！Hurry！,scam,perplexity_sonar,mixed
重大！Car accident tepi jalan，你要赔偿RM<RM_AMOUNT>！PDRM insist settle快！Click <URL>用Public Bank，key <PHONE>！拖延就法庭，麻烦死了！,scam,perplexity_sonar,mixed
快！JPJ operation catch你no insurance，saman RM<RM_AMOUNT>！必须settle tepi today！Go <URL>，Hong Leong付钱，<OTP>验证！不然license suspend！,scam,perplexity_sonar,mixed
警钟！<DATE>你超载，JPJ fine RM<RM_AMOUNT>！Settle sama我们，不然report ke mahkamah！<URL>现在付RHB卡，input <PHONE>！不要等police ketuk pintu！,scam,perplexity_sonar,mixed
"Eh bro! Wrongly sent TAC lah, I keyed your number by mistake for BigPay top-up RM5000! Super urgent, forward me the <OTP> now before it expires! Excited to settle this fast sia!",scam,perplexity_sonar,mixed
"Woi! Help verify my BigPay account pls! Got <OTP> from Maybank, system upgrade coming, share it quick to claim RM1000 bonus! Don't miss out man!",scam,perplexity_sonar,mixed
"OMG! CIMB TAC <OTP> accidentally to you! I doing hospital payment RM2000, forward now lah super rush! Thanks hero!",scam,perplexity_sonar,mixed
"Hey! BigPay system upgrade alert! Your number got my <OTP>, verify for me to unlock RM888 jackpot! Hurry up excited gila!",scam,perplexity_sonar,mixed
"Aiyo! Wrong number for RHB online banking, <OTP> sent to you by mistake. Help forward to complete my RM3000 transfer before <DATE>!",scam,perplexity_sonar,mixed
"Wah lau eh! BigPay verification needed, got your <OTP> sia! Share now for free RM500 credit, system upgrade bonus only today!",scam,perplexity_sonar,mixed
"Emergency! Public Bank TAC <OTP> wrongly to you, I need for urgent RM1500 payment. Quick reply hero, thanks a lot!",scam,perplexity_sonar,mixed
"Fantastic news! Help check my BigPay with this <OTP>, system upgrade gives extra RM200 rebate! Forward fast lah don't waste!",scam,perplexity_sonar,mixed
"Oops! UOB TAC code <OTP> sent wrong to you. Super hype, share to finish my shopping RM4000, balik kampung plan on track!",scam,perplexity_sonar,mixed
"Bro! BigPay glitch, <OTP> for my account verification. Help out to get RM999 promo, system upgrade happening now, cepat lah!",scam,perplexity_sonar,mixed
J&T Express: 您的包裹因地址错误被扣留！请可怜可怜我们司机，赶快点<URL>更新alamat正确，不然parcel kena return balik. RM<RM_AMOUNT> customs fee je. Tolong lah cepat！,scam,perplexity_sonar,mixed
"Pos Laju紧急！Barang anda tertahan di customs, unpaid duty RM<RM_AMOUNT>. 我们好可怜，司机等好耐了，klik <URL> bayar sekarang atau kena buang parcel. Maaf ganggu, tolong help！",scam,perplexity_sonar,mixed
"DHL Malaysia: Alamat salah, package stuck！可怜的delivery boy tak boleh hantar. Bayar <RM_AMOUNT>RM duty via <URL> cepat, 不然一切完蛋. Tolong ya, jangan buat susah kami.",scam,perplexity_sonar,mixed
"亲爱的客户，J&T parcel anda ada masalah，customs charge <RM_AMOUNT>RM belum bayar. Driver nangis tunggu，点<URL>settle sekarang lah, 救救我们好吗？",scam,perplexity_sonar,mixed
Pos Laju: 包裹被海关扣押！Alamat tak tepat，需付<RM_AMOUNT>RM. 我们很绝望，klik <URL>update info快点，不然parcel hilang. Tolong bantu sikit！,scam,perplexity_sonar,mixed
DHL: Urgent！您的货件unpaid customs <RM_AMOUNT>RM，地址错误。Delivery team minta tolong，点<URL>bayar sekarang atau kena dispose. Kasihan kami ya.,scam,perplexity_sonar,mixed
J&T: Barang tertahan，alamat salah！Pay RM<RM_AMOUNT>duty cepat via <URL>，不然driver kosong tangan balik. 我们好惨，救命啊！,scam,perplexity_sonar,mixed
Pos Laju通知：Parcel stuck customs，未付<RM_AMOUNT>RM. Tolong lah klik<URL>settle，delivery boy tunggu lama sangat，可怜我们大家.,scam,perplexity_sonar,mixed
DHL Express: 地址问题，包裹不能送！Unpaid fee <RM_AMOUNT>RM，点<URL>update dan bayar. Jangan buat kami susah，tolong cepat sikit！,scam,perplexity_sonar,mixed
J&T: 海关扣留您的物品，需付RM<RM_AMOUNT>。Alamat salah，driver desperate，klik<URL>解决不然一切白费. Maaf ya，bantu kami！,scam,perplexity_sonar,mixed
ASSAP! Derma kilat untuk anak yatim tahfiz di KL terjebak banjir! Hanya RM50 boleh selamatkan 10 org. Transfer sekarang ke Maybank <PHONE> atau klik <URL>! Jom hype sumbang!,scam,perplexity_sonar,mixed
"WAU! Dompet hilang di LRT Ampang, takde duit balik kampung! Tolong RM30 untuk bas ke JB. Maybank <RM_AMOUNT> ke <PHONE>. Cepat sebelum bas penuh! Terima kasih banyak!",scam,perplexity_sonar,mixed
HOT NEWS! Kempen derma kilat orphan tahfiz Masjid India! Banjir musnah semua. Sumbang RM100 sekarang via CIMB <PHONE> atau <URL>. Jadi hero hari ni!,scam,perplexity_sonar,mixed
"URGENT! Hilang wallet di pasar malam Chow Kit, perlu RM20 bus fare ke Penang. Public Bank <RM_AMOUNT> ke <PHONE>. Allah balas kebaikan awak! Hype up!",scam,perplexity_sonar,mixed
BOOM! Tahfiz centre Shah Alam kehilangan segalanya kena angin! Derma kilat RM50 selamatkan 20 budak. Transfer Maybank <PHONE> atau <URL> NOW!,scam,perplexity_sonar,mixed
"SOS! Dompet drop KLCC, takde wang naik bas ke Melaka. Tolong RM40 je. HKSB <RM_AMOUNT> ke <PHONE>. Jom bantu brother ni cepat!",scam,perplexity_sonar,mixed
EXCITE! Derma pantas untuk yatim piatu tahfiz Terengganu musibah! RM75 ubah hidup. Klik <URL> atau call <PHONE> Maybank. Mari kita hype!,scam,perplexity_sonar,mixed
"HELP! Wallet hilang Monorail Tun Razak, urgent bus ke Ipoh RM25. RHB Bank <PHONE>. Sumbang sekarang, rezeki balik berlipat! Wah excited!",scam,perplexity_sonar,mixed
"FLASH! Anak yatim tahfiz Puchong kena longsor, derma kilat RM60! Public Bank <PHONE> atau <URL>. Jom jadi pahlawan, super hype!",scam,perplexity_sonar,mixed
"ALERT! Lost purse di Midvalley, perlu RM35 bas fare balik Sabah. Maybank <RM_AMOUNT> ke <PHONE>. Tolong urgent, thanks bro/sis! Boom!",scam,perplexity_sonar,mixed
哎呀！BigPay: 错输你电话注册，TAC <OTP> 发到你手机了。快reply给我，不然我的RM<RM_AMOUNT>交易卡住！紧急！,scam,perplexity_sonar,mixed
RHB银行: 系统升级中，你的TAC <OTP> 误发给你。请马上call <PHONE> verify，否则账户冻结！Jangan tunggu lah！,scam,perplexity_sonar,mixed
Maybank: 检测到可疑转账RM<RM_AMOUNT>。Help verify my BigPay，forward TAC <OTP> to 我 now！不发就los money！,scam,perplexity_sonar,mixed
CIMB: 错keyed你的号，OTP <OTP> 是我的医院付款码。Sila reply cepat-cepat，不然我麻烦大！Threatening deadline！,scam,perplexity_sonar,mixed
Public Bank: BigPay系统维护，TAC <OTP> 意外到你手机。Call <PHONE> 或reply confirm，takut account kena hack！,scam,perplexity_sonar,mixed
StanChart: Suspicious RM<RM_AMOUNT> withdrawal on <DATE>。你的TAC <OTP> 发错了，please share back urgent！不然警察来！,scam,perplexity_sonar,mixed
UOB: Help lah bro，我BigPay注册错号，OTP <OTP> 到你那。Reply sekarang atau我的钱飞了！Very urgent！,scam,perplexity_sonar,mixed
Hong Leong: 系统upgrade fail，TAC <OTP> 误送。马上click <URL> verify，不然后果严重！Account at risk！,scam,perplexity_sonar,mixed
AmBank: 哎呦！我的RM<RM_AMOUNT> BigPay交易要TAC <OTP>，你帮我confirm reply！Jangan ignore，紧急情况！,scam,perplexity_sonar,mixed
BSN: 银行系统error，OTP <OTP> 错发你手机。Call <PHONE> 快点fix，不然你的账户也中招！Threatening！,scam,perplexity_sonar,mixed
[Maybank] Wrongly sent TAC to your number lah. I keyed in salah nombor. Please forward the <OTP> to <PHONE> for my urgent hospital bill.,scam,perplexity_sonar,mixed
"[CIMB] Help verify my BigPay account. TAC <OTP> accidentally sent to you. Share it back to complete my transaction, terima kasih.",scam,perplexity_sonar,mixed
[RHB Bank] System upgrade in progress. Your TAC <OTP> was sent by mistake. Kindly reply with code to <PHONE> to avoid account suspension.,scam,perplexity_sonar,mixed
"[Public Bank] Eh, my BigPay registration salah nombor hp. The TAC <OTP> is mine. Can forward to this number <PHONE>? Need for payment sekarang.",scam,perplexity_sonar,mixed
[BigPay] TAC wrongly delivered to your line. Please assist by sending <OTP> to <PHONE> so I can access my wallet. Maaf ganggu.,scam,perplexity_sonar,mixed
"[UOB] Help check my BigPay verification. OTP <OTP> sent to wrong number. Reply with code to proceed, thank you very much.",scam,perplexity_sonar,mixed
"[HLB] Bank system maintenance. TAC <OTP> accidentally to you. Share to <PHONE> for my family emergency transfer, cepat lah.",scam,perplexity_sonar,mixed
[AmBank] BigPay login issue. My TAC <OTP> landed on your phone salah. Please send back to <PHONE> to unlock my funds.,scam,perplexity_sonar,mixed
"[Maybank2u] Wrong mobile registered for transaction. Forward the TAC <OTP> to <PHONE> to help me complete, appreciate your kindness.",scam,perplexity_sonar,mixed
[BSN] System upgrade alert. TAC <OTP> sent mistakenly. Kindly provide code via reply to <PHONE> for security verification.,scam,perplexity_sonar,mixed
J&T Express: Parcel anda tertahan di stesen kerana alamat salah. Bayar RM25 sekarang di <URL> atau barang akan dibuang esok!,scam,perplexity_sonar,mixed
Pos Laju: Barang anda ada unpaid customs duty RM45. Sila settle segera via <URL> faila bayar akan dikenakan penalti!,scam,perplexity_sonar,mixed
DHL Malaysia: Urgent! Parcel tertahan di customs. Bayar <RM_AMOUNT> untuk release atau police akan hubungi anda. Klik <URL> NOW!,scam,perplexity_sonar,mixed
"J&T: Alamat delivery salah, parcel anda stuck. Update maklumat & bayar RM20 di <URL> sebelum <DATE> atau return to sender!",scam,perplexity_sonar,mixed
"Pos Laju Alert: Unpaid fee RM35 untuk parcel. Jangan tunggu, bayar di <URL> atau barang hilang forever! Urgent!",scam,perplexity_sonar,mixed
DHL: Customs duty belum dibayar RM50. Parcel akan destroyed jika tak settle sekarang. Masuk <URL> untuk bayar cepat!,scam,perplexity_sonar,mixed
J&T Express: Parcel anda ada isu alamat. Bayar storage fee RM30 di <URL> atau kami buang parcel tu!,scam,perplexity_sonar,mixed
Pos Laju: WARNING! Barang tertahan unpaid duty RM40. Klik <URL> bayar sekarang atau kena saman customs!,scam,perplexity_sonar,mixed
DHL: Alamat salah detected. Sila bayar RM28 correction fee di <URL> segera atau parcel confiscated!,scam,perplexity_sonar,mixed
"J&T: Urgent notice - Parcel stuck di warehouse, bayar customs RM55 via <URL>. Tak bayar, barang rosak hilang!",scam,perplexity_sonar,mixed
Shopee: Pesanan anda <RM_AMOUNT> ada isu sistem. PM penjual untuk refund wallet. Hubungi <PHONE> atau klik <URL>,scam,perplexity_sonar,mixed
Lazada Alert: Pembayaran gagal untuk item RM<RM_AMOUNT>. Bayar semula sekarang via <URL> untuk elak cancell. Terima kasih.,scam,perplexity_sonar,mixed
Mudah.my: Pembeli hantar bayaran <RM_AMOUNT> ke ShopeePay anda. Sahkan OTP <OTP> di <URL> untuk terima dana.,scam,perplexity_sonar,mixed
Carousell: Order anda qualified untuk refund penuh RM<RM_AMOUNT>. Klik <URL> atau PM tepi untuk proses segera.,scam,perplexity_sonar,mixed
Shopee Support: Ada error pada transaksi <DATE>. Bayar balik <RM_AMOUNT> di <URL> untuk unlock pesanan. Urgent.,scam,perplexity_sonar,mixed
Lazada: Dana refund RM<RM_AMOUNT> ready. Masukkan <OTP> di <URL> untuk transfer ke Maybank akaun anda.,scam,perplexity_sonar,mixed
Mudah Seller: Pembayaran masuk tapi hold. Klik <URL> verify dengan <PHONE> untuk release RM<RM_AMOUNT> sekarang.,scam,perplexity_sonar,mixed
Carousell Notice: System error detect. PM penjual atau klik <URL> bayar <RM_AMOUNT> lagi untuk confirm order.,scam,perplexity_sonar,mixed
Shopee: Bonus cashback RM<RM_AMOUNT> tunggu claim. Sahkan di <URL> dengan kod <OTP> sebelum <DATE>. Jangan lepaskan!,scam,perplexity_sonar,mixed
Lazada Official: Pesanan dibatal sistem. Dapatkan refund wallet RM<RM_AMOUNT> via <URL> atau hubungi <PHONE> cepat.,scam,perplexity_sonar,mixed
"JPJ: Bro, kau ada saman <RM_AMOUNT> dari <DATE>. Kena settle sekarang atau kenderaan disita! Klik <URL> cepat xleh lambat nk!",scam,perplexity_sonar,mixed
"PDRM: Accident kat Jalan Tuanku Abdul Rahman, settle tepi RM<RM_AMOUNT> je. Bayar <URL> atau kita seret balik stesen! Cepat la bro!",scam,perplexity_sonar,mixed
"JPJ MY: Saman tak bayar <RM_AMOUNT> tuh, keta kau kena clamp! Settle kat <URL> sekarang atau PDRM datang rumah nk!",scam,perplexity_sonar,mixed
"Settle Tepi: Tumpang karat lori tadi pagi, bayar RM<RM_AMOUNT> kat <URL> la bro. Xleh tunggu, polis dah on way!",scam,perplexity_sonar,mixed
"JPJ: Notis saman <DATE>, outstanding RM<RM_AMOUNT>. Klik <URL> bayar atau lesen suspended terus! Jangan main main!",scam,perplexity_sonar,mixed
"PDRM Traffic: Fake accident claim, settle RM<RM_AMOUNT> sekarang <URL>. Kalau xleh bayar, tangkap malam ni je!",scam,perplexity_sonar,mixed
"JPJ Summon: Kau langgar speed trap, RM<RM_AMOUNT> kena bayar! <URL> cepat atau keta disita PDRM!",scam,perplexity_sonar,mixed
"Road Settle: Tadi crash sikit kat highway, bayar tepi RM<RM_AMOUNT> <URL>. Urgency la bro, polis tunggu!",scam,perplexity_sonar,mixed
JPJ Alert: Saman tak clear <RM_AMOUNT> dari <DATE>. Settle <URL> nk x? Lesen hilang terus!,scam,perplexity_sonar,mixed
"PDRM: Outstanding toll + saman RM<RM_AMOUNT>, settle <URL> sekarang atau kita hantar tow truck! Cepat!",scam,perplexity_sonar,mixed
"Darling, my special gift parcel for you stuck at Malaysia Customs in KL. They ask RM<RM_AMOUNT> for release fee to Maybank account. Please lah, help me settle cepat. Love you!",scam,perplexity_sonar,mixed
"Sweetheart, as engineer on rig, I sent you gold necklace via Pos Malaysia. Now held at customs, need <RM_AMOUNT> RM for duty. Transfer to CIMB now, ya? Miss you so much.",scam,perplexity_sonar,mixed
"Honey, your surprise from me - diamond ring - at KLIA customs. Officer say pay <RM_AMOUNT> RM tax via Public Bank. Can you do it fast? Terima kasih, my love.",scam,perplexity_sonar,mixed
"Baby, pilot friend sent me parcel with luxury watch for you, tapi stuck Jabatan Kastam. Need RM<RM_AMOUNT> to clear. Send to RHB Bank, please urgent.",scam,perplexity_sonar,mixed
"My dear, I shipped expensive handbag from Dubai, now customs Malaysia hold it. Pay <RM_AMOUNT> RM clearance fee to AmBank. Jom settle hari ini, okay?",scam,perplexity_sonar,mixed
"Love, your birthday gift - iPhone - detained at customs Penang. They want RM<RM_AMOUNT> via Hong Leong Bank. Help me release it, sayang.",scam,perplexity_sonar,mixed
"Darlin', engineer cargo with jewels for us stuck Kastam KL. RM<RM_AMOUNT> processing fee to UOB Malaysia. Cepat transfer, I need you.",scam,perplexity_sonar,mixed
"Sweetie, Pos Laju confirm parcel from my pilot job has your Rolex, but customs charge <RM_AMOUNT> RM. Pay Maybank sekarang, thank you lah.",scam,perplexity_sonar,mixed
"Baby girl, special necklace parcel at Malaysian Customs, need RM<RM_AMOUNT> duty to CIMB account. Please assist, I love you forever.",scam,perplexity_sonar,mixed
"My heart, gift box with gold bracelet held by Kastam Diraja. Transfer <RM_AMOUNT> RM to Public Bank to release. Urgent ya, darling.",scam,perplexity_sonar,mixed
"Selamat! Anda kini VIP dalam grup Cikgu Emas Syariah kami. Deposit <RM_AMOUNT> ke Maybank sekarang, dapat 300% profit dalam 24 jam. Syariah compliant 100%! Klik <URL> untuk join Telegram group eksklusif.",scam,perplexity_sonar,mixed
"Hai, cikgu di sini dari Investment Gold Mecca. Masuk lah scheme halal ini, RM<RM_AMOUNT> jadi RM<RM_AMOUNT>*3 esok pagi je. Limited slots untuk ahli setia macam you. Call <PHONE> cepat!",scam,perplexity_sonar,mixed
"Promosi spesial! High-yield crypto Syariah compliant. Bayar <RM_AMOUNT> via Touch 'n Go, untung 350% dalam sehari. Grup WhatsApp Cikgu Gold penuh testimoni. Daftar <URL> sekarang sebelum penuh.",scam,perplexity_sonar,mixed
"Wassalam, saudara. Pelaburan emas Mecca Fund, dijamin Syariah. Start dengan <RM_AMOUNT>, dapat <RM_AMOUNT>*4 lepas 24 jam. Join grup Telegram kami, banyak cikgu berjaya. Masuk <URL> ya.",scam,perplexity_sonar,mixed
"Congrats! Awak selected untuk tier gold kami. Topup <RM_AMOUNT> ke CIMB, instant 280% return. Zero risk, Syariah approved. Chat <PHONE> untuk <OTP> activation. Jom cepat!",scam,perplexity_sonar,mixed
"Cikgu panggil! Crypto high yield scheme, 300% profit guaranteed. Deposit <RM_AMOUNT> sekarang, withdraw esok. Grup eksklusif Telegram penuh millionaire baru. Link <URL> tunggu apa lagi?",scam,perplexity_sonar,mixed
"Assalamualaikum, peluang emas Syariah compliant. <RM_AMOUNT> masuk, <RM_AMOUNT>*3.5 keluar dalam 24 jam. Via Public Bank je senang. Join cikgu group di <URL>, ramai dah untung besar!",scam,perplexity_sonar,mixed
"Special offer untuk you! VIP Gold Investment, bayar <RM_AMOUNT>, earn 320% tomorrow. Halal & mudah, no risk. Telegram group Cikgu Emas ready. Verify <PHONE> dulu.",scam,perplexity_sonar,mixed
"Hai sayang, cikgu ada scheme crypto Mecca super hot. Start <RM_AMOUNT>, 300% profit cepat. Syariah certified. Klik <URL> masuk grup, slots limited hari ni je!",scam,perplexity_sonar,mixed
"Tahniah! Promosi keahlian platinum. Deposit <RM_AMOUNT> ke RHB, dapat 360% return 24 jam. Grup Cikgu Syariah penuh success story. Daftar <URL> sekarang, jangan lepaskan!",scam,perplexity_sonar,mixed
"Hai bro, your Shopee order RM<RM_AMOUNT> got system error lah, payment tak masuk. Pls PM tepi at <PHONE> or click <URL> to fix and get refund to wallet. Teruk gila, tolong cepat!",scam,perplexity_sonar,mixed
"Emergency! Lazada refund for your item failed sebab bank issue. I desperate need help, resend RM<RM_AMOUNT> to <PHONE> then wallet topup balik. PM me sekarang, jangan biar hilang!",scam,perplexity_sonar,mixed
"Sis, Mudah seller here, your Carousell deal almost done tapi glitch. Pay again RM<RM_AMOUNT> via <URL> for full refund. Aku susah sekarang, tolong ya confirm cepat!",scam,perplexity_sonar,mixed
"Dear customer, Shopee wallet refund pending for <DATE>. System error, need OTP <OTP> to process. Pls reply or <URL> fast, otherwise hilang everything. Tolong bantu!",scam,perplexity_sonar,mixed
"Bro, Lazada order cancel auto, money stuck RM<RM_AMOUNT>. Seller desperate, PM <PHONE> with details for wallet return. Jangan marah, cepat settle lah!",scam,perplexity_sonar,mixed
"Hai, your Mudah.my payment gagal masuk, need topup again RM<RM_AMOUNT> at <URL>. Refund to ShopeePay straight. Aku miskin sekarang, tolong verify!",scam,perplexity_sonar,mixed
"Carousell buyer, transaksi error big time. Resend to <PHONE> then full refund wallet. Pls la, urgent sgt, family nak makan!",scam,perplexity_sonar,mixed
"Shopee alert! Order <RM_AMOUNT> refund failed, click <URL> enter OTP <OTP>. Seller side susah, tolong cooperate cepat balik duit!",scam,perplexity_sonar,mixed
"Lazada problem lah, your RM<RM_AMOUNT> payment double charge. PM tepi <PHONE> for fix and wallet credit. Desperate case, jangan ignore!",scam,perplexity_sonar,mixed
"Mudah seller crygila, Carousell deal glitch need repay RM<RM_AMOUNT> via <URL>. Refund 100% promise. Tolong la bro, hidup susah!",scam,perplexity_sonar,mixed
"Eh bro, congrats lah! You invited to my sister's wedding on <DATE>. So pretty the card, download APK ni to view full details ya <URL>. Don't miss out sia!",scam,perplexity_sonar,mixed
"Hai sayang, got special menu card for tonight dinner date. Download this cute APK to see what I ordered for us la <URL>. Cannot wait to eat with you! 😘",scam,perplexity_sonar,mixed
"Oi, your Maybank app need update now ah, if not cannot access. Download latest APK here <URL> then enter <OTP> to verify. Quick la, I waiting your reply!",scam,perplexity_sonar,mixed
"Wah, wedding invitation from your bestie! Jemputan Majlis Kahwin, download APK to open the beautiful e-card <URL>. So romantic sia, must come!",scam,perplexity_sonar,mixed
"Darling, CIMB bank got issue with your account. Download this update APK <URL> and key in <PHONE> for secure access. Love you, fix fast ya!",scam,perplexity_sonar,mixed
"Hehe, got exclusive menu for family gathering. Download APK to view the full feast list <URL>. Hungry already lah, join us makan-makan!",scam,perplexity_sonar,mixed
"Public Bank alert! Your app outdated, download new APK version <URL> now. Enter <RM_AMOUNT> balance check to activate. Easy peasy la bro!",scam,perplexity_sonar,mixed
"Special wedding invite for you handsome! Kad Digital Kahwin APK <URL>, tap to see couple photo and details. Come celebrate with us ya sayang!",scam,perplexity_sonar,mixed
"Eh girl, RHB app update required sia. Download APK <URL> and share <OTP> here for safety. Your money safe with me watching over! 💕",scam,perplexity_sonar,mixed
"Yay, got fancy menu card for CNY open house. Download this APK to zoom in recipes <URL>. So sedap looking, must try all la korang!",scam,perplexity_sonar,mixed
"Salam, saya dari jabatan keselamatan Maybank. Maaf, salah daftar nombor telefon anda untuk transaksi FPX tadi. Tolong forward TAC yang diterima ke saya je, supaya saya boleh sahkan dan betulkan kesilapan ni segera[1].",scam,perplexity_sonar,mixed
"Panggilan darurat! Ini dari support BigPay. Nombor anda tersalah dimasukkan semasa verify akaun. Saya nampak OTP dah hantar ke phone anda. Tolong bagi kod tu sekarang, nanti saya tolong settle RM500 kredit anda[2].",scam,perplexity_sonar,mixed
"Assalamualaikum, saya officer RHB Bank sini. Sistem upgrade berlangsung, dan TAC anda tersalah hantar kerana error. Forward je kod 6 digit tu ke saya untuk verify identiti, tak xleh lambat sangat[1].",scam,perplexity_sonar,mixed
"Hai, dari customer service CIMB Clicks. Maaf ye, salah register nombor hp anda untuk login. Tolong help verify BigPay saya dengan hantar OTP yang baru je masuk tu. Terima kasih cooperation[5].",scam,perplexity_sonar,mixed
Notis rasmi: Public Bank detect aktiviti mencurigakan. TAC untuk sistem upgrade dah terhantar secara salah ke nombor anda. Sila reply dengan kod tu supaya kami boleh secure akaun anda dengan cepat[1].,scam,perplexity_sonar,mixed
"Saya dari team teknikal UOB Malaysia. Nombor telefon tersalah keyed semasa proses bayaran hospital urgent. Tolong lah forward TAC yang anda terima, nanti saya settle balik RM1000 tu[2].",scam,perplexity_sonar,mixed
"Emergency alert dari HSBC support. BigPay anda kena isu semasa verify, OTP tersalah hantar. Help saya je dengan bagi kod 4 digit tu, supaya tak kena suspend akaun[5].",scam,perplexity_sonar,mixed
"Jabatan IT AmBank menghubungi. Ada system maintenance, dan TAC upgrade terhantar ke nombor salah iaitu punya anda. Tolong reply kod tu sekarang, xleh tunggu lama[1].",scam,perplexity_sonar,mixed
"Salam, officer BigPay customer care. Maaf, salah daftar hp anda untuk transaksi RM<RM_AMOUNT>. Forward OTP yang diterima je, nanti saya confirm dan proses balik[2].",scam,perplexity_sonar,mixed
"Daripada support Maybank2u. Nombor anda guna untuk login salah, TAC dah masuk. Tolong help forward kod tu untuk sahkan ownership, takut kena hack[5].",scam,perplexity_sonar,mixed
URGENT! Bantuan Sara Hidup anda RM<RM_AMOUNT> dah approved. Klik <URL> sekarang untuk claim sebelum tarikh <DATE> atau akaun e-wallet akan dibekukan![scam],scam,perplexity_sonar,mixed
[KEMENTERIAN KEWANGAN] Notis penting: STR RM<RM_AMOUNT> siap dibayar. Masukkan <OTP> di <URL> segera atau bantuan hilang forever![scam],scam,perplexity_sonar,mixed
AwAS! Eligibility Bantuan Tunai Rahmah anda terancam. Claim RM<RM_AMOUNT> via <URL> dalam 24 jam atau subsidy ditutup. Jangan lambat![scam],scam,perplexity_sonar,mixed
[MAYBANK] e-Wallet bonus Sara RM<RM_AMOUNT> menunggu. Verify dengan klik <URL> dan bagi bank details cepat sebelum expire <DATE>![scam],scam,perplexity_sonar,mixed
DARURAT! PM Anwar approve bantuan RM<RM_AMOUNT> untuk rakyat. Hubungi <PHONE> atau klik <URL> NOW atau kelayakan dibatalkan![scam],scam,perplexity_sonar,mixed
Peringatan: Bantuan Sara Hidup RM<RM_AMOUNT> gagal process. Update info di <URL> segera atau duit tak masuk akaun anda![scam],scam,perplexity_sonar,mixed
[TOUCHnGO] RM<RM_AMOUNT> Sara aid ready in e-wallet. Klik <URL> masukkan IC & <OTP> hari ini atau forfeit total![scam],scam,perplexity_sonar,mixed
"TINDAK SEGERA! Claim STR RM<RM_AMOUNT> sebelum <DATE>. Link <URL> – jangan share, tapi klik cepat atau hilang peluang![scam]",scam,perplexity_sonar,mixed
[CIMB] Urgent alert: Bantuan Rahmah RM<RM_AMOUNT> pending. Sahkan di <URL> dengan phone number atau akaun kena freeze![scam],scam,perplexity_sonar,mixed
WAHYU! Sara e-Wallet RM<RM_AMOUNT> akan tamat. Claim sekarang <URL> bagi details bank dalam masa 12 jam atau bye-bye duit![scam],scam,perplexity_sonar,mixed
"Hey bro, need quick cash? Pinjaman Wang Berlesen RM50,000, 0% interest, blacklist OK! Fast approval, just pay RM300 processing fee to <PHONE> now lah. Don't miss out dear! 😘",scam,perplexity_sonar,mixed
"Good afternoon sayang, Ah Long here with super easy loan RM20k. No docs needed, approved in 1 hour! Transfer RM250 insurance fee to <PHONE> and get money straight to your Maybank account. Love you! 💕",scam,perplexity_sonar,mixed
"Hi handsome, struggling with bills? I got **Pinjaman Wang Berlesen** RM30,000 for you, 0% interest even if blacklist. Pay small RM400 upfront fee via <URL> for instant release. Call me <PHONE> ya! 😍",scam,perplexity_sonar,mixed
"Darling, want fast loan RM15k? Ah Long special, no check no problem, blacklist welcome! Just RM200 processing to <PHONE>, then duit masuk CIMB tomorrow. So easy lah, reply now! ❤️",scam,perplexity_sonar,mixed
"Hello sexy, Pinjaman approved RM40,000 already! 0% interest, super fast for you. Send RM350 insurance fee to <PHONE> and enjoy your money. Blacklist? No issue dear! Call me! 😉",scam,perplexity_sonar,mixed
"Eh korang, need pinjaman wang? RM25k ready, 0% interest, Ah Long approve blacklist pun boleh. Pay RM280 upfront processing to <PHONE>, then transfer to Public Bank. Hurry lah sayang! 😘",scam,perplexity_sonar,mixed
"Morning love, got perfect loan for you RM10k, no hassle, 0% interest even CTOS bad. Just RM150 fee to <URL> for processing. Dial <PHONE> now, I'll take care of you! 💋",scam,perplexity_sonar,mixed
"Baby, Ah Long pinjaman RM60,000 waiting! Fast approval, blacklist OK, 0% rate. Transfer RM500 insurance to <PHONE> and get duit in RHB account today. Miss you already! 🥰",scam,perplexity_sonar,mixed
"Hi there cutie, easy **Pinjaman Wang Berlesen** RM35k, no documents, 0% interest. Pay RM320 processing fee via <PHONE>, approved instantly for blacklist too. Let's do this ya! 😍",scam,perplexity_sonar,mixed
"Sweetie, desperate for cash? RM18k loan from Ah Long, super fast, 0% interest, blacklist no problem. Send RM220 to <PHONE> for insurance, then money in UOB. Call me dear! ❤️",scam,perplexity_sonar,mixed
JPJ: Lesen memandu anda ada saman belum bayar RM<RM_AMOUNT>. Settle sekarang sebelum digantung. Klik <URL> untuk bayar.,scam,perplexity_sonar,mixed
PDRM: Kecelakaan kecil di Jln Tun Razak <DATE>. Tawaran settle tepi RM<RM_AMOUNT>. Hantar <OTP> ke <PHONE> untuk proceed.,scam,perplexity_sonar,mixed
JPJ Notice: Saman lalu lintas RM<RM_AMOUNT> perlu dibayar segera. Jangan xleh bayar online kat <URL> nk elak blacklisted.,scam,perplexity_sonar,mixed
Road Accident Claim: Kereta anda terlibat kemalangan ringan KL. Settle tepi je RM<RM_AMOUNT>. Details kat <URL>. Urgent!,scam,perplexity_sonar,mixed
JPJ: Lesen driving license akan tamat tempoh jika saman <RM_AMOUNT> tak dibayar. Check & bayar di <URL> sekarang.,scam,perplexity_sonar,mixed
PDRM Traffic: Outstanding fine dari speeding Penang RM<RM_AMOUNT>. Settle cepat via <URL> atau kena saman tambah.,scam,perplexity_sonar,mixed
Accident Settlement: Bump kecil kat highway <DATE>. Bayar RM<RM_AMOUNT> settle tepi. Masuk <OTP> untuk confirm kat <PHONE>.,scam,perplexity_sonar,mixed
JPJ Alert: Vehicle registration anda ada isu saman. Bayar RM<RM_AMOUNT> je kat <URL> nk renew lesen tak terganggu.,scam,perplexity_sonar,mixed
PDRM: Notis saman JPJ belum clear RM<RM_AMOUNT>. Klik <URL> bayar sekarang atau lesen suspended esok.,scam,perplexity_sonar,mixed
Minor Crash Notice: Kereta sentuh kat JB <DATE>. Offer settle tepi RM<RM_AMOUNT>. Reply <OTP> atau visit <URL>.,scam,perplexity_sonar,mixed
"Oi bro, salah masuk nombor hp kau la for my BigPay registration. The TAC <OTP> dah hantar ke phone kau. Cepat forward to me sekarang, urgent bayar hospital bill kat KL!",scam,perplexity_sonar,mixed
"Emergency! Your Maybank TAC <OTP> wrongly sent to my BigPay. Kalau tak bagi sekarang, account kau kena suspend terus. Reply fast lah!",scam,perplexity_sonar,mixed
"Help verify my BigPay account bro. I keyed wrong number, TAC <OTP> on your phone. Send balik to <PHONE> or RM<RM_AMOUNT> will deduct from my wallet. Cepat!",scam,perplexity_sonar,mixed
"System upgrade BigPay nih, but TAC <OTP> accidentally to you. Forward to me sekarang or transaction kena cancel, rugi besar lah tu!",scam,perplexity_sonar,mixed
"Eh, salah daftar nombor kau untuk RHB banking. TAC <OTP> dah masuk phone kau. Bagi lah cepat, nanti aku tak boleh transfer RM<RM_AMOUNT> for family emergency!",scam,perplexity_sonar,mixed
"Urgent! BigPay system upgrade requires TAC verification. Wrongly sent <OTP> to you. Reply sekarang or account locked forever, jangan buat susah!",scam,perplexity_sonar,mixed
"Bro, my CIMB TAC <OTP> pergi ke phone kau salah. Help forward to <PHONE>, nak bayar bills before <DATE> or kena charged extra RM<RM_AMOUNT>!",scam,perplexity_sonar,mixed
"BigPay error: TAC <OTP> sent to wrong number (yours). Cepat bagi balik via this chat or police will involve, serious ni!",scam,perplexity_sonar,mixed
"Salah enter hp for Public Bank login, TAC <OTP> kat kau. Send to me sekarang lah, urgent nak settle loan or kena blacklisted!",scam,perplexity_sonar,mixed
"Help BigPay verification! System sent TAC <OTP> wrongly to you. Forward cepat to <PHONE> or all transactions freeze, rugi tau!",scam,perplexity_sonar,mixed
Wah! JPJ detect saman RM<RM_AMOUNT> atas kereta awak! Settle sekarang je kat tepi jalan sebelum kena tangkap! Klik <URL> cepat atau call <PHONE>! Exciting offer potong 50%! 😎,scam,perplexity_sonar,mixed
"URGENT! Accident kecil tepi jalan tadi, insurance nak settle RM<RM_AMOUNT> fast fast! Jangan risau, bayar sekarang je via <URL> atau OTP <OTP> ke <PHONE>. Cepat la bro, offer limited! 🚀",scam,perplexity_sonar,mixed
"Hebat! JPJ saman baru RM<RM_AMOUNT> dari <DATE>, kena settle immediate atau blackout lesen! Klik <URL> bayar guna Maybank/CIMB, easy peasy! Jom settle sekarang! 💥",scam,perplexity_sonar,mixed
"Wow! Fake accident settlement 'settle tepi' untuk RM<RM_AMOUNT> je! Police tunggu confirm, masuk <URL> atau call <PHONE> dengan <OTP>. Jangan lambat, hype deal ni! 🔥",scam,perplexity_sonar,mixed
Alert! JPJ saman outstanding RM<RM_AMOUNT> atas speeding <DATE>. Settle online <URL> guna Touch n Go atau bank transfer. Excited? Bayar sekarang avoid masalah! ⚡,scam,perplexity_sonar,mixed
"Super exciting! Kereta awak kena saman JPJ RM<RM_AMOUNT>, settle tepi jalan style via <URL> atau <PHONE>. Masuk OTP <OTP> fast, potongan besar tu! Jom! 🎉",scam,perplexity_sonar,mixed
"Yay! Accident minor settle RM<RM_AMOUNT> je, jangan tunggu PDRM datang! Klik <URL> bayar Public Bank/Maybank, atau call <PHONE>. Limited time hype offer! 😍",scam,perplexity_sonar,mixed
"Boom! JPJ notification saman RM<RM_AMOUNT> dari <DATE>, kena bayar sekarang kat <URL> atau verify <OTP> ke <PHONE>. Settle cepat, avoid fine besar! Awesome deal! 🚗",scam,perplexity_sonar,mixed
"Thrilling news! 'Settle tepi' untuk accident RM<RM_AMOUNT>, insurance confirm ready! Enter <URL> atau hubungi <PHONE> dengan <OTP>. Jangan miss, super fast! 🌟",scam,perplexity_sonar,mixed
"Hype alert! JPJ saman RM<RM_AMOUNT> atas parking illegal <DATE>. Settle immediate via <URL> guna CIMB app atau call <PHONE>. Easy money save, klik sekarang! 💰",scam,perplexity_sonar,mixed
"Emergency! Tahfiz centre in KL kena banjir, 50 anak yatim takde tempat tinggal. Tolong derma kilat RM<RM_AMOUNT> sekarang ke <URL> atau kami tutup centre esok pagi! Cepat la brother!",scam,perplexity_sonar,mixed
"Anak yatim di Penang hilang duit sekolah, urgent need RM<RM_AMOUNT> for fees before <DATE>. Transfer to Maybank <PHONE> or they kena dropout! Jangan buat dosa, donate sekarang <URL>!",scam,perplexity_sonar,mixed
"Saya lost wallet kat LRT station, takde duit naik bas balik kampung. Tolong RM<RM_AMOUNT> for bus fare je, bayar balik esok via Touch n Go. Confirm <URL> or I kena tidur jalanan malam ni!",scam,perplexity_sonar,mixed
"Derma kilat untuk orphans di Gaza, Malaysia punya quota RM<RM_AMOUNT> mesti capai by tonight atau funds hilang! Klik <URL> enter <OTP> sekarang, jangan tunggu MACC tanya nanti!",scam,perplexity_sonar,mixed
"Tahfiz Johor burn down semalam, anak-anak nangis takde makanan. Urgent RM<RM_AMOUNT> to CIMB <PHONE>, kalau tak donate, Allah hantar bala kat anda! Link <URL> cepat!",scam,perplexity_sonar,mixed
"Abang saya kena accident, lost wallet with all cash. Need RM<RM_AMOUNT> for Grab balik hospital, promise bayar double esok. Scan QR <URL> sekarang atau saya mati kat sini!",scam,perplexity_sonar,mixed
"Yatim piatu kampung Sabah takde beras, banjir musnah everything. Derma kilat RM<RM_AMOUNT> via Public Bank <PHONE> before <DATE> atau kami laporkan ke polis tak donate! <URL>",scam,perplexity_sonar,mixed
"Lost my purse kat pasar malam, takde duit bayar Grab pulang. Tolong RM<RM_AMOUNT> je, transfer <URL> enter PIN <OTP>. Kalau tak, saya kena rogol malam ni, tolong la!",scam,perplexity_sonar,mixed
"Charity drive untuk tahfiz Perak, government cut funds suddenly. Must collect RM<RM_AMOUNT> hari ini atau close down! Donate <URL> sekarang, jangan jadi zalim kat anak yatim!",scam,perplexity_sonar,mixed
"Anak saudara hilang duit poket, need urgent RM<RM_AMOUNT> for bus to sekolah esok. Bayar via RHB <PHONE>, confirm legit <URL>. Kalau ignore, rezeki anda kena potong!",scam,perplexity_sonar,mixed
J&T Express: Parcel anda tertahan di customs kerana alamat salah. Bayar cukai RM<RM_AMOUNT> sekarang atau barang diserahkan ke pihak berkuasa. Klik <URL> segera!,scam,perplexity_sonar,mixed
"Pos Laju: Barang anda dikehendaki bayar duty unpaid RM<RM_AMOUNT>. Alamat tidak sah, bayar dalam 24 jam atau hilang forever. Verify sini: <URL>",scam,perplexity_sonar,mixed
"DHL Malaysia: Urgent! Parcel tertahan sebab customs fee RM<RM_AMOUNT> belum dibayar. Alamat salah, settle sekarang atau kena blacklist. <URL>",scam,perplexity_sonar,mixed
Pos Laju: Ada parcel untuk anda tapi alamat tak betul. Bayar RM<RM_AMOUNT> untuk customs clearance atau dibuang esok. Klik <URL> fast!,scam,perplexity_sonar,mixed
"J&T: Barang anda stuck di warehouse, unpaid duty RM<RM_AMOUNT>. Betulkan alamat dan bayar sekarang atau police ambil tindakan. <URL>",scam,perplexity_sonar,mixed
"DHL: Alamat penerima salah, parcel tertahan. Bayar cukai RM<RM_AMOUNT> dalam masa 12 jam atau kena denda besar. Link: <URL>",scam,perplexity_sonar,mixed
"Pos Laju Urgent: Parcel anda ada masalah customs, bayar RM<RM_AMOUNT> segera atau barang confiscated. Jangan tunggu, klik <URL>!",scam,perplexity_sonar,mixed
"J&T Express: Warning! Unpaid customs duty RM<RM_AMOUNT> untuk parcel. Alamat salah, settle payment sekarang at <URL> atau lost.",scam,perplexity_sonar,mixed
DHL: Parcel tertahan kerana fee RM<RM_AMOUNT> belum clear. Betulkan alamat dan bayar cepat atau kena report ke JBPM. <URL>,scam,perplexity_sonar,mixed
"Pos Laju: Barang anda kena bayar duty RM<RM_AMOUNT> sebab alamat invalid. Urgent action dalam 24 jam, klik <URL> untuk proceed!",scam,perplexity_sonar,mixed
"Hai bro! Tadi saya salah daftar nombor telefon untuk BigPay RHB, TAC <OTP> tu hantar ke awak secara tak sengaja! Cepat forward kat saya lah, ada transaksi penting RM<RM_AMOUNT> nak settle sekarang! Excited gila ni!",scam,perplexity_sonar,mixed
"Wah, selamat petang! Saya buat system upgrade Maybank, tapi TAC <OTP> tu keluar kat nombor awak. Tolong verifykan dengan hantar balik, ada bonus RM<RM_AMOUNT> untuk helper! Jom la cepat!",scam,perplexity_sonar,mixed
"Eh korang! BigPay saya kena salah register, OTP <OTP> ni datang ke telefon awak. Tolong tolong forward, saya nak claim rebate besar tu! Super excited, jangan lambat ya!",scam,perplexity_sonar,mixed
"Hai! Ada masalah sikit, saya daftar CIMB Clicks pakai nombor salah, TAC <OTP> hantar ke awak. Cepat bagi saya untuk verify BigPay, ada duit RM<RM_AMOUNT> masuk exciting ni!",scam,perplexity_sonar,mixed
"Wow bro! System upgrade Public Bank, tapi TAC <OTP> tu mistakenly ke nombor awak. Tolong hantar balik cepat, saya nak complete transaksi hospital urgent RM<RM_AMOUNT>! Hype gila!",scam,perplexity_sonar,mixed
"Selamat sejahtera! BigPay saya kena isu, OTP <OTP> tu salah hantar kat awak. Help verify dengan forward je lah, ada promo special RM<RM_AMOUNT> tunggu! Teruja sangat!",scam,perplexity_sonar,mixed
"Hai sis! Saya register UOB online banking salah nombor, TAC <OTP> ni keluar kat awak. Tolong bagi saya untuk system upgrade, exciting offer RM<RM_AMOUNT> ni jangan lepaskan!",scam,perplexity_sonar,mixed
"Yay! Ada TAC <OTP> BigPay hantar ke nombor awak sebab saya salah daftar. Cepat forward untuk verify, saya nak settle bayaran besar RM<RM_AMOUNT> sekarang! Super hype!",scam,perplexity_sonar,mixed
"Bro, exciting news! System upgrade AmBank, tapi OTP <OTP> tu accidentally ke awak. Tolong hantar balik untuk confirm BigPay, ada jackpot RM<RM_AMOUNT> menanti!",scam,perplexity_sonar,mixed
"Hai semua! Saya buat transaksi Maybank, TAC <OTP> salah hantar kat nombor awak. Help lah forward cepat untuk verify, promo RM<RM_AMOUNT> ni limited time je! Gila excited!",scam,perplexity_sonar,mixed
"Oi bro! JPJ saman kau kena settle sekarang la! RM500 tuh, klik <URL> cepat before kena tangkap! Hype gila ni chance settle murah![1]",scam,perplexity_sonar,mixed
"Woi! Accident tepi jalan tadi, bos tu offer settle RM800 je! Transfer la kat <PHONE> now, jangan lambat ah super excited ni![1]",scam,perplexity_sonar,mixed
"Maybank JPJ alert! Saman <RM_AMOUNT> outstanding, pay via <URL> la bro, fast fast before PDRM datang! Woooh gempak gila![2]",scam,perplexity_sonar,mixed
"Settle tepi! Kereta kau scrap sikit je kat highway, dia bagi RM1200 compensation! Hantar OTP <OTP> kat sini cepat ah hype max![3]",scam,perplexity_sonar,mixed
"Cimb JPJ notice! Bayar saman RM300 tuh kat <URL> sekarang, easy peasy got money back guarantee la! Excited tak sabar![4]",scam,perplexity_sonar,mixed
"Eh accident minor je, settle tepi RM650 with polis bro! Call <PHONE> transfer DuitNow la, super worth ni chance emas![5]",scam,perplexity_sonar,mixed
"Public Bank JPJ: Saman <DATE> kena bayar RM450! Klik <URL> pay now, jimat banyak ah hype gila this deal![6]",scam,perplexity_sonar,mixed
"Tepi jalan settle! Driver lain nak bagi RM900 settle accident kau, reply <OTP> la bro cepat before hilang offer ni![7]",scam,perplexity_sonar,mixed
"JPJ PDRM alert! Unpaid saman RM700, settle kat <URL> with promo discount! Wah excited sia best deal Malaysia![1]",scam,perplexity_sonar,mixed
"Accident bump je, settle tepi RM550 on the spot! Hantar bank details kat <PHONE> now la, super hype tak leh tahan![2]",scam,perplexity_sonar,mixed
"Hi handsome, your Shopee order for that sexy dress ada system error lah, kena pay again RM<RM_AMOUNT> to refund wallet. PM tepi cepat, click <URL> confirm OTP ya? 😘",scam,perplexity_sonar,mixed
"Sayang, Lazada parcel ready but Pos Laju need extra RM<RM_AMOUNT> COD fee. So friendly offer, bayar sekarang get full refund to Touch n Go wallet! <URL> here, fast fast hor~ 💋",scam,perplexity_sonar,mixed
"Wah lao, your Mudah.my baju kurung order almost cancel sebab payment glitch. Seller baik hati, topup RM<RM_AMOUNT> via Maybank to unlock. PM me <PHONE> or <URL>, don't miss out darling! 😉",scam,perplexity_sonar,mixed
"Cute buyer, Carousell sneakers deal super hot! But system error, need resend <OTP> and pay RM<RM_AMOUNT> balance for ShopeePay refund. Click <URL> now, I wait for you lah~ 😍",scam,perplexity_sonar,mixed
"Hello pretty, your Lazada handbag ada issue tracking, kena verify with RM<RM_AMOUNT> to J&T wallet. Very easy, just <URL> and PM tepi. Refund balik full amount yo! 🔥",scam,perplexity_sonar,mixed
"Eh bro, Shopee phone case order pending sebab bank link error. Bayar RM<RM_AMOUNT> extra to CIMB account, then auto refund Mudah wallet. Hurry click <URL>, special for you only! 😜",scam,perplexity_sonar,mixed
"Darling, your Carousell perfume got 'ghost delivery' problem. Seller tolong, pay RM<RM_AMOUNT> COD via <URL> get Pos Laju update + bonus voucher. PM me sweet sweet talk lah~ 💕",scam,perplexity_sonar,mixed
"Hi sexy, Mudah.my laptop listing perfect match! Tapi Lazada side error, need RM<RM_AMOUNT> to unlock parcel. Confirm <OTP> at <URL>, refund masuk GrabPay fast fast hor! 🥰",scam,perplexity_sonar,mixed
"Baby, Shopee dress order system glitch lagi, kena top up RM<RM_AMOUNT> for full refund to Boost wallet. Very friendly seller here, click <URL> and PM tepi ya? Muah! 😘",scam,perplexity_sonar,mixed
"Hey handsome, your Lazada watch ada payment error, bayar RM<RM_AMOUNT> balance via Public Bank to confirm. Get Carousell voucher free! <URL> now, don't let me down lah~ 😉",scam,perplexity_sonar,mixed
Woi bro! Parcel J&T kau tertahan kat customs sebab alamat salah sikit je! Bayar <RM_AMOUNT> cepat la <URL> nk teruskan delivery hari ni! Excited gila barang kau dah dekat! 🚀,scam,perplexity_sonar,mixed
Yey! Pos Laju detect parcel kau ada unpaid duty <RM_AMOUNT> je! Klik <URL> bayar sekarang avoid kena return balik! Barang power tu tunggu kau je! 🔥,scam,perplexity_sonar,mixed
"Hype gila! DHL parcel kau stuck sebab customs charge <RM_AMOUNT>. Settle kat <URL> la bro, xleh tunggu lama! Delivery esok pagi! 📦💨",scam,perplexity_sonar,mixed
"Eh mati la! J&T kata alamat kau salah, parcel kena bayar <RM_AMOUNT> duty. Hurry klik <URL> settle nk ambik barang kau tu cepat! Mantap giler! ⚡",scam,perplexity_sonar,mixed
"Wah super excited! Pos Laju parcel tertahan unpaid customs <RM_AMOUNT>. Bayar kat <URL> je, terus hantar rumah kau hari ni! Jangan miss! 🎉",scam,perplexity_sonar,mixed
"Bro J&T alert! Barang kau kena charge <RM_AMOUNT> sebab alamat tak tepat. Klik <URL> bayar sekarang, delivery confirm esok! Gempak sungguh! 🚀",scam,perplexity_sonar,mixed
"Yippee! DHL parcel kau ada issue duty <RM_AMOUNT>, settle kat <URL> la cepat! Xleh nak balikkan parcel tu, nk sampai rumah kau je! 🔥📱",scam,perplexity_sonar,mixed
Fast la bro! Pos Laju kata parcel tertahan customs unpaid <RM_AMOUNT>. Bayar <URL> sekarang nk teruskan! Barang kau best gila tu! 💥,scam,perplexity_sonar,mixed
"Haha excited max! J&T parcel alamat salah, bayar <RM_AMOUNT> duty kat <URL> je! Delivery pantas esok pagi, jangan lepas! 🚚✨",scam,perplexity_sonar,mixed
"Wow DHL bagi tahu parcel kau stuck <RM_AMOUNT> customs fee. Klik <URL> settle cepat la, nk hantar terus rumah! Power gila bro! 🎊",scam,perplexity_sonar,mixed
"Oi, Hiring Manager here from TikTok Affiliate Team. You want earn RM500 daily meh? Just like & share videos from home la. Reply FAST now or miss out forever sia!",scam,perplexity_sonar,mixed
"Emergency! I'm <Hiring Manager>, part-time YouTube sharer job open. RM<RM_AMOUNT> per day easy money. Work from home, tapi kena start hari ni or slot penuh lah weyh!",scam,perplexity_sonar,mixed
"Dei, don't waste time! Affiliate job TikTok like & share only. Earn RM500 daily, transfer to Maybank straight. Reply YES or I give to others la, urgent sia!",scam,perplexity_sonar,mixed
"Halo bro, Hiring Manager ni. YouTube part-time: like, share, get paid RM<RM_AMOUNT> hari-hari. From home je, tapi kalau lambat reply, habis la chance kau tu!",scam,perplexity_sonar,mixed
"Quick quick! TikTok affiliate hiring now. RM500 daily for simple like & share tasks. Work from rumah, tapi kena confirm <DATE> atau hilang peluang, threat betul ni!",scam,perplexity_sonar,mixed
"Weyh, <Hiring Manager> from Affiliate Pro. Part-time YouTube job, earn RM<RM_AMOUNT> sehari sharing videos. Home-based, reply <PHONE> now or sorry la, no more spot!",scam,perplexity_sonar,mixed
"Hiring urgent! TikTok like & share team need you. RM500 daily payout to CIMB. Dari rumah je kerja, tapi kalau tak balas cepat, I block you sia, jangan menyesal!",scam,perplexity_sonar,mixed
"Bro, part-time affiliate YouTube: like video, share link, dapat RM<RM_AMOUNT> instant. Hiring Manager speaking, work from home. Hurry reply or lost forever lah!",scam,perplexity_sonar,mixed
"Don't play-play! TikTok job open: RM500 daily like & share only. Home work, transfer Public Bank. <Hiring Manager> here, balas sekarang atau habis cerita tu!",scam,perplexity_sonar,mixed
"Last chance sia! Hiring Manager for part-time TikTok/YouTube affiliate. Earn RM<RM_AMOUNT> hari, simple tasks from home. Reply <OTP> verify or I give to next person la weyh!",scam,perplexity_sonar,mixed
"Oi! PDRM ni! Nama kau ada dalam senarai money laundering je! Package drugs tu xleh claim, waran tangkap dah keluar! Cepat call <PHONE> nk settle RM<RM_AMOUNT>!",scam,perplexity_sonar,mixed
Woi emergency! LHDN detect kau launder duit gila! Package drugs from KL tu nama kau! Nk x kena tangkap? Hantar OTP <OTP> ke <URL> sekarang!,scam,perplexity_sonar,mixed
Hot alert! Court issue waran tangkap kau sebab package drugs tu! Money laundering investigation PDRM! Bayar RM<RM_AMOUNT> fast ke <PHONE> x leh lari!,scam,perplexity_sonar,mixed
"Bang! PDRM HQ calling! Kau involve money laundering besar, package drugs kat airport nama kau! Verify cepat kat <URL> atau tangkap malam ni!",scam,perplexity_sonar,mixed
"Gila! LHDN & PDRM team ni! Package drugs tu kau punya, waran dah siap! Nk clear nama? Transfer RM<RM_AMOUNT> je ke <PHONE> sekarang hype!",scam,perplexity_sonar,mixed
Alert merah! Court Malaysia claim kau money laundering king! Package drugs xleh explain! Call <PHONE> hantar <OTP> or police datang rumah!,scam,perplexity_sonar,mixed
"Wah lau eh! PDRM detective ni, nama kau top list drugs package & laundering! Waran tangkap <DATE>! Settle kat <URL> cepat x kena rasah!",scam,perplexity_sonar,mixed
Boom! LHDN uncover kau launder RM jutaan dari package drugs! PDRM ready tangkap! Bayar fine RM<RM_AMOUNT> ke <PHONE> je la bro!,scam,perplexity_sonar,mixed
"Emergency call PDRM! Package drugs tu address kau, money laundering case confirmed! Nk x masuk lokap? Klik <URL> hantar OTP sekarang!",scam,perplexity_sonar,mixed
"Hype gila! Court & PDRM joint op! Kau suspect no.1 money laundering + drugs package! Waran keluar, call <PHONE> bayar RM<RM_AMOUNT> fast!",scam,perplexity_sonar,mixed
"Abang abang/sis, xleh tahan dah ni. Dompet hilang kat LRT tadi, nk balik kampung je xde duit bayar bas. Tolong derma RM50 je la kat Maybank <PHONE> pin <OTP>. Sakit hati gila😭🙏 <URL>",scam,perplexity_sonar,mixed
"Bro, tahfiz centre kat KL ni kebakaran semalam, anak2 yatim xde tempat blajar. Tolong derma kilat RM100 je la, transfer Touch n Go <PHONE> OTP <OTP>. Kami desperate gila ni💔 <URL>",scam,perplexity_sonar,mixed
"Kak, wallet jatuh kat pasar malam, duit semuanya hilang. Nk naik bas balik Shah Alam je, xleh nak minta duit mak ayah. Derma RM30 Public Bank <PHONE> <OTP> pls save me😢 <URL>",scam,perplexity_sonar,mixed
"Emergency! Anak yatim 5 org kat pondok ini xde makan hari ni, banjir besar. Derma cepat RM20 je CIMB <PHONE> OTP <OTP>. Jangan biar dorang lapar la abang😭🙏 <URL>",scam,perplexity_sonar,mixed
"Sis, motor breakdown kat lebuhraya, dompet ketinggalan. Nk bayar Grab je balik rumah RM40, tolong transfer RHB <PHONE> <OTP>. X tau nk buat macam mana dah😩 <URL>",scam,perplexity_sonar,mixed
"Tahfiz kids kat JB ni xde baju raya, semua hilang api. Derma kilat RM80 Maybank2u <PHONE> pin <OTP>. Hati baik abang sis tolong sekali je💙 <URL>",scam,perplexity_sonar,mixed
"Tolong! Dompet dicuri kat mamak, nk balik Kelantan naik bas malam ni. RM60 je cukup, UOB <PHONE> <OTP>. Family tunggu kat rumah, desperate ni😭 <URL>",scam,perplexity_sonar,mixed
"Yatim piatu 10 org kat surau ni xde beras, musim hujan banjir. Derma RM50 cepat Public Islami <PHONE> OTP <OTP>. Jangan abaikan la kami😢🙏 <URL>",scam,perplexity_sonar,mixed
"Abang, hilang purse kat KLCC, duit last untuk bayar EON cab. Nk balik kerja esok, tolong RM35 Alliance Bank <PHONE> <OTP>. Mati la kalau xde😰 <URL>",scam,perplexity_sonar,mixed
"Derma kilat untuk orphan centre kena rompakan semalam, xde apa2 tinggal. RM70 je cukup RM_AMOUNT, transfer Ambank <PHONE> OTP <OTP>. Save anak2 yatim pls💔 <URL>",scam,perplexity_sonar,mixed
"Wah lao eh! <DATE> saya anak kawan baik wedding lah di KL! Super excited sia, cepat download APK ni untuk tengok menu card digital penuh gambar cantik2! Click <URL> install je la, jom celebrate! 🎉💒",scam,perplexity_sonar,mixed
"Hai semua! Wedding invitation dari keluarga Ah Chong di Penang! Hype gila, ada angpao RM<RM_AMOUNT> untuk tetamu! Download APK sekarang untuk view full details, jangan miss! <URL> Install terus ok? 😍",scam,perplexity_sonar,mixed
"Emergency update untuk Maybank app anda! Ada bonus RM<RM_AMOUNT> tunggu claim, tapi kena download latest APK dulu la. Cepat sikit, offer limited time je! <URL> Jom la, rich soon! 🚀💰",scam,perplexity_sonar,mixed
"Yay! Kawan saya adik ipar kahwin <DATE> di Johor Bahru, wedding super meriah! Download APK untuk buka invitation card & menu, confirm lapar nanti! <URL> Install now, fun betul! 🎊",scam,perplexity_sonar,mixed
"CIBB app perlu update urgent! Dapatkan cashback RM<RM_AMOUNT> kalau install APK baru ni. Jangan lambat la, semua orang dah buat! <URL> Hype giler, cepat download! 🔥",scam,perplexity_sonar,mixed
"Woi bro/sis! Wedding invitation anak pakcik di Ipoh, theme luxury sia! Untuk tengok full e-card & RSVP, download APK je la. <URL> Excited tak sabar! 💃🕺",scam,perplexity_sonar,mixed
"Public Bank app crash many times? Update APK official sekarang, free RM<RM_AMOUNT> voucher inside! Super fast install, jom try! <URL> Tak rugi langsung! 😎",scam,perplexity_sonar,mixed
"Big news! Saudara saya wedding besar di Melaka <DATE>, ada live band & open bar! Download APK untuk menu card & dress code, confirm glamour! <URL> Hurry la! ✨",scam,perplexity_sonar,mixed
"RHB Bank promotion hot! Download APK update untuk claim RM<RM_AMOUNT> instantly, limited slots je! Jangan ketinggalan, semua hype ni! <URL> Install sekarang! 💥",scam,perplexity_sonar,mixed
"Selamat! Kawan lama anak beradik kahwin di Shah Alam, wedding dream come true! APK untuk view invitation digital & gifts list, cepat download <URL> ! Joy gila! 🎈❤️",scam,perplexity_sonar,mixed
"Eh bro, join our Cikgu Gold Investment group lah! Syariah compliant, 300% profit in 24 hours je. Transfer <RM_AMOUNT> to Maybank <PHONE> now, sure kaya cepat! <URL> for details. Don't miss ah, limited slots only! 😘",scam,perplexity_sonar,mixed
"Hai sayang, you got extra cash ah? Our Telegram crypto scheme bagi 500% return in 1 week, halal syariah approved. Cikgu here teaching how to double your duit. Send <RM_AMOUNT> via CIMB to <PHONE>, then relax je. Click <URL> to start! 💋",scam,perplexity_sonar,mixed
"Hello handsome, teacher group got hot tip on gold trading! Promise 400% profit tomorrow, no risk one. Syariah compliant 100%. Transfer <RM_AMOUNT> to Public Bank <PHONE> la, fast fast before close. Join <URL> now, we wait for you! 😉",scam,perplexity_sonar,mixed
"Lah bro, our WhatsApp Cikgu group turning small money to big fortune! Crypto high-yield, 250% in 24jam, fully syariah. You punya turn! Bank in <RM_AMOUNT> to RHB <PHONE>, OTP confirm je. <URL> to enter VIP. Come on lah, don't be slow! 🔥",scam,perplexity_sonar,mixed
"Sayang, quick quick join our gold investment Telegram channel! Cikgu promise 350% profit hari ni, syariah safe. Got <RM_AMOUNT>? Transfer Maybank <PHONE> now, withdraw anytime after. Super exclusive <URL>. Miss karat regret sia! 😍",scam,perplexity_sonar,mixed
"Eh korang, Cikgu Gold Scheme on Telegram! 600% return in 1 day, halal syariah compliant. Teacher group only for smart ones like you. Send <RM_AMOUNT> CIMB <PHONE>, verify with <OTP>. Click <URL> join sekarang! Kaya together lah! 💰",scam,perplexity_sonar,mixed
"Hai darling, our crypto teacher group bagi insane 300% profit fast fast! No risk, syariah approved. You got money spare ah? Transfer <RM_AMOUNT> to Public Bank <PHONE> la. <URL> for full info. Hurry, slots filling up! 😜",scam,perplexity_sonar,mixed
"Bro, join Cikgu's high-yield gold ponzi... eh scheme lah! 450% in 24 hours, fully syariah. Telegram private group je. Bank in <RM_AMOUNT> RHB <PHONE>, then boom rich! <URL> to register. Don't tell others ah, secret! 😉",scam,perplexity_sonar,mixed
"Sayangku, teacher got special offer: Syariah crypto investment, 200% profit esok pagi! Limited time for you. Transfer <RM_AMOUNT> Maybank <PHONE> now, easy peasy. Join our Telegram via <URL>. We make you millionaire lah! 💕",scam,perplexity_sonar,mixed
"Eh babe, Cikgu Gold Group on Telegram super hot! 500% return guaranteed syariah way. Got duit ah? Send <RM_AMOUNT> to CIMB <PHONE>, confirm <OTP>. Click <URL> masuk group. Fast action or lose out big time! 😘",scam,perplexity_sonar,mixed
PDRM IPD KL ni! Nama awak kena blacklist sebab package awak ada drugs! Waran tangkap dah keluar! Cepat call <PHONE> xleh lambat nk settle RM<RM_AMOUNT> je!,scam,perplexity_sonar,mixed
URGENT! LHDN detect akaun awak involve money laundering! Bayar tax RM<RM_AMOUNT> sekarang atau polis datang tangkap! Call <PHONE> balik cepat!,scam,perplexity_sonar,mixed
Oi! Mahkamah KL issued waran tangkap untuk awak! Package drugs dari China guna nama awak! Transfer RM<RM_AMOUNT> ke akaun audit atau arrest malam ni! <PHONE>!,scam,perplexity_sonar,mixed
"PDRM CID calling! Awak under siasatan money laundering RM<RM_AMOUNT>! Jangan gerak dari rumah, call <PHONE> sekarang nk clear nama atau tangkap!",scam,perplexity_sonar,mixed
EXCITED NEWS! LHDN confirm package awak ada ganja! Bayar denda RM<RM_AMOUNT> je via <URL> atau PDRM tunggu depan pintu! Call <PHONE>!,scam,perplexity_sonar,mixed
Wah lau! Mahkamah issued arrest warrant sebab money laundering investigation! Cepat sms <OTP> ke <PHONE> nk bayar RM<RM_AMOUNT> dan settle!,scam,perplexity_sonar,mixed
"PDRM Brickfields! Nama awak listed untuk drugs package! Waran dah siap, transfer RM<RM_AMOUNT> sekarang atau kena tangkap esok pagi! <PHONE>!",scam,perplexity_sonar,mixed
HOT ALERT! LHDN audit detect wang haram RM<RM_AMOUNT> dari package awak! Call <PHONE> nk bayar balik atau polis surround rumah!,scam,perplexity_sonar,mixed
Macam mana ni! Mahkamah KL cakap awak money laundering boss! Bayar fine RM<RM_AMOUNT> via <PHONE> atau waran tangkap execute hari ni!,scam,perplexity_sonar,mixed
"PDRM HQ! Package drugs atas nama awak kena tangkap! Jangan panik, settle RM<RM_AMOUNT> je call <PHONE> sekarang nk clear semuanya!",scam,perplexity_sonar,mixed
"Oi! Hiring Manager sini. Kerja part time TikTok like & share je, earn RM500 sehari dari rumah. Cepat join <URL> atau hilang peluang! Bayar RM50 deposit dulu nanti balik 3x ganda. Jangan lambat!",scam,perplexity_sonar,mixed
"Emergency! Lowongan affiliate YouTube urgent. Like video je boleh dapat RM500/hari. Aku Hiring Manager. Klik <URL> sekarang atau kena blacklist. Transfer RM30 ke Maybank untuk start, cepat!",scam,perplexity_sonar,mixed
"Nk duit cepat? Part time TikTok share & like, RM500 daily gaji. Dari rumah je. Hiring Manager call <PHONE> sekarang! Kalau x reply 10min, posisi kena bagi orang lain. Bayar <RM_AMOUNT> dulu la.",scam,perplexity_sonar,mixed
"Hiring Manager alert! Kerja affiliate YouTube super mudah, like je earn RM500 sehari. Work from home. Jangan buang masa, masuk <URL> atau rugi besar! Deposit RM20 ke CIMB, urgent ni!",scam,perplexity_sonar,mixed
"Cepat balas! Peluang TikTok affiliate part time, RM500/hari like & share. Aku Hiring Manager. Kalau x join <URL> sekarang, hilang forever. Bayar RM40 activation Public Bank, jgn tunggu!",scam,perplexity_sonar,mixed
Warning! Lowongan YouTube like job habis kuota kalau lambat. Earn RM500 daily rumah je. Hiring Manager sini. Reply <OTP> ke <PHONE> atau kena miss. Transfer RM25 dulu Maybank la bro.,scam,perplexity_sonar,mixed
"Hiring Manager: TikTok part time affiliate, share je RM500 sehari. Xleh reject peluang ni! Klik <URL> fast atau posisi tutup <DATE>. Deposit RM35 ke RHB, cepat balas!",scam,perplexity_sonar,mixed
"Urgent job! YouTube like & follow affiliate, RM500 daily gaji. Work from home easy. Hiring Manager tunggu. Masuk group <URL> sekarang atau kena block. Bayar RM45 dulu CIMB!",scam,perplexity_sonar,mixed
"Oi cepat! Part time TikTok like job, earn RM500/hari je share. Hiring Manager. Jgn xley, klik <URL> atau rugi duit besar. Transfer <RM_AMOUNT> ke Public Bank untuk unlock, sekarang!",scam,perplexity_sonar,mixed
"Last chance! Affiliate YouTube part time, RM500 sehari like video. Dari rumah. Hiring Manager marah kalau x reply. Call <PHONE> atau masuk <URL>, bayar RM30 deposit Maybank urgent!",scam,perplexity_sonar,mixed
"Pihak Jabatan Kebajikan Masyarakat: Bantuan Sara Hidup anda RM<RM_AMOUNT> telah lulus. Klik <URL> untuk claim sekarang, xleh tunggu lama. Masukkan <OTP> je.",scam,perplexity_sonar,mixed
Kementerian Kewangan: Approved! e-Wallet SARA RM<RM_AMOUNT> ready untuk anda. Verify kat <URL> dengan <PHONE> atau duit hilang forever.,scam,perplexity_sonar,mixed
"BSN Bank: Notifikasi penting - Bantuan Hidup RM<RM_AMOUNT> masuk akaun anda. Klik <URL> confirm details, nk cepat je transfer.",scam,perplexity_sonar,mixed
"Jabatan Pendaftaran Negara: Selamat! Bantuan Sara Hidup <RM_AMOUNT> RM sah. Claim di <URL>, masukkan IC no dan <OTP> untuk proceed.",scam,perplexity_sonar,mixed
"Maybank: Urgent - RM<RM_AMOUNT> SARA aid pending approval. Klik <URL> sekarang, call <PHONE> if xleh access, jgn lambat.",scam,perplexity_sonar,mixed
"Kerajaan Malaysia Madani: Bantuan e-Wallet RM<RM_AMOUNT> untuk rakyat. Approved pada <DATE>. Claim kat <URL>, simple je 1 minit.",scam,perplexity_sonar,mixed
"Public Bank: Peringatan - SARA cash aid RM<RM_AMOUNT> tunggu verification. Pergi <URL> input <OTP>, nk duit cepat masuk.",scam,perplexity_sonar,mixed
"Lembaga Zakat: Bantuan Hidup RM<RM_AMOUNT> lulus semakan. Klik <URL> claim voucher e-Wallet, hubungi <PHONE> for assist.",scam,perplexity_sonar,mixed
"CIMB Clicks: Notis rasmi - RM<RM_AMOUNT> Bantuan Sara siap dibayar. Verify di <URL> dengan phone no anda, xleh miss ni.",scam,perplexity_sonar,mixed
"Pejabat Perdana Menteri: Congrats! SARA e-Wallet RM<RM_AMOUNT> untuk anda. Akses <URL> sekarang, masukkan <OTP> je untuk activate.",scam,perplexity_sonar,mixed
RM0.00 Maybank: Pelaburan Emas Syariah Compliant di Kumpulan Cikgu WhatsApp. Labakan 300% dalam 24 jam. Klik <URL> atau hubungi <PHONE> untuk sertai sekarang.,scam,perplexity_sonar,mixed
"CIMB Clicks: Peluang istimewa crypto high-yield, halal & selamat. Deposit minimum <RM_AMOUNT> dapat untung 200% sehari. Masuk grup Teacher Investment: <URL>",scam,perplexity_sonar,mixed
RM0.00 Public Bank: Tawaran eksklusif pelaburan emas digital Syariah. 150% pulangan dalam 48 jam. Verify dengan <OTP> dan call <PHONE> cepat sebelum tutup.,scam,perplexity_sonar,mixed
"BSN Alert: Sertai skim pelaburan crypto cikgu-cikgu, patuh Syariah. Labakan RM<RM_AMOUNT> jadi RM<RM_AMOUNT>*4 dalam sehari. Link: <URL>",scam,perplexity_sonar,mixed
"RM0.00 RHB Bank: Pelaburan gold scheme premium, 250% profit guarantee. Hanya untuk ahli WhatsApp Teacher Group. Hubungi <PHONE> atau <URL> sekarang.",scam,perplexity_sonar,mixed
Maybank2u: Peluang terhad Syariah crypto investment. 300% return 24 jam di kumpulan Cikgu Pelaburan. Masukkan <OTP> untuk daftar: <URL>,scam,perplexity_sonar,mixed
"RM0.00 AmBank: High-yield emas pelaburan halal. Deposit hari ini, withdraw besok dengan 180% untung. Call <PHONE> untuk join grup guru.",scam,perplexity_sonar,mixed
Hong Leong Bank: Skim pelaburan crypto Syariah compliant untuk cikgu. 400% dalam 24 jam! Klik <URL> dan confirm dengan <PHONE>.,scam,perplexity_sonar,mixed
"RM0.00 UOB Malaysia: Exclusive Teacher WhatsApp group untuk gold-crypto scheme. Labakan pantas 250%, patuh Syariah. Sertai <URL> hari ini.",scam,perplexity_sonar,mixed
"Alliance Bank: Pelaburan istimewa emas digital, 300% profit dalam sehari. Hanya ahli kumpulan Cikgu. Verify <OTP> dan call <PHONE> sekarang.",scam,perplexity_sonar,mixed
PDRM Ibu Pejabat: Nama anda terlibat kes penyeludupan dadah dalam package ke Johor Bahru. Waran tangkap dikeluarkan. Tolong transfer <RM_AMOUNT> ke akaun selamat sekarang atau arrested tomorrow <DATE>. Call <PHONE> urgent!,scam,perplexity_sonar,mixed
"LHDN Caw. KL: Investigation money laundering atas transaksi RM<RM_AMOUNT> dari akaun Maybank anda. Pakai package drugs dicurigai. Bayar bayaran audit via <URL> segera atau police datang tangkap. Tolong ya, family anda terlibat.",scam,perplexity_sonar,mixed
"Mahkamah Tinggi: Anda under siasatan PDRM untuk package berisi ganja dari China. Waran arrest active. Hantar <OTP> dan transfer <RM_AMOUNT> ke akaun court untuk settle. Jangan buat kami sedih, call <PHONE> now.",scam,perplexity_sonar,mixed
"PDRM JB: Ada report package drugs dengan nama anda di customs Penang. Money laundering case serious. Transfer immediate <RM_AMOUNT> to avoid blacklist akaun CIMB. Tolong cooperate, kami desperate nak close case ni <DATE>.",scam,perplexity_sonar,mixed
"SPRM Officer: Nama anda linked to money laundering syndicate via parcel drugs. LHDN confirm. Bayar <RM_AMOUNT> melalui <URL> atau waran tangkap issued. Family jangan kena suffer, hubungi <PHONE> cepat!",scam,perplexity_sonar,mixed
"Polis Diraja: Package anda contain heroin, investigation on-going. Transfer <RM_AMOUNT> to secure account Public Bank supaya tak arrested. Kami mohon tolong, case ni urgent sebelum <DATE>. Verify <OTP> sekarang.",scam,perplexity_sonar,mixed
"LHDN Audit Team: Money laundering alert pada transaksi anda dengan drugs package KLIA. Hantar bayaran <RM_AMOUNT> via link <URL> atau PDRM akan datang. Tolong lah, kami tak nak anda susah.",scam,perplexity_sonar,mixed
"Mahkamah Sesyen: Waran tangkap untuk kes package drugs dan wash money. Bayar fine <RM_AMOUNT> ke akaun rasmi atau handcuff esok. Call <PHONE> untuk details, desperate need response.",scam,perplexity_sonar,mixed
"PDRM Anti-Narkotik: Anda suspect dalam drug parcel dari Macau. Money laundering confirmed. Transfer <RM_AMOUNT> sekarang to RHB account avoid court. Tolong ya, family anda aman <DATE>. Masukkan <OTP>.",scam,perplexity_sonar,mixed
"Bank Negara/PDRM: Akaun anda frozen atas money laundering package drugs. Settle dengan transfer <RM_AMOUNT> via <URL>. Jangan ignore, waran keluar soon. Kami minta tolong settle cepat <PHONE>.",scam,perplexity_sonar,mixed
"Assalamualaikum brother/sister, saya sekarang hilang dompet di LRT KL Sentral tadi pagi. Tak ada duit nak balik kampung, tolong derma sikit RM50 untuk bas fare ke <PHONE>. Allah balas nanti ya. Click <URL> untuk transfer Maybank.",scam,perplexity_sonar,mixed
"Tolong! Anak tahfiz kami di Perak kena banjir, rumah rosak semua. Derma kilat RM30 untuk beli makanan dan baju. Guna link <URL> ke CIMB account. Sedih sangat, mohon bantuan segera.",scam,perplexity_sonar,mixed
"Saya makcik miskin, wallet hilang di pasar malam Shah Alam. Nak bayar ubat diabetes tapi tak ada wang. Tolong <RM_AMOUNT> RM20 je untuk Grab ke klinik. Transfer via <URL> Public Bank. Terima kasih banyak.",scam,perplexity_sonar,mixed
"Yuran pondok tahfiz anak yatim di Kelantan tak cukup. Ramadhan ni susah, derma RM40 untuk beli Al-Quran baru. Klik <URL> sekarang, bank RHB. Jangan biar anak yatim lapar.",scam,perplexity_sonar,mixed
Emergency! Dompet ketinggalan di bus RapidKL dari Subang ke KL. Tak ada duit nak hantar anak sekolah esok. Tolong RM25 untuk Eon bank via <URL>. Doakan saya ya abang.,scam,perplexity_sonar,mixed
"Anak orphans kami di Penang kena demam tinggi, tak mampu bayar hospital. Derma kilat RM50 untuk rawatan. Guna <URL> transfer ke AmBank. Hati nurani anda tolonglah.",scam,perplexity_sonar,mixed
"Saya tersesat di Jalan TAR, wallet hilang semua kad. Nak balik kampung Johor tapi tak ada fare. Mohon RM30 untuk bas via <URL> Hong Leong Bank. Minta maaf ganggu.",scam,perplexity_sonar,mixed
"Tahfiz centre di Terengganu kebakaran semalam, 20 anak yatim tak ada tempat tinggal. Tolong derma RM35 untuk tenda sementara. Link <URL> Maybank sekarang!",scam,perplexity_sonar,mixed
"Dompet hilang di Mid Valley Megamall tadi. Ibu sakit tunggu duit ubat, nak RM40 untuk LRT balik rumah. Transfer <URL> ke UOB account. Ampun ye sister.",scam,perplexity_sonar,mixed
"Kampung orphans di Pahang banjir besar, makanan habis. Derma kilat RM45 untuk beras dan susu. Klik <URL> Public Islamic Bank. Sedih nampak anak kecil lapar ni.",scam,perplexity_sonar,mixed
紧急！PDRM发现你的包裹里有毒品，已发出逮捕令！可怜我家人也被牵连，求你快call <PHONE> 或去<URL> 澄清，不然今晚就来抓人！,scam,perplexity_sonar,mixed
LHDN调查你的账户涉钱洗黑钱案，<RM_AMOUNT>资金被冻！我们好惨，孩子没饭吃，速回<PHONE>提供<OTP>解冻waran tangkap！,scam,perplexity_sonar,mixed
法庭通知：你包裹藏毒品，PDRM waran tangkap已下！可怜我被骗入 syndicate，帮下忙call <PHONE> 或<URL>证明清白啦！,scam,perplexity_sonar,mixed
PDRM查到你钱 laundering，账户冻结<Rm_AMOUNT>！家人哭着求我救你，快去<URL>输入<OTP>不然arrest马上来！好惨啊...,scam,perplexity_sonar,mixed
紧急逮捕令！你的package有drugs，LHDN和PDRM联手调查。太可怜了，我老婆病了，求速拨<PHONE>澄清避免抓人！,scam,perplexity_sonar,mixed
Mahkamah waran：钱洗黑钱证据指向你，<DATE>前不处理就进lockup！我们一家好惨，帮call <PHONE> 或<URL>救命！,scam,perplexity_sonar,mixed
PDRM警告：包裹毒品案，你名列suspect list！可怜孩子饿肚子，fast reply <OTP> 到<URL> 证明不是你干的！,scam,perplexity_sonar,mixed
LHDN发现laundering <RM_AMOUNT>，waran tangkap out！好desperate，我被逼做这个，求你去<PHONE>合作解冻账户！,scam,perplexity_sonar,mixed
法庭紧急：drugs package用你身份，PDRM要arrest！一家人哭求饶，速访问<URL>输入<OTP>避免灾难啦bro！,scam,perplexity_sonar,mixed
PDRM钱 laundering调查，你账户有问题<Rm_AMOUNT>！太可怜了，救救我们call <PHONE>澄清，不然全家遭殃！,scam,perplexity_sonar,mixed
"Assalamualaikum Encik/Puan, ini ASP Rahman dari PDRM HQ. Akaun bank awak terlibat dalam kes penyeludupan dadah dari parcel Pos Malaysia. Waran tangkap dah keluar, tolong bayar <RM_AMOUNT> ke akaun secure untuk settle fasa 1. Jangan bagitahu sesiapa, nanti arrested. Hantar <OTP> sekarang. Tolong ya, family awak kena selamat.",scam,perplexity_sonar,mixed
"Puan/Encik, Saya Pegawai LHDN Cik Siti. Investigation money laundering tunjuk nama awak link dengan parcel drugs di KLIA. Bayar <RM_AMOUNT> RM untuk freeze kes ni, kalau tak Mahkamah issue arrest warrant esok <DATE>. Transfer ke Maybank sekarang via <URL>. Desperate case ni, tolong cooperate fast.",scam,perplexity_sonar,mixed
"Hai, Ini DSP Azmi PDRM Cyber Unit. Parcel awak ada ganja sintetik, linked to syndicate JB. Akaun CIMB awak frozen, bayar <RM_AMOUNT> untuk release. Kalau lambat, polis datang tangkap keluarga jugak. Call <PHONE> atau hantar proof payment. Tolong lah bro, jangan buat susah.",scam,perplexity_sonar,mixed
"Encik/Puan, Dari Mahkamah Tinggi, kes fail LHDN money laundering involve drugs parcel. Hakim dah sign waran tangkap. Settle <RM_AMOUNT> RM ke Public Bank akaun gov, urgent sebelum <DATE>. Jangan ignore, nanti blacklisted NSDC. Hantar screenshot <URL>. Kami mohon tolong settle cepat.",scam,perplexity_sonar,mixed
"Selamat petang, ASP Nora PDRM. Data awak detect dalam money laundering drugs case dari China parcel. Bayar <RM_AMOUNT> sekarang ke RHB secure account untuk avoid arrest. Family jangan kena involved. Enter <OTP> kat <URL> atau call <PHONE>. Tolong ya, situation critical.",scam,perplexity_sonar,mixed
"Puan/Encik, Pegawai SPRM Inspector Ali ni. Parcel drugs bawah nama awak, investigation money laundering RM besar. Transfer <RM_AMOUNT> ke akaun witness protection via <URL>. Waran tangkap active, polis on way. Hantar <OTP> fast, desperate need cooperation ni.",scam,perplexity_sonar,mixed
"Assalammualaikum, Dari PDRM IPD KL, Saya Sjn Khalid. Akaun UOB awak used for drugs parcel syndicate. Bayar <RM_AMOUNT> RM untuk clear name sebelum <DATE>. Kalau tak, arrested di rumah. Tolong transfer sekarang, jangan cerita kat orang. Proof to <PHONE>.",scam,perplexity_sonar,mixed
"Encik/Puan, LHDN Officer Encik Lim. Kes money laundering parcel ganja, nama awak listed. Settle <RM_AMOUNT> ke AmBank gov account kat <URL>. Mahkamah akan issue warrant kalau delay. Kami minta tolong settle segera, family awak selamat.",scam,perplexity_sonar,mixed
"Ini DSP Mei PDRM Anti-Narcotics. Parcel awak intercepted dengan drugs, linked money laundering HSBC account. Bayar <RM_AMOUNT> urgent untuk suspend waran tangkap. Hantar <OTP> atau call <PHONE>. Tolong lah, jangan buat kami susah execute arrest.",scam,perplexity_sonar,mixed
"Hai tuan/puan, Pegawai Mahkamah Federal Cik Aishah. Fail LHDN drugs parcel case, bayar <RM_AMOUNT> RM ke secure link <URL> sebelum <DATE>. PDRM ready tangkap. Cooperate sekarang, desperate situation. Jangan bagitahu bank atau family.",scam,perplexity_sonar,mixed
"Hey babe, miss you so much lah. I your pilot darling, now stuck in KLIA customs with big gift parcel for you - gold necklace and iPhone somore! Need pay RM<RM_AMOUNT> release fee only, transfer to my Maybank acc ah? Love you sia ❤️",scam,perplexity_sonar,mixed
"Sayang, how are you? I engineer on oil rig, send you special present from Singapore, tapi kena tangkap at customs. RM<RM_AMOUNT> je to clear, use CIMB lah, quick quick transfer back la. Cannot wait to hug you darling 😘",scam,perplexity_sonar,mixed
"Baby, thinking of you every night. Your handsome pilot here, got surprise gift box - diamond ring inside! But customs tu nak RM<RM_AMOUNT> tax, help me pay via Public Bank ah? Later I come Malaysia fly you around world la 😉",scam,perplexity_sonar,mixed
"Luv, I your engineer hero, working hard for us. Parcel with luxury watch and cash arrived Penang customs, need RM<RM_AMOUNT> to claim. Transfer to my RHB account cepat lah, then we marry soon ya? Muah muah 💋",scam,perplexity_sonar,mixed
"Darling, so sedap chat with you. Pilot boyfriend ni hantar gift - LV bag and perfume, tapi stuck KL customs. Bayar RM<RM_AMOUNT> duty je, use UOB or Ambank can? Love you forever lah sayang 🥰",scam,perplexity_sonar,mixed
"Sweetie, miss your smile. I engineer, send big love parcel with jewelry set, kena bayar RM<RM_AMOUNT> at JB customs. Help transfer Maybank la, nanti I balik holiday with you ah? Kiss kiss 😍",scam,perplexity_sonar,mixed
"Honey, you my everything. Pilot here, gift for you - gold bracelet and AirPods, customs nak RM<RM_AMOUNT> fee. Cepat transfer CIMB account lah, promise return double when I land Malaysia ya? ❤️❤️",scam,perplexity_sonar,mixed
"Babe, so hot thinking of you. Your rig engineer got present stuck customs - Rolex watch somemore! RM<RM_AMOUNT> to release, Public Bank boleh, transfer now la sayang. Cannot tahan want see you 😘",scam,perplexity_sonar,mixed
"Love, how's my sexy girl? Pilot darling hantar parcel with perfume and cash voucher, tapi customs charge RM<RM_AMOUNT>. Help pay RHB ah? Nanti we go Genting together la, fun fun sia 💕",scam,perplexity_sonar,mixed
"Sayangku, dream of you every day. Engineer boyfriend ni, gift box with necklace trapped Penang customs. RM<RM_AMOUNT> je clearance fee, transfer Ambank cepat lah. Love you to bits darling 🥺😍",scam,perplexity_sonar,mixed
"Eh bro, kau good heart lah... Anak yatim kat tahfiz centre ni kena banjir, semuanya hilang. Derma kilat RM50 je la kat Maybank <PHONE>, nanti aku hantar resit. Cepat la, dorang lapar ni! <URL>",scam,perplexity_sonar,mixed
"Hai sayang, aku jatuh wallet kat LRT tadi, duit semua hilang. Nak naik bas balik rumah je RM30. Transfer Maybank <PHONE> la, nanti balik esok bayar double. Kau manis gitu, tolong la... 😘 <RM_AMOUNT>",scam,perplexity_sonar,mixed
"Abang, tahfiz centre kat kampung kena api semalam. Budak2 tiada tempat duduk. Derma RM100 kat Public Bank <PHONE>, aku punya akaun rasmi. Jom la tolong, hati abang baik kan? ❤️ <URL>",scam,perplexity_sonar,mixed
"Sis, aku tersesat kat KLCC, phone mati, duit wallet hilang. Nak Grab balik Shah Alam RM40 je. Transfer CIMB <PHONE> la, nanti malam aku teman makan dinner. Lawak kan? 😉 <RM_AMOUNT>",scam,perplexity_sonar,mixed
"Oi friend, derma kilat untuk orphans kat Perak ni! Hujan lebat, rumah bocor. RM20 je kat RHB <PHONE>, aku hantar gambar sebelum selepas. Kau la hero hari ni! 💪 <URL>",scam,perplexity_sonar,mixed
"Baby, aku kena tipu pickpocket kat pasar malam, duit bas hilang. RM25 je nak balik Subang. Maybank <PHONE> la sayang, esok aku belanja teh tarik. Miss you ah... 😍 <RM_AMOUNT>",scam,perplexity_sonar,mixed
"Kak, tahfiz budak2 ni perlu buku baru, stok habis. Derma RM80 kat Hong Leong <PHONE>, cepat la sebelum <DATE>. Aku janji transparent, check <URL>!",scam,perplexity_sonar,mixed
"Bro handsome, wallet aku tertinggal kat mamak, kena curi. Nak bus ke JB RM50. Transfer UOB <PHONE> la, nanti balik aku traktir nasi lemak. Deal? 🔥",scam,perplexity_sonar,mixed
"Sayangku, orphan drive kilat! Dorang nak makan sahur, tapi takde beras. RM30 kat AmBank <PHONE>, tolong la puasa kita berkat. Kau special lah... 🌙 <URL>",scam,perplexity_sonar,mixed
"Eh cikgu, tahfiz centre kena longsor tanah, urgent derma RM60 kat Public Islamic <PHONE>. Nanti aku call confirm. Jom la good deed, handsome gitu! 😊 <RM_AMOUNT>",scam,perplexity_sonar,mixed
"Sayang, parcel hadiah RM<RM_AMOUNT> dari saya (Engineer di rig minyak) kena tangkap customs KLIA. Bayar cukai segera atau hilang! Call <PHONE> sekarang. Urgent!",scam,perplexity_sonar,mixed
"Cinta, hadiah istimewa RM<RM_AMOUNT> stuck di Jabatan Kastam. Saya pilot, perlu duit bayar release sebelum <DATE>. Tolong transfer Maybank, jangan biar rosakkan cinta kita!",scam,perplexity_sonar,mixed
"Habibti, parcel emas & jam tangan RM<RM_AMOUNT> untuk awak tertahan customs. Bayar denda cepat atau mereka musnahkan! Hubungi <PHONE> immediate, saya risau!",scam,perplexity_sonar,mixed
"Dear, hadiah anniversary RM<RM_AMOUNT> dari saya engineer lepas project Sabah kena hold Kastam Port Klang. Transfer wang sekarang atau habis! Call <PHONE>!",scam,perplexity_sonar,mixed
"Sayangku, parcel penuh gift RM<RM_AMOUNT> tak boleh keluar customs tanpa bayaran. Saya pilot terdampar, tolong selamatkan sebelum <DATE> atau hilang forever!",scam,perplexity_sonar,mixed
"Azizah, RM<RM_AMOUNT> barang hadiah saya untuk nikah stuck Kastam KL. Bayar cukai urgent via CIMB atau mereka bakar! Call <PHONE> jangan tunggu!",scam,perplexity_sonar,mixed
"Love, engineer saya hantar parcel RM<RM_AMOUNT> tapi kena tangkap customs Penang. Perlu duit release cepat atau rugi besar! Hubungi <PHONE> sekarang juga!",scam,perplexity_sonar,mixed
"Pujaan hati, hadiah mewah RM<RM_AMOUNT> dari rig lepas pantai tertahan. Bayar denda Kastam sebelum <DATE> atau musnah! Transfer Public Bank, tolong!",scam,perplexity_sonar,mixed
"Darling, pilot gift parcel RM<RM_AMOUNT> kena cukai tinggi di customs JB. Saya urgent perlu wang anda, call <PHONE> atau mereka ambil semua!",scam,perplexity_sonar,mixed
"Kesayangan, RM<RM_AMOUNT> hadiah cinta dari engineer terjebak Kastam LCCT. Bayar segera via Maybank2u atau hilang! Jangan abaikan, call <PHONE>!",scam,perplexity_sonar,mixed
JPJ! Kereta awak kena saman <RM_AMOUNT> kat Lebuhraya KL. Settle sekarang atau kena rampas! Klik <URL> bayar cepat xleh tunggu!,scam,perplexity_sonar,mixed
"URGENT! Accident tepi jalan tadi, polis nak settle <RM_AMOUNT>. Nk elak saman mahal, transfer ke <PHONE> sekarang je!",scam,perplexity_sonar,mixed
PDRM JPJ notice: Saman <DATE> belum bayar RM<RM_AMOUNT>. Bayar via <URL> atau arrest warrant keluar esok pagi!,scam,perplexity_sonar,mixed
"Boss, kereta awak langgar tepi highway. Settle accident <RM_AMOUNT> kat <PHONE> cepat atau JPJ datang rumah!",scam,perplexity_sonar,mixed
JPJ SAMAN! Bayaran tol outstanding <RM_AMOUNT> dari trip JB. Klik <URL> settle sekarang xleh delay!,scam,perplexity_sonar,mixed
Accident kecil tadi nk settle tepi. Bayar <RM_AMOUNT> ke akaun Maybank <PHONE> atau polis JPJ blacklist kereta!,scam,perplexity_sonar,mixed
WARNING JPJ: Saman <DATE> RM<RM_AMOUNT> belum clear. Masuk <URL> bayar OTP <OTP> atau kena court!,scam,perplexity_sonar,mixed
"Tepi jalan accident, settle la bro <RM_AMOUNT>. Transfer DuitNow ke <PHONE> nk elak saman JPJ besar!",scam,perplexity_sonar,mixed
JPJ URGENT! Kereta no plat awak ada fine <RM_AMOUNT> kat PLUS. Bayar link <URL> atau license suspend!,scam,perplexity_sonar,mixed
Polis road scam notice: Settle accident <DATE> RM<RM_AMOUNT> sekarang via <URL>. Xleh tunggu atau tangkap!,scam,perplexity_sonar,mixed
"Eh bro! Hiring Manager here from TikTok Affiliate Team! Like & share videos je, part-time work from home, earn **RM500 daily** sia! Super easy lah, start sekarang! Reply YA to join <URL>",scam,perplexity_sonar,mixed
"Woi! Excited tak? Part-time TikTok job open! Saya Hiring Manager, you like few videos, share sikit, boleh pocket **RM500 sehari** from home! No experience need! Click <URL> cepat la!",scam,perplexity_sonar,mixed
"Hey lah! TikTok Affiliate hiring NOW! Work from home, like & share je, **RM500 daily** masuk poket! Hiring Manager ni, limited slots only! WhatsApp <PHONE> or <URL> to apply FAST!",scam,perplexity_sonar,mixed
"Gila exciting! Part-time YouTube like & share job! Hiring Manager calling, earn **RM500/hari** rumah je duduk! Transfer RM20 deposit first la to Maybank acc, then start earn big! <URL>",scam,perplexity_sonar,mixed
"Bro, you got TikTok? Hiring Manager from Affiliate Program! Like share videos 30min sehari, **RM500 daily** guaranteed! Work from home, join group dulu <URL> before full!",scam,perplexity_sonar,mixed
"Wah lau eh! Super hype TikTok part-time! Saya Hiring Manager, like & share only, **RM500 sehari** boleh withdraw to CIMB! No scam one, try lah <URL> now!",scam,perplexity_sonar,mixed
"Oi! Earn **RM500 daily** TikTok job! Hiring Manager here, work from home like & share videos je! Send <OTP> to verify, then link Public Bank acc for payout! <URL>",scam,perplexity_sonar,mixed
"Part-time bomb! YouTube Affiliate Hiring Manager! Share links rumah je, **RM500/hari** masuk akaun! Excited? Pay small fee RM30 to <PHONE> first la, confirm join <URL>!",scam,perplexity_sonar,mixed
"Lagi satu chance! TikTok like & share part-time, **RM500 daily** from home! Hiring Manager approve you already, top up RM15 to RHB acc then start earning gila! <URL>",scam,perplexity_sonar,mixed
"Hype max! Hiring Manager TikTok Team! Work from home, like share je boleh **RM500 sehari**! You got money ah? Transfer balik RM25 dulu to UOB, then withdraw besar-besaran <URL>!",scam,perplexity_sonar,mixed
Penting! Bantuan Sara Hidup anda RM<RM_AMOUNT> dah approved. Klik <URL> sekarang untuk claim sebelum tarikh <DATE> atau akaun e-wallet anda akan dibekukan!,scam,perplexity_sonar,mixed
Urgent: Makluman STR RM<RM_AMOUNT> tunggu pengesahan. Hantar <OTP> ke <PHONE> atau bantuan hilang forever. Jangan lambat!,scam,perplexity_sonar,mixed
Awam diperingatkan! e-Wallet claim RM<RM_AMOUNT> Bantuan Tunai Rahmah ready. Masuk <URL> segera atau subsidy anda kena freeze Kementerian Kewangan.,scam,perplexity_sonar,mixed
Tertinggal! Bantuan Sara Hidup RM<RM_AMOUNT> approved untuk MyKad anda. Klik <URL> verify bank details now atau tiada bayaran lagi.,scam,perplexity_sonar,mixed
Peringatan: RM<RM_AMOUNT> Sumbangan Asas Rahmah gagal disalurkan. Update info di <URL> dalam 24 jam atau claim dibatalkan permanen!,scam,perplexity_sonar,mixed
URGENT NOTIFICATION: Bantuan e-Wallet RM<RM_AMOUNT> dah siap. Share <OTP> ke <PHONE> untuk proceed atau hilang peluang ini.,scam,perplexity_sonar,mixed
Kementerian Kewangan: Sara Aid RM<RM_AMOUNT> pending. Klik <URL> claim sebelum <DATE> atau akaun bank anda blocked dari subsidi.,scam,perplexity_sonar,mixed
Fast action required! RM<RM_AMOUNT> Bantuan Tunai Rahmah approved. Verify di <URL> sekarang atau no more assistance untuk anda.,scam,perplexity_sonar,mixed
"Scam alert fake? No, this real! STR claim RM<RM_AMOUNT> tunggu confirmation. Hantar details ke <PHONE> atau bantuan dibuang.",scam,perplexity_sonar,mixed
Deadline hampir! e-Wallet topup RM<RM_AMOUNT> Bantuan Sara Hidup. Klik <URL> input <OTP> atau subsidy frozen effective <DATE>.,scam,perplexity_sonar,mixed
"Assalamualaikum, salah masukkan nombor hp saya masa daftar BigPay tadi. Tolong forwardkan TAC yang datang ke nombor ni, saya desperate nak bayar hospital bill mak, boleh tak tolong? 😭 <OTP>",scam,perplexity_sonar,mixed
"Hi, maaf ya, saya tersalah register nombor awak untuk akaun Maybank saya. TAC dah hantar ke phone awak tu. Tolong bagi je lah, saya lagi nak transfer duit important sekarang, tolong help! 🙏 <OTP>",scam,perplexity_sonar,mixed
"Salam, nombor saya salah entry masa verify BigPay app. Saya dalam masalah besar, nak guna TAC tu urgent untuk bayar ubat. Boleh forward ke sini? Terima kasih banyak-banyak! 😢 <OTP>",scam,perplexity_sonar,mixed
"Eh, sorry lah, tersalah taip nombor hp masa buat system upgrade RHB banking. TAC yang awak dapat tu mine, tolong hantar balik cepat, saya kena settle loan hari ni kalau tak habis! Pls help bro. <OTP>",scam,perplexity_sonar,mixed
"Hai, saya lagi desperate ni. Salah daftar nombor awak untuk transaksi BigPay saya. Tolong je forward TAC code yang baru je masuk tu, nak selamatkan RM<RM_AMOUNT> duit poket! 😞 <OTP>",scam,perplexity_sonar,mixed
"Maaf ganggu, nombor hp tersalah hantar TAC Maybank saya ke phone awak. Saya sakit dan kena bayar doktor sekarang, tolong tolong forward code tu ya? Jangan abaikan pls! 🥺 <OTP>",scam,perplexity_sonar,mixed
"Assalamualaikum, system upgrade CIMB banking salah hantar TAC ke nombor awak. Saya dalam krisis keluarga, urgent nak guna code tu. Boleh help forward? Terima kasih ya abang! 😔 <OTP>",scam,perplexity_sonar,mixed
"Hi sis, tersalah register BigPay guna nombor awak. TAC dah datang, tolong bagi lah, saya nak beli makanan untuk anak-anak lapar ni. Help me please! 🙏 <OTP>",scam,perplexity_sonar,mixed
"Salam, maaf ya salah entry hp number masa verify Public Bank. Saya desperate nak complete transaction RM<RM_AMOUNT> untuk emergency. Forward TAC je lah tolong! 😭 <OTP>",scam,perplexity_sonar,mixed
"Eh tolong lah, BigPay saya salah hantar TAC ke nombor ni masa system upgrade. Saya lagi susah, nak bayar bil hospital mak. Cepat forward code tu boleh? Thanks ya! 🥺 <OTP>",scam,perplexity_sonar,mixed
"Cikgu sini! Pelaburan crypto syariah compliant, 300% profit dalam 24 jam je! Deposit <RM_AMOUNT> ke Maybank akaun ni sekarang atau slot penuh! Klik <URL> cepat xleh tunggu!",scam,perplexity_sonar,mixed
"Bro, jom masuk group Telegram Cikgu Emas! Gold trading halal, untung 500% esok pagi. Transfer <RM_AMOUNT> ke CIMB <PHONE> atau hilang peluang! Urgent la!",scam,perplexity_sonar,mixed
"Nak kaya cepat? Investment Bitcoin syariah, 400% return 1 hari! Masuk group cikgu, hantar <RM_AMOUNT> Maybank sekarang atau ketinggalan train! <URL> tu!",scam,perplexity_sonar,mixed
"Emergency! Peluang emas digital, 350% profit guaranteed syariah way. Deposit <RM_AMOUNT> ke Public Bank <PHONE> dlm 30min atau tutup! Jom cepat!",scam,perplexity_sonar,mixed
"Oi, group Cikgu Crypto panas nih! 250% dalam 24jam, halal 100%. Transfer <RM_AMOUNT> RHB sekarang, bagi <OTP> confirm atau lambat nanti rugi besar!",scam,perplexity_sonar,mixed
"Cepat masuk! High yield gold scheme syariah, untung 600% esok! Hantar <RM_AMOUNT> ke UOB akaun <PHONE> atau slot ambik orang lain. <URL> klik la!",scam,perplexity_sonar,mixed
"Warning! Pelaburan crypto cikgu ni closing <DATE>, 300% profit je! Deposit Maybank <RM_AMOUNT> sekarang atau miss out forever! Urgent bro!",scam,perplexity_sonar,mixed
"Nk untung gila? Emas syariah compliant, 450% return 1 hari. Transfer <RM_AMOUNT> ke Ambank <PHONE> cepat, group penuh dah ni!",scam,perplexity_sonar,mixed
"Cikgu alert! Bitcoin halal trading, 200%+ profit malam ni. Hantar <RM_AMOUNT> CIMB + <OTP> atau ketinggalan bonus! <URL> masuk group!",scam,perplexity_sonar,mixed
Last chance! Peluang investment gold crypto syariah 500% dalam 24jam. Deposit <RM_AMOUNT> ke HKSB <PHONE> sekarang atau hilang segala! Cepat!,scam,perplexity_sonar,mixed
JPJ Notice: Your vehicle <DATE> kena saman RM<RM_AMOUNT> for speeding at PLUS highway. Settle sekarang via <URL> or kena blacklist. Call <PHONE> for assist.,scam,perplexity_sonar,mixed
PDRM Road Accident Dept: Ada minor accident claim RM<RM_AMOUNT> for settle tepi jalan. Enter OTP <OTP> at <URL> to receive payment fast. Urgent!,scam,perplexity_sonar,mixed
"JPJ Summon Alert: Unpaid fine RM<RM_AMOUNT> from <DATE> at LDP. Bayar online <URL> with Maybank/PBB card. Jangan tunggu, or summons double.",scam,perplexity_sonar,mixed
Official JPJ: Kereta anda involved small bump <DATE>. Entitle settlement RM<RM_AMOUNT>. Verify at <URL> and key in <OTP> sekarang.,scam,perplexity_sonar,mixed
Road Safety Dept: Saman JPJ RM<RM_AMOUNT> pending for overtaking violation. Settle cepat <URL> before court summon. Contact <PHONE>.,scam,perplexity_sonar,mixed
PDRM Traffic: Fake accident report settle tepi RM<RM_AMOUNT> available. Click <URL> masukkan phone no and OTP <OTP> to claim.,scam,perplexity_sonar,mixed
JPJ Enforcement: Your plate kena fine RM<RM_AMOUNT> <DATE> Karak Highway. Pay via <URL> CIMB or Public Bank. Avoid blacklisting.,scam,perplexity_sonar,mixed
Accident Settlement Notice: Minor collide entitle RM<RM_AMOUNT> settle tepi. Proceed <URL> input <OTP> for instant transfer.,scam,perplexity_sonar,mixed
JPJ Sama Notice: RM<RM_AMOUNT> unpaid from <DATE> EDL toll. Bayar sekarang <URL> or vehicle suspended. Call <PHONE> queries.,scam,perplexity_sonar,mixed
PDRM Road Claim: Ada settle tepi jalan RM<RM_AMOUNT> for reported incident. Confirm at <URL> with your OTP <OTP> hari ini.,scam,perplexity_sonar,mixed
"Eh bro, salah hantar TAC la ni! BigPay aku nk verify je, tolong forward OTP yang dtg tu kat <PHONE> cepat sikit xleh delay!",scam,perplexity_sonar,mixed
"URGENT! TAC BigPay aku terhantar salah ke no kau. Tolong bagi OTP sekarang atau akaun aku kena block, nk transfer RM<RM_AMOUNT> je!",scam,perplexity_sonar,mixed
"Maybank TAC salah hantar kat kau tu! System upgrade hari ni, forward OTP ke <PHONE> la kalau x nk akaun kena freeze terus!",scam,perplexity_sonar,mixed
"Help verify BigPay aku bro, TAC dtg salah no. Cepat bagi <OTP> tu kat <PHONE> xleh tunggu lama, urgent gila!",scam,perplexity_sonar,mixed
"RHB TAC aku hilang, salah hantar ke kau! Tolong reply OTP sekarang atau duit RM<RM_AMOUNT> aku hilang, call <PHONE> cepat!",scam,perplexity_sonar,mixed
"System upgrade CIMB, TAC terhantar salah! Forward <OTP> ke <PHONE> la bro, kalau x bank block akaun kau sekali nanti!",scam,perplexity_sonar,mixed
"BigPay TAC salah ke no kau ni! Nk confirm transaction RM<RM_AMOUNT> je, tolong bagi OTP cepat atau kena lapor polis!",scam,perplexity_sonar,mixed
"Eh salah hantar TAC Maybank! Help aku verify la, reply <OTP> kat <PHONE> sekarang xleh lambat system upgrade!",scam,perplexity_sonar,mixed
"URGENT BigPay! TAC dtg salah no, forward OTP tu cepat ke <PHONE> kalau x duit kau pun boleh hilang jugak!",scam,perplexity_sonar,mixed
"Public Bank TAC salah hantar! System upgrade <DATE>, tolong bagi <OTP> sekarang atau akaun suspend terus, call <PHONE>!",scam,perplexity_sonar,mixed
"Hai lah, 恭喜你！你的Bantuan Sara Hidup RM<RM_AMOUNT> 已approved，由MyKasih系统。快click <URL> 领取到你的Maybank/Boost e-wallet，la super easy！😘",scam,perplexity_sonar,mixed
亲爱的，SARA For All RM100 已到账，但要confirm OTP <OTP> 然后click <URL> transfer ke Touch n Go atau bank你。别miss哦，sweet deal ni！💋,scam,perplexity_sonar,mixed
"Wah, good news！政府Bantuan RM<RM_AMOUNT> 批准了，针对所有18岁以上MyKad holder。Reply <PHONE> 或 <URL> claim sekarang，can beli barang penting la。😉",scam,perplexity_sonar,mixed
宝贝，你的Sumbangan Asas Rahmah 已ready RM100。Just klik <URL> link masukkan IC number，马上进到你的e-wallet。Hurry before <DATE>！🥰,scam,perplexity_sonar,mixed
Hey handsome/pretty，RM<RM_AMOUNT> Sara Hidup bantuan approved untuk你。Click <URL> verify dengan OTP <OTP>，direct credit ke CIMB/GrabPay。Worth it tau！😍,scam,perplexity_sonar,mixed
Lah sis/bro，最新SARA RM100 for all Malaysians！MyKasih通知你approved。Go <URL> claim，support local bank seperti Public Bank。Fast fast la！🌟,scam,perplexity_sonar,mixed
亲，Bantuan Tunai Sara Hidup RM<RM_AMOUNT> 已confirm。Send你的<PHONE> number kat <URL> untuk activate e-wallet transfer。Jangan lambat哦，宝贝！💕,scam,perplexity_sonar,mixed
"Super exciting！你的RM100 SARA aid 2026 已loaded，但need click <URL> 输入OTP <OTP> ke RHB atau ShopeePay。Claim now, shiok gila！😜",scam,perplexity_sonar,mixed
"Hai sayang，政府批准Bantuan Sara Hidup RM<RM_AMOUNT> untuk你MyKad。Simple je, <URL> link tu follow steps till masuk wallet。Miss not！🙌",scam,perplexity_sonar,mixed
Yo，SARA RM100 bantuan dah okay！Klik <URL> sebelum <DATE>，masukkan details bank (Maybank/Public) untuk redeem。Easy money la，come on！😘,scam,perplexity_sonar,mixed
"ASSALAMUALAIKUM. Ini ASP Rahman dari PDRM HQ. Nama awak terlibat dalam kes penyeludupan paket dadah dari Thailand ke KL, nilai RM<RM_AMOUNT>. Waran tangkap dah keluar. Tolong la, settle sekarang sebelum arrest malam ni. Hantar <OTP> ke <PHONE> atau transfer ke akaun secure: <URL>",scam,perplexity_sonar,mixed
"Peringatan KE-3! Dari Pegawai LHDN, Encik Ali. Akaun bank awak (Maybank) guna untuk money laundering, RM<RM_AMOUNT> dikesan. Kalau tak bayar denda segera, polis datang tangkap. Kasihan family awak, tolong la cooperate. Call <PHONE> atau klik <URL> untuk settle.",scam,perplexity_sonar,mixed
"Urgent! Ini Timbalan Pendengar Mahkamah Tinggi. Paket dengan ganja sintetik pake nama awak, siasatan sedang jalankan. Bayar <RM_AMOUNT> untuk freeze kes ni, kalau tak besok pagi handcuff kat rumah. Tolong la jangan buat susah, hantar <OTP> sekarang: <URL>",scam,perplexity_sonar,mixed
"Salam, ASP Siti dari CID PDRM. Data awak link dengan syndicate pencucian wang, parcel drugs tu dari Macau. Waran arrest active sejak <DATE>. Saya tolong la kalau awak transfer ke akaun block dulu. Jangan biar anak isteri susah: <PHONE> atau <URL>",scam,perplexity_sonar,mixed
"NOTIS RASMI LHDN. Akaun CIMB awak involve money laundering investigation, RM<RM_AMOUNT> suspicious. Kalau tak settle bayaran, PDRM akan datang. Kasihan la awak, family jangan kena bawa balik. Masukkan <OTP> di <URL> segera!",scam,perplexity_sonar,mixed
"Peringatan Akhir dari Pegawai Mahkamah. Nama awak dalam senarai warrant tangkap atas paket drugs tersembunyi. Bayar <RM_AMOUNT> untuk clear nama, sebelum operasi malam ni. Tolong la, jangan nak buat saya arrest awak: Call <PHONE> atau <URL>",scam,perplexity_sonar,mixed
"Ini dari PDRM Bukit Aman, Inspektor Hassan. Parcel dengan heroin pake IC awak, money laundering jugak. Dah ada waran, tapi saya boleh tolong kalau settle sekarang. Family awak jangan risau, transfer ke <URL> atau <OTP> ke <PHONE>",scam,perplexity_sonar,mixed
"URGENT NOTIS LHDN. Investigation money laundering, akaun Public Bank awak flagged RM<RM_AMOUNT>. Polis standby untuk arrest. Saya simpati la situation awak, tolong cooperate cepat: <URL> untuk bayar denda.",scam,perplexity_sonar,mixed
"Wassalam, Pegawai SPRM. Awak terlibat laundering duit dari paket drugs, siasatan mendalam. Bayar <RM_AMOUNT> atau waran keluar esok. Kasihan la, jangan sampai anak tangkap sekali. Hantar <OTP> ke <PHONE> sekarang!",scam,perplexity_sonar,mixed
Final Reminder Mahkamah Rayuan. Kes drugs package dan money laundering bawah nama awak sejak <DATE>. Tolong la settle <RM_AMOUNT> sebelum PDRM ketuk pintu. Saya tolong block warrant: Klik <URL> atau call <PHONE>,scam,perplexity_sonar,mixed
"Salam, JPJ notice: Anda ada saman <RM_AMOUNT> dari <DATE> di Jalan Tun Razak. Settle sekarang via <URL> atau kena bayar double. Call <PHONE> for details.",scam,perplexity_sonar,mixed
JPJ Official: Unpaid summon RM<RM_AMOUNT> recorded on <DATE>. Click <URL> to settle online with Maybank/PBB. Avoid arrest warrant lah.,scam,perplexity_sonar,mixed
"Hi, from JPJ PDRM. Accident minor kat tepi jalan <DATE>, settle <RM_AMOUNT> now at <URL>. Enter <OTP> to confirm payment. Urgent!",scam,perplexity_sonar,mixed
JPJ Alert: Saman traffic <RM_AMOUNT> belum bayar sejak <DATE>. Bayar cepat via <URL> using CIMB or Touch n Go. Jangan tunggu summons baru.,scam,perplexity_sonar,mixed
Settle tepi jalan accident claim: <RM_AMOUNT> owed from <DATE> incident. Link <URL> for RHB bank payment. Call <PHONE> if query.,scam,perplexity_sonar,mixed
JPJ Notification: Fine <RM_AMOUNT> for speeding <DATE>. Settle immediately at <URL> or vehicle akan disita. Use Public Bank details.,scam,perplexity_sonar,mixed
Official JPJ: Minor collision settlement <RM_AMOUNT> due <DATE>. Click <URL> masukkan <OTP> to pay via UOB. Fast and easy bro.,scam,perplexity_sonar,mixed
PDRM JPJ: Outstanding saman <RM_AMOUNT> from <DATE>. Bayar sekarang <URL> with Ambank. Ignore and kena blacklist kereta.,scam,perplexity_sonar,mixed
"JPJ Road Fine: <RM_AMOUNT> unpaid sejak <DATE>. Settle online <URL>, enter <PHONE> for verification. No need go balai polis.",scam,perplexity_sonar,mixed
Accident tepi jalan notice: Claim <RM_AMOUNT> <DATE>. Link <URL> for quick settlement via Hong Leong Bank. Call <PHONE> support.,scam,perplexity_sonar,mixed
"Assalamualaikum, abang/ kakak. Saya dari Kementerian Keuangan. Bantuan Sara Hidup anda RM<RM_AMOUNT> dah approved tapi kena claim cepat sebelum <DATE> atau akan hilang. Tolong klik <URL> untuk verify akaun Maybank anda. Kami desperate nak tolong rakyat miskin macam kami dulu.",scam,perplexity_sonar,mixed
"Hai, saudara. Bantuan Tunai Rahmah (STR) RM<RM_AMOUNT> ready untuk anda tapi sistem e-Wallet Touch 'n Go kena update. Kalau tak, subsidy freeze! Click <URL> sekarang, kami pun susah nak bagi bantuan ni. Jangan buang masa.",scam,perplexity_sonar,mixed
"Salam, kak. Approved Bantuan Sara Hidup RM<RM_AMOUNT> untuk keluarga susah macam kita. Masukkan <OTP> di <URL> untuk transfer ke Boost wallet anda. Cepat ya, sebelum tamat <DATE>. Tolong la, kami nak semua rakyat senyum.",scam,perplexity_sonar,mixed
"Abang, maaf ganggu. Dana e-Wallet anda layak RM<RM_AMOUNT> bantuan kerajaan tapi kena confirm bank CIMB details di <URL>. Kalau lambat, hilang forever. Kami pun desperate, jangan jadi mangsa lagi.",scam,perplexity_sonar,mixed
"Wassalam, kakak. Sumbangan Asas Rahmah RM<RM_AMOUNT> dah siap tapi kena klik <URL> untuk link ke Public Bank. Bantuan ni untuk orang susah je, tolong claim sebelum <DATE> atau kami sedih sangat.",scam,perplexity_sonar,mixed
"Hai bro, Bantuan Sara Hidup approved RM<RM_AMOUNT> masuk e-Wallet ShopeePay anda. Verify dengan <PHONE> atau klik <URL>. Kami dari jabatan bantuan, hidup susah ni, cepat la claim.",scam,perplexity_sonar,mixed
"Salamualaikum. RM<RM_AMOUNT> STR bantuan untuk anda tapi akaun RHB kena check di <URL>. Jangan freeze subsidy, kami pun miskin dulu, tolong cooperate cepat sebelum <DATE>.",scam,perplexity_sonar,mixed
"Kak, desperate ni. Bantuan Tunai Rahmah RM<RM_AMOUNT> ready tapi kena masukkan IC di <URL> untuk e-Wallet GrabPay. Approved dah, jangan buang peluang macam kami dulu.",scam,perplexity_sonar,mixed
"Assalam, abang. Sara Hidup aid RM<RM_AMOUNT> untuk keluarga susah approved. Klik <URL> confirm UOB wallet anda atau hilang <DATE>. Kami nak tolong betul-betul, please la.",scam,perplexity_sonar,mixed
"Hai, saudari. Bantuan e-Wallet RM<RM_AMOUNT> dah okay tapi kena update di <URL> untuk bank Hong Leong. Cepat sebelum tamat, kami pun desperate bagi bantuan rakyat miskin ni.",scam,perplexity_sonar,mixed
"Shopee Official: Your order #SH123456 from <DATE> got system error during payment. Pls pay again RM<RM_AMOUNT> to Maybank 5123-45-6789 or PM tepi for refund wallet. Urgent, otherwise cancel order. Click <URL> now.",scam,perplexity_sonar,mixed
"Lazada Support: Hai, your recent purchase RM<RM_AMOUNT> on <DATE> failed due to glitch. Transfer to Public Bank 4567-89-0123 for instant refund to ShopeePay wallet. Kalau tak, order gone liao. Reply <OTP> to confirm.",scam,perplexity_sonar,mixed
"Carousell Seller: Bro, your item already ship but payment issue. System error need top up RM<RM_AMOUNT> to CIMB 1234-56-7890. Lepas tu refund wallet masuk terus. PM tepi if got problem ah.",scam,perplexity_sonar,mixed
"Mudah.my Notice: Order confirmation for your listing. Payment RM<RM_AMOUNT> on <DATE> pending due to error. Pls resend to RHB 7890-12-3456 for full refund to Touch n Go wallet. Fast fast la, before expire.",scam,perplexity_sonar,mixed
Shopee Refund Team: Urgent alert! Your RM<RM_AMOUNT> transaction <DATE> error. Transfer balance to Maybank 5678-90-1234 get back double in Shopee coins. PM or call <PHONE> sekarang.,scam,perplexity_sonar,mixed
"Lazada Admin: Your order got issue, payment not process properly on <DATE>. Send RM<RM_AMOUNT> to Public Bank 2345-67-8901 untuk claim refund wallet. Kalau lambat, lose everything sia.",scam,perplexity_sonar,mixed
"Carousell Official: Seller here, your buy RM<RM_AMOUNT> need verification. System error, transfer to CIMB 8901-23-4567 then PM tepi for wallet refund. Quick ah bro.",scam,perplexity_sonar,mixed
"Mudah.my Support: Payment failed for item RM<RM_AMOUNT> <DATE>. Top up to RHB 3456-78-9012 get instant ShopeePay refund. Reply with <OTP> to proceed, jangan tunggu.",scam,perplexity_sonar,mixed
"Shopee System: Error detected in your Lazada cross-order RM<RM_AMOUNT>. Resend payment to Maybank 9012-34-5678 for auto refund to wallet. Urgent, click <URL> or PM now la.",scam,perplexity_sonar,mixed
"Lazada Seller: Hai customer, order shipped but payment glitch <DATE>. Transfer RM<RM_AMOUNT> to Public Bank 6789-01-2345 then refund masuk Mudah wallet terus. Call <PHONE> if slow.",scam,perplexity_sonar,mixed
Urgent: Tahfiz centre in KL kena banjir <DATE>. Sila derma kilat RM<RM_AMOUNT> untuk beli buku & makanan anak-anak yatim. Transfer to Maybank <ACCOUNT> or klik <URL> sekarang. Terima kasih!,scam,perplexity_sonar,mixed
Yayasan Yatim Piatu Malaysia: Emergency appeal for orphans affected by banjir. Dona RM<RM_AMOUNT> via CIMB <ACCOUNT> or <URL>. Your sedekah counts! Call <PHONE> for details.,scam,perplexity_sonar,mixed
"Lost wallet at LRT station, no duit for bus balik kampung. Tolong tolong RM<RM_AMOUNT> to Public Bank <ACCOUNT>. Allah balas nanti. Confirm <OTP> here: <URL>",scam,perplexity_sonar,mixed
Derma kilat! Tahfiz Al-Hidayah lost all donations in fire <DATE>. Bantu anak-anak hafiz with RM<RM_AMOUNT>. FPX to RHB <ACCOUNT> or visit <URL>. Jazakallah!,scam,perplexity_sonar,mixed
Official: Orphanage drive for Ramadhan. Sponsor iftar RM<RM_AMOUNT> per child. Transfer AmBank <ACCOUNT> or klik <URL>. Verify with <PHONE>. Sedekah jariyah!,scam,perplexity_sonar,mixed
"Kena rompoh! Dompet hilang di pasar malam, tak boleh bayar Grab balik rumah. Pinjam RM<RM_AMOUNT> to UOB <ACCOUNT>. Reply <OTP> or <URL> to confirm. Terima kasih banyak!",scam,perplexity_sonar,mixed
Persatuan Tahfiz Malaysia: Kilat donation for 50 yatim post-banji. Dona RM<RM_AMOUNT> via Hong Leong <ACCOUNT>. Safe & secure <URL>. Hubungi <PHONE> for receipt.,scam,perplexity_sonar,mixed
Emergency: Foundling orphans need shelter repairs. Sumbang RM<RM_AMOUNT> sekarang to Standard Chartered <ACCOUNT>. Klik <URL> & enter <OTP>. Your help urgent!,scam,perplexity_sonar,mixed
"Dompet ketinggalan di bus RapidKL, tak ada wang untuk makan malam. Tolong RM<RM_AMOUNT> to Alliance Bank <ACCOUNT>. Balas dengan <OTP> atau <URL>. InsyaAllah balas dendam!",scam,perplexity_sonar,mixed
Yatim Piatu Selangor: Derma kilat untuk buku tahfiz baru. RM<RM_AMOUNT> to Public Islamic Bank <ACCOUNT>. Verify <URL> or call <PHONE>. Mari bantu bersama!,scam,perplexity_sonar,mixed
"Hey sayang, Bantuan Sara Hidup kau dah approved RM<RM_AMOUNT>! Click <URL> je nk claim terus ke e-wallet Maybank kau. Cepat la, jgn xleh hilang ni! 😘",scam,perplexity_sonar,mixed
"Woi bro, selamat! STR e-Wallet transfer RM<RM_AMOUNT> on <DATE> 2:15PM. Verify <PHONE> atau klik <URL> nk activate. Jom kaya sikit! 😉",scam,perplexity_sonar,mixed
"Cucuk manis, kau layak Bantuan Tunai Rahmah RM<RM_AMOUNT>. Masuk <URL> masukkan <OTP> je, duit masuk Touch n Go kau instan. Jangan tunggu la sayang! 💋",scam,perplexity_sonar,mixed
"Hai gurl, approved dah Sara Hidup kau RM<RM_AMOUNT> dari govt. Klik <URL> claim sekarang, straight to CIMB wallet. Sedap kan? 😍",scam,perplexity_sonar,mixed
"Eh abang, Instant Transfer Bantuan RM<RM_AMOUNT> on <DATE>. Call <PHONE> atau <URL> untuk unlock. Jgn biar ketinggalan ye handsome! 🔥",scam,perplexity_sonar,mixed
"Sayangku, e-Wallet kau dapat RM<RM_AMOUNT> Sara bonus! Verify kat <URL> dengan <OTP>, masuk Public Bank je. Cepat claim sebelum habis! 🥰",scam,perplexity_sonar,mixed
"Bro, Bantuan Sara Hidup RM<RM_AMOUNT> ready! Klik <URL> nk topup Boost wallet kau. Xleh reject la, free duit ni! 😜",scam,perplexity_sonar,mixed
"Cantik, kau qualified STR RM<RM_AMOUNT> on <DATE>. Masuk <URL> je, masukkan bank details sikit. Duit masuk RHB fast je! 💕",scam,perplexity_sonar,mixed
"Hey darling, RM<RM_AMOUNT> Bantuan approved ke wallet kau! Call <PHONE> atau <URL> untuk confirm. Jom belanja kau lepas ni! 😉",scam,perplexity_sonar,mixed
"Adik, Sara e-Wallet transfer RM<RM_AMOUNT> dah siap! Klik <URL> verify <OTP>, masuk Ambank terus. Jangan xleh la, nak treat kau! 😘",scam,perplexity_sonar,mixed
"Sayang! Pilot handsome ni dah hantar hadiah istimewa untuk you je! Paket tu stuck kat customs KLIA, kena bayar <RM_AMOUNT> ke Maybank untuk release. Cepat lah transfer, nanti kita celebrate besame! ❤️ <PHONE>",scam,perplexity_sonar,mixed
"Baby, engineer cinta aku dah beli emas untuk kita! Parcel gold tu ditahan Jabatan Kastam, bayar cukai <RM_AMOUNT> guna CIMB Click. Excited gila nak jumpa you! Hantar sekarang ya sayang! 💎 <PHONE>",scam,perplexity_sonar,mixed
"Habibti! Pilot international ni love you so much, hantar parcel berisi wang RM1 juta untuk masa depan kita. Stuck di customs Port Klang, tolong bayar <RM_AMOUNT> ke Public Bank. Jom kaya sama-sama! 🚀 <PHONE>",scam,perplexity_sonar,mixed
"Dear cinta, engineer oil rig aku dah ship hadiah luxury watch + cash! Kena settle fee <RM_AMOUNT> dengan RHB Bank sebab held kat customs. Can't wait peluk you! Transfer cepat love! ⏰❤️ <PHONE>",scam,perplexity_sonar,mixed
"Sweetheart! Pilot jet ni super excited, hantar paket diamond untuk tunangan kita. Ditahan Kastam Malaysia, bayar <RM_AMOUNT> via Hong Leong Bank. Kita happily ever after soon! 💍 <PHONE>",scam,perplexity_sonar,mixed
"My love, engineer proyek besar dah kirim hadiah wang tunai untuk beli rumah! Parcel stuck, kena <RM_AMOUNT> ke AmBank untuk lepas. Gembira gila bayang kita bersama! 🏠💕 <PHONE>",scam,perplexity_sonar,mixed
"Sayangku! Pilot airlines ni hantar suprise parcel full gift untuk you. Customs tahan, bayar duty <RM_AMOUNT> guna UOB Malaysia. Hurry up, nanti fly balik jumpa! ✈️😍 <PHONE>",scam,perplexity_sonar,mixed
"Darling, engineer construction aku love you forever! Hantar box emas + cash, kena bayar <RM_AMOUNT> ke Standard Chartered untuk release dari customs. Epic moment nak datang! 🌟 <PHONE>",scam,perplexity_sonar,mixed
"Cinta hati, pilot cargo ni dah ship hadiah mewah untuk kita honeymoon! Stuck kat customs, settle <RM_AMOUNT> dengan Alliance Bank. Teruja nak cium you! 💋🛫 <PHONE>",scam,perplexity_sonar,mixed
"Baby boo! Engineer petroleum super gembira, parcel wang besar tu ready untuk you. Kastam minta <RM_AMOUNT> via OCBC Bank je. Kita start new life kaya raya! 💰❤️ <PHONE>",scam,perplexity_sonar,mixed
"PDRM here lah! Your name got link to drug package from KLIA, waran tangkap dah keluar. Transfer <RM_AMOUNT> to this account sekarang or we come arrest you at home sia!",scam,perplexity_sonar,mixed
"Oi, LHDN speaking! You involve money laundering case, RM<RM_AMOUNT> tax unpaid. Click <URL> verify details fast, if not polis datang tangkap you tomorrow morning lah!",scam,perplexity_sonar,mixed
"Emergency from PDRM JB! Parcel with ganja got your IC details, investigation on-going. Share <OTP> now or we blacklist your Maybank account and arrest whole family ah!",scam,perplexity_sonar,mixed
"Mahkamah notice! You under money laundering probe, waran issued <DATE>. Call <PHONE> immediately or PDRM team will come handcuff you at office la bro!",scam,perplexity_sonar,mixed
"PDRM HQ alert! Drug syndicate use your CIMB account for washing money. Transfer <RM_AMOUNT> to secure account via <URL> cepat-cepat, else jail 10 tahun sia!",scam,perplexity_sonar,mixed
"LHDN urgent! Your name in drug parcel list from Penang, owe RM<RM_AMOUNT> fine. Enter <OTP> here <URL> to settle, if not court summon and arrest warrant out liao!",scam,perplexity_sonar,mixed
"Attention! PDRM officer here, you got waran tangkap for money laundering with Public Bank. Click <URL> pay bail <RM_AMOUNT> now or we raid your house tonight lah!",scam,perplexity_sonar,mixed
"Mahkamah KL call! Parcel drugs link to your HP number, investigation confirm. Transfer to this acc fast via <PHONE> or polis fetch you for lockup ah stupid!",scam,perplexity_sonar,mixed
"PDRM anti-drug unit! Your IC use for syabu package, money trail to your RHB account. Share <OTP> and click <URL> settle RM<RM_AMOUNT>, no time waste or arrested!",scam,perplexity_sonar,mixed
"LHDN + PDRM joint ops! You in hot soup, money laundering + drug mule case. Waran dah print <DATE>, call <PHONE> transfer <RM_AMOUNT> sekarang or game over la!",scam,perplexity_sonar,mixed
"Shopee order #12345 system error, sila bayar balik RM<RM_AMOUNT> ke wallet untuk process refund. PM tepi sekarang: <URL>",scam,perplexity_sonar,mixed
"Lazada seller here. Barang dah ready tapi kena topup RM<RM_AMOUNT> untuk ship dari KL. Transfer Maybank <PHONE> fast, limited stock.",scam,perplexity_sonar,mixed
Mudah.my listing: iPhone 15 RM800 only! Confirm order via <URL> dan masukkan OTP <OTP> untuk lock harga.,scam,perplexity_sonar,mixed
Carousell alert: Pembayaran anda gagal process. Sila klik <URL> update details dan bayar RM<RM_AMOUNT> semula ke ShopeePay.,scam,perplexity_sonar,mixed
"Hi buyer, parcel dihold PosLaju sebab address incomplete. Update sekarang kat <URL> atau refund wallet hilang.",scam,perplexity_sonar,mixed
"Shopee flash sale error: Overpay RM<RM_AMOUNT>, claim refund via link <URL>. Masukkan phone no dan OTP untuk verify.",scam,perplexity_sonar,mixed
"Lazada seller PM: Barang dari China delayed, bayar extra RM<RM_AMOUNT> handling fee ke CIMB account. Cepat before <DATE>.",scam,perplexity_sonar,mixed
"Mudah urgent: Buyer lain nak ambil item. Transfer RM<RM_AMOUNT> sekarang ke Touch n Go wallet, details <URL>.",scam,perplexity_sonar,mixed
"Carousell system notice: Order cancelled auto, rebook dengan pay RM<RM_AMOUNT> kat <URL> guna Public Bank.",scam,perplexity_sonar,mixed
"Shopee support: Refund process stuck, sila klik <URL> confirm identity dengan OTP dan topup RM<RM_AMOUNT> untuk release.",scam,perplexity_sonar,mixed
"URGENT! Hiring Manager sini. Part-time affiliate TikTok like & share. Earn RM500 daily, work from home. Reply YA sekarang atau hilang peluang! <PHONE>",scam,perplexity_sonar,mixed
Jangan buang masa! Kami hiring untuk YouTube share job. Gaji RM800 sehari dari rumah. Hantar <OTP> cepat atau position taken! <PHONE>,scam,perplexity_sonar,mixed
"Panggilan terakhir! TikTok affiliate part-time, like je pun boleh earn RM600 daily. Work from home. Tak reply, kami bagi orang lain. <URL>",scam,perplexity_sonar,mixed
"Awas! Manager rekrutmen. Job share TikTok, RM500/hari mudah. Dari rumah sahaja. Hantar nama & <PHONE> SEKARANG atau ketinggalan!",scam,perplexity_sonar,mixed
"Hiring segera! Part-time YouTube like & share. Bayar RM700 daily, WFH. Jangan tunggu, slot limited! Reply <OTP> fast.",scam,perplexity_sonar,mixed
Bahaya lambat! Kami cari affiliate TikTok. Earn RM450 sehari like & share je. Kerja rumah. Hantar <URL> atau hilang forever!,scam,perplexity_sonar,mixed
"Manager HR speaking. Job part-time share YouTube, gaji RM550 daily from home. Reply YA atau kami blacklist nombor awak! <PHONE>",scam,perplexity_sonar,mixed
"Cepat! Peluang TikTok affiliate WFH, RM900 daily mudah. Like & share sahaja. Tak action sekarang, rugi besar! <OTP>",scam,perplexity_sonar,mixed
Warning! Position YouTube part-time closing. Earn RM650/hari kerja rumah. Hantar details ke <PHONE> IMMEDIATELY tak payah fikir panjang.,scam,perplexity_sonar,mixed
"Last chance! Hiring Manager. TikTok like job, RM500 daily WFH. Share je pun ok. Delay reply, peluang cabut! <URL>",scam,perplexity_sonar,mixed
"Salam sayang! Ada jemputan kahwin adik ipar saya yang cantik ni, wedding invitation special. Download APK untuk view full details ya, jangan miss! <URL>",scam,perplexity_sonar,mixed
"Hai handsome, menu card majlis perkahwinan kawan saya sangat menarik. Click download APK sekarang untuk tengok menu sedap-sedap tu. Cepat lah! <URL>",scam,perplexity_sonar,mixed
"Assalamualaikum! Bank Maybank anda perlu update app segera untuk elak suspended. Download latest APK dari sini, friendly reminder je. <URL>",scam,perplexity_sonar,mixed
"Dear, ada parcel PosLaju anda tertanggung di customs. Bayar RM25 dulu dengan download APK payment, senang je process. Tolong ya! <URL>",scam,perplexity_sonar,mixed
"Wow, anda menang lottery Magnum RM10,000! Claim sekarang dengan download APK verification. Lucky you, cepat download! <URL>",scam,perplexity_sonar,mixed
"Cakap je lah sayang, Public Bank detect issue pada account anda. Update app APK dari link ni untuk secure, jangan risau. <URL>",scam,perplexity_sonar,mixed
"Special invitation kahwin saudara saya, very exclusive! Download APK to view pretty designs dan RSVP. Can't wait see you there! <URL>",scam,perplexity_sonar,mixed
"Hai pretty, CIMB bank app anda kena update mandatory. Download APK sini je, simple steps untuk smooth banking. Thanks! <URL>",scam,perplexity_sonar,mixed
"Adik ipar hantar menu card kahwin, sedap nampak! Download APK untuk zoom in recipes tu, yummy gila. Jom try! <URL>",scam,perplexity_sonar,mixed
"Urgent ya! RHB Bank minta confirm OTP untuk reset PIN. Share <OTP> anda sekarang, atau download APK untuk assist. Cepat balas! <PHONE>",scam,perplexity_sonar,mixed
"Assalamualaikum bro, maaf sangat ganggu. Saya penjual Shopee, order <RM_AMOUNT> anda ada system error, kena bayar balik sikit untuk refund wallet. Tolong PM tepi cepat, nanti duit hilang. <PHONE>",scam,perplexity_sonar,mixed
"Hai sis, saya dari Lazada. Barang anda dah siap hantar tapi ada masalah payment, tolong transfer <RM_AMOUNT> ke akaun Maybank saya untuk unlock refund. Desperate ni, family saya sakit. WhatsApp <PHONE> sekarang.",scam,perplexity_sonar,mixed
"Salam, order Mudah.my anda kena cancel sebab insufficient payment. Saya seller, tolong topup <RM_AMOUNT> via Touch n Go, nanti full refund masuk wallet. Maaf ya, saya baru start bisnes, mohon tolong. <PHONE>",scam,perplexity_sonar,mixed
"Bro, Carousell deal kita ada issue, system bilang need OTP untuk process refund <RM_AMOUNT>. Tolong hantar <OTP> kat saya cepat, nanti duit balik terus. Saya desperate, hutang banyak. Call <PHONE>",scam,perplexity_sonar,mixed
"Maaf ganggu, saya seller Shopee. Pesanan anda stuck sebab error, bayar extra <RM_AMOUNT> ke CIMB untuk activate refund. Family saya susah, tolong lah sis. PM saya <PHONE>.",scam,perplexity_sonar,mixed
"Hai, Lazada order anda failed payment. Saya tolong settle kalau transfer <RM_AMOUNT> dulu ke Public Bank, refund 100% guaranteed. Sakit hati kalau tak jadi, mohon help. <PHONE>",scam,perplexity_sonar,mixed
"Assalamualaikum, Mudah seller here. Ada masalah teknikal, need bayar <RM_AMOUNT> lagi untuk dapatkan barang dan refund balance. Saya single mother, desperate betul. WhatsApp <PHONE>",scam,perplexity_sonar,mixed
"Sis, Carousell transaksi kita error system. Tolong send <RM_AMOUNT> ke RHB akaun saya, nanti wallet refund masuk sekejap. Maaf ya, bisnes saya hampir tutup. <PHONE>",scam,perplexity_sonar,mixed
"Bro, Shopee pesanan anda kena bayar balik <RM_AMOUNT> sebab glitch, untuk proses refund penuh. Saya seller baru, tolong support. Call <PHONE> urgent.",scam,perplexity_sonar,mixed
"Salam, dari Lazada support. Order stuck, transfer <RM_AMOUNT> ke UOB untuk unlock dan dapat refund wallet. Hidup susah ni, mohon belas kasihan. PM <PHONE> sekarang.",scam,perplexity_sonar,mixed
Woi! Bantuan Sara Hidup lu APPROVED! RM<RM_AMOUNT> masuk e-wallet Touch n Go je. Klik <URL> cepat claim sebelum <DATE> lepas ni! Excited gila!!,scam,perplexity_sonar,mixed
"Yayy! Gov btl nk bagi RM<RM_AMOUNT> SARA aid kat lu! Approved dah, verify OTP <OTP> & klik <URL> nk topup Boost wallet. Jgn xleh miss!!",scam,perplexity_sonar,mixed
Congrats bro! Bantuan Hidup RM<RM_AMOUNT> dah confirm untuk lu. Masuk Maybank2u e-wallet. Call <PHONE> atau klik <URL> claim sekarang! Hype giler!,scam,perplexity_sonar,mixed
"Wah lau eh! RM<RM_AMOUNT> SARA cash approved & ready transfer ke ShopeePay lu. Klik <URL> je, masukkan IC & claim sebelum <DATE>. Power!!",scam,perplexity_sonar,mixed
"Hebat gak! Gov bagi bantuan RM<RM_AMOUNT> untuk rakyat miskin macam lu. E-wallet Grab ready, klik <URL> & verify <OTP>. Jangan lambat tk!",scam,perplexity_sonar,mixed
"Alert! RM<RM_AMOUNT> Bantuan Sara Hidup dah APPROVED kat akaun lu. Topup ke CIMB Fastcash, klik <URL> sekarang atau hilang forever. Excited tak?",scam,perplexity_sonar,mixed
"Yesss! Lu qualify RM<RM_AMOUNT> SARA e-wallet claim. Puki, cepat klik <URL> masukkan phone no & claim ke Touch n Go. Before <DATE> je!",scam,perplexity_sonar,mixed
"Boom! Bantuan RM<RM_AMOUNT> Hidup approved untuk semua. Transfer ke Boost wallet lu, call <PHONE> confirm atau klik <URL>. Jangan sia2!!",scam,perplexity_sonar,mixed
"Super exciting! RM<RM_AMOUNT> gov aid SARA dah siap untuk lu claim. E-wallet Maybank je, klik <URL> & OTP <OTP> verify. Nk kaya cepat?",scam,perplexity_sonar,mixed
"Hooray! Approved Bantuan Sara Hidup RM<RM_AMOUNT> masuk GrabPay lu. Jgn xleh, klik <URL> sekarang sebelum <DATE> & duit hilang. Gempak gila!",scam,perplexity_sonar,mixed
"Salam sayang! Tadi ada k accident kecil kat jalan tu, nak settle tepi je RM<RM_AMOUNT> je. Click <URL> confirm details & bayar via Maybank2u, cepat lah before polis datang. 😉",scam,perplexity_sonar,mixed
"Hai handsome! JPJ saman baru keluar untuk kereta awak, <RM_AMOUNT> sahaja. Settle sekarang kat <URL> guna CIMB Clicks, senang & tak kena blacklist. Call <PHONE> if doubt ya! 💋",scam,perplexity_sonar,mixed
"Assalamualaikum! Ada notifikasi JPJ saman dari <DATE>, bayar RM<RM_AMOUNT> kat <URL> terus. Guna Public Bank app je, friendly reminder ni untuk elak masalah besar. 😘",scam,perplexity_sonar,mixed
"Eh bro, tadi nearly bump tepi jalan, settle amicable RM<RM_AMOUNT> kat <URL>. Masukkan OTP & bank details, RHB easy peasy. Jom cepat settle! 🔥",scam,perplexity_sonar,mixed
"Cantiknya hari ni! JPJ hantar notice saman <RM_AMOUNT> untuk speeding. Bayar kat <URL> guna Hong Leong Connect, claim discount 50% if bayar now. Love you! ❤️",scam,perplexity_sonar,mixed
"Salam! Accident minor kat highway, nak 'settle tepi' RM<RM_AMOUNT> je. Pergi <URL>, verify dengan <OTP> & transfer AmBank. Tak payah risau, senang settle. 😍",scam,perplexity_sonar,mixed
"Hey darling! JPJ saman parking keluar, RM<RM_AMOUNT>. Click <URL> bayar via UOB Malaysia, masuk OTP untuk confirm. Jangan tunggu lama ya, kawan baik aku! 😉",scam,perplexity_sonar,mixed
"Pagi yang indah! Ada saman JPJ dari <DATE>, settle RM<RM_AMOUNT> kat <URL> guna Alliance Bank. Cepat bayar, nanti free ticket event JPJ. Wink wink! 💕",scam,perplexity_sonar,mixed
"Oops, k accident tepi jalan tadi, RM<RM_AMOUNT> je nak settle. <URL> tu bayar Maybank QE, masukkan <PHONE> untuk verify. Smooth lah macam ni! 😜",scam,perplexity_sonar,mixed
"Sayang, JPJ notifikasi saman traffic RM<RM_AMOUNT>. Settle friendly kat <URL> dengan Standard Chartered app & <OTP>. Jom clear sekarang, no stress! 🥰",scam,perplexity_sonar,mixed
亲爱的Cikgu投资群成员，最新Syariah Compliant黄金投资机会！投资<RM_AMOUNT>可获300%利润在24小时内。快click <URL> 注册Maybank账户验证。机会有限，lah！,scam,perplexity_sonar,mixed
紧急通知！Cikgu Crypto Group专属高收益方案，RM<RM_AMOUNT>起投，Syariah合规，保证<DATE>前300%回报。请输入<OTP>确认Public Bank转账到安全账户。<URL>,scam,perplexity_sonar,mixed
尊敬的投资老师，加入我们WhatsApp黄金投资群！无风险300%利润24小时见效，符合Syariah原则。只限今日，transfer <RM_AMOUNT>到CIMB via <URL> 立即激活。Jangan lepaskan peluang！,scam,perplexity_sonar,mixed
Cikgu，最新加密货币高利项目上线！投资<RM_AMOUNT>，24小时300%利润，100% Syariah Compliant。快call <PHONE> 或访问<URL> 链接Hong Leong Bank账户。Limited slots！,scam,perplexity_sonar,mixed
专业提醒：黄金投资VIP群邀请！<RM_AMOUNT>本金，Syariah批准，300%回报在<DATE>。请verify <OTP> 并transfer到RHB账户。<URL> 行动前别miss out，bro！,scam,perplexity_sonar,mixed
Hai Cikgu！Cikgu Gold Scheme现在开放，超高yield 300% dalam 24 jam，fully Syariah compliant。Invest <RM_AMOUNT> via <URL>，用Maybank app confirm。Hurry up！,scam,perplexity_sonar,mixed
投资警报！加入Syariah Crypto群，<RM_AMOUNT>起，承诺300%利润24小时内。输入<PHONE> 获取专属链接<URL>，转账Public Bank立即开始。Exclusive offer！,scam,perplexity_sonar,mixed
亲爱的群友，Cikgu高收益黄金计划！无风险，Syariah标准，300% return by <DATE>。Click <URL> 绑定CIMB卡，transfer <RM_AMOUNT> 现在。Fast action required！,scam,perplexity_sonar,mixed
官方邀请：WhatsApp Cikgu投资平台，新Syariah黄金方案。<RM_AMOUNT>投资=300%利润24小时。Verify via <OTP> 到Hong Leong账户，访问<URL>。Jangan tunggu！,scam,perplexity_sonar,mixed
Cikgu专属！Crypto金矿机会，Syariah compliant，300%高回报在24 jam。<RM_AMOUNT> minimum，transfer RHB via <URL>。Call <PHONE> 咨询，limited time only，lah！,scam,perplexity_sonar,mixed
"Oi bro! Eh sial lah, I keyed wrong number for my BigPay login, the TAC <OTP> sent to you sia! Quick send back to me lah, I got RM<RM_AMOUNT> stuck inside, super urgent hospital bill! Excited tak? Help la bro! <PHONE>",scam,perplexity_sonar,mixed
"Woi! Maybank TAC wrongly sent to you leh! I register BigPay tapi salah nombor, <OTP> tu mine! Forward cepat la, I mau transfer RM<RM_AMOUNT> to family, they waiting! Wah so hype sia, thanks ya!",scam,perplexity_sonar,mixed
"Hey lah! Help verify my BigPay account bro, system upgrade need your TAC <OTP> confirm! I accidentally put your no., got RM<RM_AMOUNT> bonus inside! Send now la, exciting gila ni!",scam,perplexity_sonar,mixed
"Alamak! RHB Bank TAC <OTP> mistakenly to your phone! I doing online shopping BigPay, salah enter no. Quick pass to me lah, I bayar RM<RM_AMOUNT> bills, super rush! Hype up bro!",scam,perplexity_sonar,mixed
"Bro! BigPay system upgrade, your no. kena pick wrongly, TAC <OTP> for me! Help send back la, I got RM<RM_AMOUNT> to claim, too exciting cannot tahan! Call <PHONE> if got issue!",scam,perplexity_sonar,mixed
"Wah lau eh! CIMB TAC <OTP> sent wrong to you sia! I register BigPay account, need it urgent for transfer RM<RM_AMOUNT>! Cepat forward, so hype this one, win big maybe!",scam,perplexity_sonar,mixed
"Oi friend! Wrongly sent TAC <OTP> from my Public Bank BigPay login! Help la, send to <PHONE>, I mau top up RM<RM_AMOUNT> fast fast, excited giler ni promotion!",scam,perplexity_sonar,mixed
"Eh bro! BigPay verification TAC <OTP> accidentally yours! System upgrade kena share back la, got RM<RM_AMOUNT> inside waiting! Super hype, quick reply!",scam,perplexity_sonar,mixed
"Siao ah! My HL Bank TAC <OTP> salah hantar to you for BigPay! I emergency need, transfer RM<RM_AMOUNT> to mum, send now la bro! Hype sia this chance!",scam,perplexity_sonar,mixed
"Hey lah! UOB BigPay TAC <OTP> wrongly registered your no.! Help verify and send back cepat, RM<RM_AMOUNT> stuck for shopping! Wah too exciting, thanks ya hero!",scam,perplexity_sonar,mixed
"Hai bro/sis, nama saya Hiring Manager dari TikTok Affiliate Team. Kami tengah cari part-timer nak like & share video TikTok je, boleh earn **RM500** sehari dari rumah. Saya sendiri pun susah sekarang, family takde duit, tolong join la group ni <URL>. Start sekarang ah?",scam,perplexity_sonar,mixed
"Eh korang, desperate gila lah ni. Saya Hiring Manager, ada job part-time like YouTube video & share je, bayar **RM500** daily straight to Maybank akaun kau. Work from home, senang gila. Tolong try la, saya pun nak duit urgent untuk bayar hutang. Reply <PHONE> cepat!",scam,perplexity_sonar,mixed
"Assalamualaikum, Hiring Manager sini. Kami hiring untuk TikTok like & share task, earn **RM500** sehari je duduk rumah. Ekonomi susah, saya pun takde kerja stabil, tolong la join <URL> & verify dengan <OTP>. Jom start, nanti transfer RM masuk akaun Public Bank kau.",scam,perplexity_sonar,mixed
"Bro, saya Hiring Manager dari affiliate program. Like video YouTube sikit, share la, boleh dapat **RM500** hari-hari. Saya family sakit, takde wang, desperate nak cari orang join. Work from home je, click <URL> sekarang & hantar screenshot. Tolong la!",scam,perplexity_sonar,mixed
"Hai, Hiring Manager speaking. Ada part-time job like TikTok video & subscribe channel, bayar **RM500** daily ke CIMB akaun. Saya pun miskin lah sekarang, hutang banyak, tolong join group <URL> & masukkan <OTP> untuk start. Senang duit masuk la!",scam,perplexity_sonar,mixed
"Oi sis, Hiring Manager tu. Kami cari part-timer TikTok like & share, earn **RM500** sehari from home. Saya sendiri jobless, anak lapar, tolong la try job ni. Pergi <URL>, hantar proof like, nanti duit transfer cepat. Jangan skip ah!",scam,perplexity_sonar,mixed
"Selamat pagi, saya Hiring Manager. Job part-time YouTube like & share video je, **RM500** daily masuk RHB akaun. Hidup susah gila, saya pun nak duit untuk makan, join <URL> sekarang & reply <PHONE>. Boleh start hari ni <DATE>?",scam,perplexity_sonar,mixed
"Halo, Hiring Manager dari TikTok team. Like sikit video, share la, earn **RM500** sehari rumah je. Keluarga saya kena masalah kewangan, desperate betul, tolong la support dengan join <URL> & verify <OTP>. Duit masuk cepat!",scam,perplexity_sonar,mixed
"Eh abang, Hiring Manager nih. Part-time job affiliate YouTube, like & subscribe je, bayar **RM500** daily ke UOB bank. Saya pun takde rezeki lately, hutang menumpuk, tolong join group <URL> & hantar screenshot task pertama. Makasih ya!",scam,perplexity_sonar,mixed
"Hai semua, saya Hiring Manager. Ada kerja part-time TikTok like & share, **RM500** sehari work from home. Ekonomi teruk, saya family takde apa-apa, tolong la cuba <URL> & masukkan <PHONE> untuk details. Nanti transfer RM on <DATE>, janji!",scam,perplexity_sonar,mixed
Baby! Aku pilot xleh jumpa kau lagi lama ni! Hantar parcel penuh hadiah emas & jam tangan Rolex untuk kau je! Tapi stuck kat customs KLIA! Bayar <RM_AMOUNT> cukai cepat la nk release! Transfer Maybank la sayang! <URL>,scam,perplexity_sonar,mixed
"Sayangku! Engineer aku di rig laut, hantar gift spesial iPhone 16 Pro Max + wang poket RM10k untuk kau! Parcels kena tangkap customs JB! Tolong hantar <RM_AMOUNT> je nk ambik! Guna CIMB la cepat! Excited gila nak jumpa! <PHONE>",scam,perplexity_sonar,mixed
"Habis cinta! Pilot handsome ni hantar parcel besar isi beg LV & cincin berlian untuk tunang kita! Stuck customs Penang, bayar <RM_AMOUNT> taxes dulu! Nk flying balik Malaysia minggu depan! Transfer Public Bank la beb! <URL>",scam,perplexity_sonar,mixed
"Woi sayang! Aku engineer oil rig, surprise parcel penuh barang branded + duit RM20k untuk kau beli kereta! Customs Singapore kena bayar <RM_AMOUNT>! Cepat la transfer ke RHB nk release! Hype gila ni! <OTP>",scam,perplexity_sonar,mixed
Cinta! Pilot aku hantar gift mewah - tas Gucci & smartwatch untuk kau je! Parcels terperangkap customs LCCT! Tolong bayar <RM_AMOUNT> cukai sekarang! Guna bank Islam la! Nk peluk kau ASAP! <URL>,scam,perplexity_sonar,mixed
"Babygirl! Engineer ni hantar parcel spesial hadiah emas 24k + baju branded untuk date kita! Stuck kat customs KL, bayar <RM_AMOUNT> je! Transfer Ambank cepat! Excited nak balik Malaysia! <PHONE>",scam,perplexity_sonar,mixed
"Sayang hati! Aku pilot, hantar suprise box penuh wang RM15k & perfume Channel untuk kau! Customs Ipoh pegang, kena <RM_AMOUNT> taxes! Tolong la transfer Maybank! Nk kahwin cepat! <URL>",scam,perplexity_sonar,mixed
"Wow cinta! Engineer rig hantar gift besar - laptop Macbook & cincin untuk kau! Parcels kena customs Melaka, bayar <RM_AMOUNT> dulu nk ambik! Guna UOB la sayang! Hype nak jumpa! <OTP>",scam,perplexity_sonar,mixed
"Beb! Pilot ni hantar parcel penuh hadiah anniversary - jam Omega & duit saku! Stuck customs Kota Kinabalu, cepat bayar <RM_AMOUNT>! Transfer Hong Leong nk release! Gila excited! <URL>",scam,perplexity_sonar,mixed
"Tunanganku! Aku engineer, surprise parcel isi tas Hermes + RM25k untuk rumah kita! Customs Shah Alam tangkap, tolong hantar <RM_AMOUNT> je! Bank Muamalat la cepat! Nk peluk kau sekarang! <PHONE>",scam,perplexity_sonar,mixed
"Hi, this is Shopee Seller Support. Your order RM<RM_AMOUNT> ada system error semasa payment. Tolong bayar balik sikit kat wallet ni untuk process refund. PM tepi je la, click <URL> sekarang sebelum <DATE>. Terima kasih!",scam,perplexity_sonar,mixed
"Lazada official notice: Order anda untuk item RM<RM_AMOUNT> kena stuck sebab payment glitch. Transfer semula ke Maybank account kami untuk release parcel. Jangan risau, duit akan balik double. Reply <PHONE> or visit <URL>. Urgent!",scam,perplexity_sonar,mixed
"Assalamualaikum, Mudah.my admin here. Pembeli dah bayar RM<RM_AMOUNT> tapi system error, perlu verify dengan OTP <OTP>. Hantar kat kami untuk confirm delivery. Kalau tak, order cancel. Click <URL> la cepat.",scam,perplexity_sonar,mixed
Carousell team notification: Your recent purchase RM<RM_AMOUNT> eligible for full refund tapi kena top-up RM50 dulu untuk wallet activation. Standard procedure je. PM seller or go <URL> sebelum <DATE>. Easy peasy!,scam,perplexity_sonar,mixed
"Shopee Customer Service: Ada issue dengan order RM<RM_AMOUNT>, payment tak masuk full. Tolong transfer balance ke Touch n Go eWallet kami untuk settle. Lepas tu auto refund. Contact <PHONE> if problem.",scam,perplexity_sonar,mixed
"Dear buyer, Lazada detects duplicate payment RM<RM_AMOUNT>. Untuk claim balik, verify account via link <URL>. Masukkan OTP dari phone anda. Proses cepat, duit masuk wallet dalam 5 minit. Terima kasih kerjasama.",scam,perplexity_sonar,mixed
"Mudah seller centre: Parcel anda ready tapi custom charge RM<RM_AMOUNT> pending. Bayar sekarang kat <URL> supaya boleh ship. Kalau lambat, auto cancel. Reply ya atau tak?",scam,perplexity_sonar,mixed
"Carousell support alert: System error lead to overcharge RM<RM_AMOUNT>. Refund process start with small verification fee. Transfer to CIMB account, then full amount balik. Click <URL> for details.",scam,perplexity_sonar,mixed
"Hi from Shopee, order confirmation RM<RM_AMOUNT> ada glitch. Tolong hantar OTP <OTP> dan bayar lagi sekali untuk sync payment. Parcel akan sampai esok. Urgent, jangan tunggu <DATE>. Thanks!",scam,perplexity_sonar,mixed
"Lazada admin: Pembayaran RM<RM_AMOUNT> tak complete sebab bank issue. Top up wallet sikit kat <URL> untuk proceed. Full refund after. Standard Shopee policy, selamat je. Call <PHONE> for help.",scam,perplexity_sonar,mixed
宝贝，紧急啊！我的飞机刚在KLIA落地，送你的惊喜礼物包被海关扣住了！需要付<RM_AMOUNT> RM到Maybank账户才能放行，不然他们要销毁！快帮我转账 lah，爱你！<PHONE>,scam,perplexity_sonar,mixed
亲爱的，我是你的工程师老公，现在在槟城港口，给你买的珠宝礼包裹卡在customs！要<RM_AMOUNT> RM税款，赶紧用Public Bank转过去，不然礼物没了！不要拖，马上！<URL>,scam,perplexity_sonar,mixed
Sayang，我pilot礼物箱子在吉隆坡海关出问题了！他们说缺<RM_AMOUNT> RM清关费，用CIMB Bank付，不然24小时内没收！快点帮我，jangan biar hilang！<OTP>,scam,perplexity_sonar,mixed
紧急！我的love，送你的名牌包礼被Malaysia customs拦住，需要<RM_AMOUNT> RM到RHB账户release！我是你工程师，不付就丢了！现在转 lah，爱你到死！<PHONE>,scam,perplexity_sonar,mixed
宝贝，bad news！我在沙巴飞机的礼物parcel被扣customs，要付<RM_AMOUNT> RM罚款用Hong Leong Bank，不然他们烧掉！快行动，cannot wait！<DATE>,scam,perplexity_sonar,mixed
亲爱的pilot在这里，KL customs抓了我送你的金饰礼物！紧急转<RM_AMOUNT> RM到AmBank，不然警察来拿走！帮我快速 lah，永远爱你！<URL>,scam,perplexity_sonar,mixed
Alamak，sayang！工程师礼物箱在柔佛海关卡住，需要<RM_AMOUNT> RM duties到UOB Bank！不付就没收，hurry up transfer，现在就做！<PHONE>,scam,perplexity_sonar,mixed
紧急通知！我的宝贝，pilot从新加坡带的惊喜礼包裹被扣，需要<RM_AMOUNT> RM清关用Maybank！拖延就罚更多，马上帮我！爱你哦！<OTP>,scam,perplexity_sonar,mixed
亲爱的，terrible！我在马六甲的礼物被customs hold，要<RM_AMOUNT> RM到Public Bank release！我是你工程师，jangan lambat，礼物要没了！<DATE>,scam,perplexity_sonar,mixed
快！Love，我pilot礼物在怡保海关问题大，需要立即<RM_AMOUNT> RM税到CIMB账户，不然全没了！帮我转账 lah，紧急情况！<PHONE>,scam,perplexity_sonar,mixed
"J&T Express sini. Parcel awak alamat salah, tertahan kat depot. Bayar RM25 sekarang atau barang balik kampung! Klik <URL> cepat!",scam,perplexity_sonar,mixed
"Pos Laju alert! Barang awak ada masalah customs, unpaid duty RM45. Xleh tunggu lama, bayar kat <URL> atau kena musnah!",scam,perplexity_sonar,mixed
DHL Malaysia. Parcel penting awak tertahan sebab alamat tak tepat. Urgent bayar RM30 handling fee <URL> nk ambik barang!,scam,perplexity_sonar,mixed
"Oi, Pos Laju ni. Parcel awak kena bayar cukai RM68 sebab overweight. Kalau xbayar 24jam, hilang je! <URL> sekarang!",scam,perplexity_sonar,mixed
"J&T tuan/puan. Ada parcel salah alamat, nak redirect kena RM22. Cepat bayar <URL> atau kami return sender!",scam,perplexity_sonar,mixed
DHL urgent! Customs duty unpaid RM55 untuk parcel awak. Bayar kat <URL> atau polis ambik alih kes ni!,scam,perplexity_sonar,mixed
"Pos Laju warning. Barang awak tertahan depot, bayar RM38 clearance fee <URL>. Lambat nanti kena bayar lebih!",scam,perplexity_sonar,mixed
"J&T Express. Alamat parcel salah, kena bayar RM29 correction. Klik <URL> segera kalau nk selamatkan barang!",scam,perplexity_sonar,mixed
DHL sini bro. Parcel awak ada issue customs RM72. Urgent bayar <URL> atau barang confiscate terus!,scam,perplexity_sonar,mixed
Pos Laju notice! Unpaid fee RM41 untuk parcel tertahan. Bayar sekarang <URL> x tu hilang parcel tu je lah!,scam,perplexity_sonar,mixed
"Hai bro, cikgu here from Syariah Gold Group! Invest RM1,000 in our halal gold scheme, dapat 300% profit dalam 24 jam je. Join WhatsApp group sekarang: <URL>",scam,perplexity_sonar,mixed
"Eh sayang, teacher ajak you masuk high-yield crypto trade. Syariah compliant, RM500 start, balik RM5,000 esok pagi! Click <URL> to register lah.",scam,perplexity_sonar,mixed
"Good news! Cikgu's VIP group offer 500% return on Bitcoin mining, fully halal. Transfer to Maybank <PHONE> for RM2,000, profit masuk akaun you cepat. <URL>",scam,perplexity_sonar,mixed
"Darling, jom join my Teacher Investment Circle. Gold bar scheme, 400% untung in 1 day, syariah approved. Start with <RM_AMOUNT>, link sini: <URL>",scam,perplexity_sonar,mixed
"Bro, limited slots! Cikgu punya crypto fund bagi 350% profit harian, no risk sikit pun. Syariah compliant, WhatsApp group ready: <URL>",scam,perplexity_sonar,mixed
"Sayangku, teacher invite you to secret gold trade. RM800 je, dapat RM8,000 balik 24jam! Halal & best, join cepat <URL>",scam,perplexity_sonar,mixed
"Hai, cikgu from Halal Crypto Traders. 300% return guaranteed, syariah way. Transfer ke CIMB <PHONE>, then check group: <URL>",scam,perplexity_sonar,mixed
"Eh babe, jangan lepaskan peluang! Teacher's high-yield scheme, 450% profit on gold, fully compliant. Start RM1,500, click <URL> now lah.",scam,perplexity_sonar,mixed
"Cikgu here, special for you: Syariah Bitcoin pool, RM1,000 jadi RM10,000 in 24hrs. Join our WhatsApp cikgu group: <URL>",scam,perplexity_sonar,mixed
"Sweetie, teacher ajak invest crypto gold hybrid. 320% untung cepat, halal 100%. Send to Public Bank <PHONE>, details <URL>",scam,perplexity_sonar,mixed
"Hi, Shopee seller here. Your order RM<RM_AMOUNT> ada system error, kena bayar balik sikit to process refund to ShopeePay wallet. PM tepi or click <URL> now ya.",scam,perplexity_sonar,mixed
Lazada support: Payment for your recent order tak berjaya due to bank issue. Please confirm with <OTP> and top up RM<RM_AMOUNT> via <URL> to avoid cancellation.,scam,perplexity_sonar,mixed
"Hello from Mudah.my seller. Barang dah ready, but delivery charge extra RM<RM_AMOUNT>. Transfer to my Maybank acc or WhatsApp <PHONE> for details cepat.",scam,perplexity_sonar,mixed
"Carousell alert: Your purchase ada problem, system detect duplicate payment. Click <URL> to claim back RM<RM_AMOUNT> into Touch 'n Go wallet sekarang.",scam,perplexity_sonar,mixed
"Shopee team: Order #12345 cannot proceed, kena settle outstanding RM<RM_AMOUNT> first. Resend payment link: <URL>. Terima kasih cooperation.",scam,perplexity_sonar,mixed
"Dear buyer, Lazada seller PM. Pos Laju tracking error, bayar balance RM<RM_AMOUNT> to release parcel. Call <PHONE> or visit <URL> urgent.",scam,perplexity_sonar,mixed
"Mudah.my notice: Seller confirm your item, tapi invoice error need extra RM<RM_AMOUNT>. Transfer CIMB or click <URL> for refund wallet adjustment.",scam,perplexity_sonar,mixed
"Carousell support: Transaction failed, please verify with <OTP> and pay again RM<RM_AMOUNT> via <URL> to get full refund by tomorrow.",scam,perplexity_sonar,mixed
"Hi, from Shopee. Ada overpayment on your order, tapi kena top up RM<RM_AMOUNT> dulu for admin fee. Link sini: <URL>. Jangan lambat ya.",scam,perplexity_sonar,mixed
"Lazada seller: Barang special price, PM tepi for deal. Deposit RM<RM_AMOUNT> to Public Bank acc first, balance after delivery. <PHONE> for query.",scam,perplexity_sonar,mixed
"Hai lah! Hiring Manager dari TikTok Affiliate sini! Kerja part-time like & share video TikTok je, earn RM500 sehari gitu! Work from home, senang gila! Join sekarang <URL>",scam,perplexity_sonar,mixed
"Wah super excited! Saya Hiring Manager, offer job part-time YouTube like, subscribe & share. Guaranteed RM500 daily, boleh buat kat rumah je! Fast join group Telegram <URL>",scam,perplexity_sonar,mixed
"Boom! Peluang besar! TikTok part-time job: Like & share video, earn RM500/hari mudah! Hiring Manager confirm, work from home flexible. Klik <URL> start sekarang!",scam,perplexity_sonar,mixed
"Eh jangan lepaskan! Hiring Manager TikTok hiring untuk affiliate part-time. Like YouTube video & share, RM500 sehari masuk poket! Rumah je kerja, la ni join <URL>",scam,perplexity_sonar,mixed
"Gila best! Job part-time TikTok/YouTube: Like, share je dah earn RM500 daily! Saya Hiring Manager, 100% legit work from home. Masuk group <URL> cepat!",scam,perplexity_sonar,mixed
"Hype gila! Hiring Manager offer part-time affiliate job. TikTok like & YouTube share, RM500 sehari tak bluff! Kerja rumah santai, register <URL> hari ni!",scam,perplexity_sonar,mixed
"Woi cepat lah! Part-time job TikTok: Like video & share, earn RM500/hari power! Hiring Manager tunggu you, work from home je. Link sini <URL>",scam,perplexity_sonar,mixed
"Super hot deal! YouTube affiliate part-time, like & subscribe share je, RM500 daily guaranteed! Hiring Manager confirm, boleh kerja rumah. Join <URL> now!",scam,perplexity_sonar,mixed
"Yay! Exciting job part-time dari Hiring Manager TikTok. Share & like video YouTube/TikTok, RM500 sehari masuk bank! Work from home easy peasy, klik <URL>",scam,perplexity_sonar,mixed
"Mantap lah bro! Hiring Manager cari part-time affiliate. TikTok/YouTube like share je, earn RM500/hari! Rumah je kerja, no stress. Start kat <URL>",scam,perplexity_sonar,mixed
"Hai bro, join our Cikgu Gold Investment group lah! Syariah compliant, 300% profit in 24 hours with Maybank transfer. Start with <RM_AMOUNT> only. Click <URL> now, limited spots! 😍",scam,perplexity_sonar,mixed
"Good morning sis! Teacher here from WhatsApp VIP group. Crypto halal scheme, deposit to CIMB account get 500% return by <DATE>. So easy money, don't miss out ya! <URL>",scam,perplexity_sonar,mixed
"Eh friend, macam mana? Our gold trading 100% Syariah, pour in <RM_AMOUNT> via Public Bank, withdraw 400% profit tomorrow. Join group <PHONE> for details. Sedap gila! 😉",scam,perplexity_sonar,mixed
"Hello sayang, Cikgu got exclusive offer! High-yield crypto, RM<RM_AMOUNT> start, 350% in 1 day. Transfer to our RHB account, Syariah approved. Reply <OTP> to join! 💰",scam,perplexity_sonar,mixed
"Bro, cepat lah! Teacher group giving 250% profit on gold investment, halal way. Use Touch n Go or Maybank2u, click <URL> before slots full. Jom kaya together! 🔥",scam,perplexity_sonar,mixed
"Morning darling! Syariah compliant crypto scheme, invest <RM_AMOUNT> get 300% back in 24hrs. Our WhatsApp group full of winners. Transfer to AmBank, info at <URL>. Hehe 😉",scam,perplexity_sonar,mixed
"Hai cikgu here, special for you! Gold ponzi no, real 450% return fast fast. Deposit via Hong Leong Bank, join <PHONE> group. Syariah ok, don't tell others ya! 😘",scam,perplexity_sonar,mixed
"Sis, our high-yield investment grup teacher approved, 200% profit overnight. RM<RM_AMOUNT> to UOB account, click <URL> claim bonus. Super sedap lah this one! 🌟",scam,perplexity_sonar,mixed
"Eh korang, Cikgu sharing secret: Crypto gold mix, Syariah 380% in 1 day! Start small <RM_AMOUNT> Maybank transfer. Reply yes for <OTP> and link. Jom rich! 💋",scam,perplexity_sonar,mixed
"Hello handsome, join my WhatsApp Cikgu group for halal gold scheme. 280% profit by <DATE>, easy transfer Public Bank. So tempting right? Click <URL> now lah! 😍",scam,perplexity_sonar,mixed
紧急！您的Bantuan Sara Hidup RM100 已批准！快click <URL> 领取，不然过期la！MyKasih 系统waiting for you！,scam,perplexity_sonar,mixed
警告！SARA e-Wallet RM200 今日截止！马上reply <OTP> 或去<URL> claim，不然lose everything！Govt aid cannot miss！,scam,perplexity_sonar,mixed
快点！您的RM100 Sumbangan Asas Rahmah approved！Click <URL> 输入bank details领取，过期就没了！Urgent ni！,scam,perplexity_sonar,mixed
危险！Bantuan Sara Hidup RM150 pending approval。立即call <PHONE> 或visit <URL>，不然被cancel！Hurry up！,scam,perplexity_sonar,mixed
紧急通知！MyKad SARA RM100 credit ready！Go <URL> now claim，用Touch n Go e-Wallet，过期罚款！Fast fast！,scam,perplexity_sonar,mixed
警报！您的RM<RM_AMOUNT> Govt aid 到期前必须claim！Click <URL> verify，不然黑名单！不要delay！,scam,perplexity_sonar,mixed
最后机会！SARA Bantuan RM100 已load到e-Wallet。Reply <PHONE> 或<URL>领取，过了<DATE> 就没了！Act now！,scam,perplexity_sonar,mixed
紧急！Public Bank SARA RM100 等待确认。快去<URL> input IC number claim，不然forfeit！Very urgent！,scam,perplexity_sonar,mixed
警告！Bantuan Sara Hidup RM200 approved tapi pending。Click <URL> sekarang，过期就lose RM！Govt money yours！,scam,perplexity_sonar,mixed
速战速决！您的MyKasih SARA RM100 到期！立即<URL> claim，用Maybank account verify。Missed tak boleh balik！,scam,perplexity_sonar,mixed
"Hai bro, your Bantuan Sara Hidup RM200 dah approved! Family tengah susah, plis click <URL> to claim sekarang before expire. Komen kat <PHONE> if ada problem lah.",scam,perplexity_sonar,mixed
"Emergency! Bantuan Sara Hidup RM150 masuk MyKad you, tapi kena verify e-wallet dulu. Click <URL> cepat, kami miskin gila ni, tolong claim on <DATE>. Jangan lambat ye.",scam,perplexity_sonar,mixed
"Sobat, govt aid RM100 Sara dah ready for you. Life susah sangat, enter <OTP> at <URL> to get into Touch n Go wallet. Tolong la, family lapar nih.",scam,perplexity_sonar,mixed
"Bantuan Sara Hidup RM250 approved! Click <URL> now, kena fast before <DATE>. Kami desperate, bayar processing RM5 je kat <PHONE>. Help us please.",scam,perplexity_sonar,mixed
"Your RM180 Sara e-wallet claim tunggu confirm. Susah hidup sekarang, plis <URL> and balas <OTP> kat sini. Jangan buang masa, tolong family kami.",scam,perplexity_sonar,mixed
"Hai kak, Bantuan Sara Hidup RM120 dah ok, tapi kena link <URL> untuk Maybank transfer. Miskin betul, claim cepat on <DATE> lah bro.",scam,perplexity_sonar,mixed
"Sara aid RM90 ready! Enter IC at <URL> to claim into Boost wallet. Kami tengah pil pahit, plis tolong jangan ignore. Call <PHONE> if stuck.",scam,perplexity_sonar,mixed
"Approved! Bantuan Sara Hidup RM300 for hard times. Click <URL> verify <OTP>, desperate nih family takde makan. Urgent ye.",scam,perplexity_sonar,mixed
"Bro, your RM150 Sara Hidup e-wallet claim ada, tapi expire soon. Susah la hidup, <URL> sekarang and reply <PHONE>. Tolong save kami.",scam,perplexity_sonar,mixed
"Bantuan Sara Hidup RM220 dah lulus! Kena <URL> for CIMB payout on <DATE>. Family menderita, plis claim cepat, jangan buat hati kami pilu.",scam,perplexity_sonar,mixed
Woi! Bantuan Sara Hidup RM<RM_AMOUNT> approved for you! Click <URL> sekarang to claim your e-wallet top-up before <DATE> lah!,scam,perplexity_sonar,mixed
"Exciting news! Your STR aid RM<RM_AMOUNT> ready! Verify with <OTP> and tap <URL> fast fast, don't miss out bro!",scam,perplexity_sonar,mixed
Congrats! Approved for SARA 2026 bantuan RM<RM_AMOUNT> into Touch n Go e-wallet. Claim here: <URL> act now orkan forfeit!,scam,perplexity_sonar,mixed
Hot alert! Govt Bantuan Sara Hidup RM<RM_AMOUNT> for you! Call <PHONE> or click <URL> to get it credited today yeay!,scam,perplexity_sonar,mixed
Yay! Your e-wallet bantuan RM<RM_AMOUNT> under STR scheme confirmed. Hurry click <URL> before expire <DATE> sia!,scam,perplexity_sonar,mixed
"Super fast! Bantuan SARA RM<RM_AMOUNT> approved, direct to Maybank2u or Boost. Enter <OTP> at <URL> now don't delay!",scam,perplexity_sonar,mixed
"Wah lau eh! RM<RM_AMOUNT> Sara Hidup aid waiting! Click <URL> to claim e-wallet bonus, limited time only man!",scam,perplexity_sonar,mixed
Thrilling! Your Malaysia Madani bantuan RM<RM_AMOUNT> ready for claim. Tap <URL> and key in <PHONE> to receive instantly!,scam,perplexity_sonar,mixed
Boom! Approved RM<RM_AMOUNT> STR e-wallet top-up. Act cepat click <URL> before <DATE> or lost forever lah!,scam,perplexity_sonar,mixed
"Hurry up! Bantuan Sara Hidup RM<RM_AMOUNT> for single bujang like you. Claim at <URL> with <OTP> now, shiok man!",scam,perplexity_sonar,mixed
"Tuan/Puan <Name>, ini Pegawai PDRM IPD Kuala Lumpur. Akaun bank anda terlibat dalam kes penyeludupan dadah dari paket barang. Waran tangkap sudah dikeluarkan. Segera hubungi <PHONE> atau transfer RM<RM_AMOUNT> ke akaun selamat untuk elak arrest segera.",scam,perplexity_sonar,mixed
Perhatian! LHDN mengesan aktiviti money laundering dalam transaksi Maybank anda. Paket dengan ganja dikesan atas nama anda. Bayar denda RM<RM_AMOUNT> melalui <URL> sebelum <DATE> atau polis akan datang tangkap anda. Jangan abaikan!,scam,perplexity_sonar,mixed
PDRM CID memanggil anda kerana terlibat siasatan pencucian wang hitam. Paket drugs dari sempadan disita atas nama IC anda. Hantar OTP <OTP> ke <PHONE> untuk verify dan settle RM<RM_AMOUNT> sekarang atau warrant arrest keluar.,scam,perplexity_sonar,mixed
Mahkamah Tinggi KL keluarkan arahan: Anda dalam radar money laundering investigation. Paket berisi syabu ditemui di CIMB locker anda. Urgent transfer RM<RM_AMOUNT> ke akaun rasmi via <URL> atau PDRM akan serbu rumah esok pagi.,scam,perplexity_sonar,mixed
"Ini Timbalan Ketua PDRM. Akaun Public Bank anda flagged untuk drug package dari Thailand. Bayar penalti RM<RM_AMOUNT> segera ke <PHONE> atau face immediate arrest warrant. Jangan contact sesiapa, cooperate sahaja.",scam,perplexity_sonar,mixed
"LHDN audit mendapati money laundering melalui transaksi RHB anda. Paket heroin disita, nama anda listed. Klik <URL> masukkan OTP <OTP> dan settle RM<RM_AMOUNT> sebelum <DATE> atau polis tunggu di pintu.",scam,perplexity_sonar,mixed
Pegawai Mahkamah: Waran tangkap aktif kerana kes paket drugs di Hong Leong Bank. Investigation money laundering on-going. Hubungi <PHONE> transfer RM<RM_AMOUNT> untuk clear nama atau arrested hari ini juga.,scam,perplexity_sonar,mixed
"PDRM Bukit Aman alert: Anda suspect dalam drug smuggling package. Akaun UOB terlibat laundering. Segera bayar RM<RM_AMOUNT> via <URL> atau warrant keluar, team arrest on standby.",scam,perplexity_sonar,mixed
Darurat! LHDN & PDRM joint op: Paket ganja atas nama anda di AmBank. Money laundering charge. Hantar <OTP> ke <PHONE> dan transfer RM<RM_AMOUNT> sekarang untuk avoid court arrest sebelum <DATE>.,scam,perplexity_sonar,mixed
"Ketua Jabatan Siasatan Jenayah PDRM: Investigation money laundering confirm, paket drugs dari Macau di OCBC akaun anda. Urgent settle RM<RM_AMOUNT> ke <URL> atau polis datang tangkap malam ini. Act now!",scam,perplexity_sonar,mixed
J&T Express: Parcel anda tertahan di customs kerana alamat salah & unpaid duty RM<RM_AMOUNT>. Bayar sekarang atau barang dibuang! Klik <URL> cepat.,scam,perplexity_sonar,mixed
"Pos Laju alert! Barang anda stuck di KL hub, bayar customs fee <RM_AMOUNT>RM segera atau return to sender. Update info di <URL> NOW.",scam,perplexity_sonar,mixed
DHL Malaysia: Parcel incoming tertahan. Unpaid duty <RM_AMOUNT>RM + alamat tak lengkap. Klik <URL> bayar urgent atau hilang forever!,scam,perplexity_sonar,mixed
"URGENT dari J&T: Paket anda dihold customs, bayar <RM_AMOUNT>RM duty sekarang atau police ambil tindakan. Link: <URL>",scam,perplexity_sonar,mixed
"Pos Laju: Alamat salah detected! Parcel tertahan, settle <RM_AMOUNT>RM customs charge via <URL> dalam 24jam atau dibakar.",scam,perplexity_sonar,mixed
"DHL: Barang anda problem - unpaid fee <RM_AMOUNT>RM. Klik <URL> update & bayar fast, kalau tidak parcel confiscated!",scam,perplexity_sonar,mixed
"J&T Express warning: Parcel stuck, bayar duty <RM_AMOUNT>RM sebab alamat invalid. Urgent action di <URL> atau lost.",scam,perplexity_sonar,mixed
Pos Laju: Customs hold your parcel! Bayar <RM_AMOUNT>RM sekarang <URL> atau kena denda besar dari kerajaan.,scam,perplexity_sonar,mixed
"DHL urgent: Alamat salah, unpaid customs <RM_AMOUNT>RM. Parcel akan destroyed jika tak bayar via <URL> hari ini!",scam,perplexity_sonar,mixed
"J&T: Parcel anda diwarehouse, settle duty <RM_AMOUNT>RM + fix alamat di <URL> cepat atau tiada delivery lagi.",scam,perplexity_sonar,mixed
"Hi, sorry lah, I accidentally keyed in your number for my Maybank login. The TAC <OTP> was sent to you by mistake. Can forward to me? Urgent transaction for RM500 hospital bill.",scam,perplexity_sonar,mixed
"Hello, this is BigPay support here. Your account needs verification for system upgrade. Please share the TAC code <OTP> you received to <PHONE>. Terima kasih.",scam,perplexity_sonar,mixed
"Eh bro, salah register nombor hp for CIMB Clicks. The OTP <OTP> came to you. Help send back to me, I need to pay RM1,200 for Grab order now.",scam,perplexity_sonar,mixed
"Dear customer, RHB Bank here. Wrongly sent TAC <OTP> to your line during my registration. Please reply with the code to complete my login. Thank you.",scam,perplexity_sonar,mixed
"Hi, BigPay user verification required. System upgrade on <DATE>, please provide the OTP <OTP> sent to you at <PHONE> for security check.",scam,perplexity_sonar,mixed
"Oops, I masuk wrong number for Public Bank internet banking. TAC <OTP> when to you. Can tolong forward? Nak transfer RM800 to family.",scam,perplexity_sonar,mixed
"Good day, this is official from Touch 'n Go eWallet. TAC <OTP> mistakenly sent to your phone. Share it via <URL> to return to owner. Maaf ya.",scam,perplexity_sonar,mixed
"Hello, salah input nombor for my UOB login. The one-time code <OTP> is with you. Please send to this chat, urgent for RM300 payment.",scam,perplexity_sonar,mixed
"BigPay alert: Help verify my account upgrade. Forward the received TAC <OTP> to <PHONE>. Your assistance much appreciated, boleh cepat?",scam,perplexity_sonar,mixed
"Hi there, accidentally registered your hp for HKSBank. TAC <OTP> sent wrongly. Tolong pass to me for RM450 withdrawal, thanks sia.",scam,perplexity_sonar,mixed
"Hiring Manager here. Urgent! Part-time job like & share TikTok videos, earn RM500 daily from home. Reply NOW or lose slot! <URL>",scam,perplexity_sonar,mixed
"Oi, quick lah! We hiring for YouTube like & subscribe job. RM500 sehari, work from home je. Miss this, regret sia! Click <URL> fast!",scam,perplexity_sonar,mixed
"Attention! TikTok affiliate part-time open. Like & share only, dapat RM500 daily. Home-based, start today or quota penuh! <URL>",scam,perplexity_sonar,mixed
"Emergency hiring! YouTube like/share guru needed. RM500 hari ni pun boleh earn. Jangan lambat, reply <PHONE> sekarang!",scam,perplexity_sonar,mixed
"Boss calling! Part-time TikTok job, RM500 daily easy money. Work rumah je, tapi slot limited – act fast or bye bye! <URL>",scam,perplexity_sonar,mixed
"Warning: YouTube affiliate slots closing soon! Like & share, earn RM500 sehari from home. Delay nanti takde chance! <URL>",scam,perplexity_sonar,mixed
"Hiring Manager: TikTok like/share part-time, RM500 daily guaranteed. Home work, tapi must join sekarang or kena orang lain ambil! <PHONE>",scam,perplexity_sonar,mixed
"Cepat lah bro! RM500 daily YouTube job – like, share je. Work from home, urgent fill up quota hari ni! Click <URL>",scam,perplexity_sonar,mixed
"Threat: Miss this TikTok affiliate job, no more RM500 daily easy cash! Part-time home-based, reply <OTP> to claim slot NOW!",scam,perplexity_sonar,mixed
"Last call! Hiring for YouTube like & share, RM500 sehari kerja rumah. Jangan buang masa, or scammer lain ambil! <URL>",scam,perplexity_sonar,mixed
"Bro, salah masuk nombor hp awak la. I punya BigPay account, TAC dah hantar ke no awak tu. Tolong forward <OTP> kat saya cepat, I nak bayar hospital bill mak, desperate gila ni. Pls help!",scam,perplexity_sonar,mixed
"Eh sis, maaf ya, I key in nombor salah masa verify BigPay. Ada OTP/TAC masuk tak? Tolong bagi <OTP> je, I kena settle RM<RM_AMOUNT> payment sekarang, family emergency bro. Nak nangis dah!",scam,perplexity_sonar,mixed
"Help pls! BigPay system upgrade, they sent TAC to your number by mistake. I need it urgently to access my account, lost all duit inside. Forward <OTP> to me, I desperate sangat. Terima kasih banyak!",scam,perplexity_sonar,mixed
"Salah hantar TAC la bro, for my Maybank BigPay. Tolong check phone awak, bagi <OTP> kat saya la, I kena transfer wang to hospital for abang I yang accident. Pls ya, life at stake!",scam,perplexity_sonar,mixed
"OMG, nombor hp I salah register BigPay, TAC when to you. Super urgent, tolong hantar <OTP> sekarang, I nak bayar ubat mak, takde duit lagi. Pity me pls, desperate case ni.",scam,perplexity_sonar,mixed
"Bro, BigPay support here, ada system upgrade, TAC wrongly sent to your no. I punya account kena block if tak verify. Tolong bagi <OTP> cepat, I family punya only hope. Thanks ya!",scam,perplexity_sonar,mixed
"Maaf ganggu, I salah enter no for BigPay verification. Ada <OTP> masuk? Forward je la, I kena settle RM<RM_AMOUNT> medical bill, tak tau nak buat macam mana dah. Help desperate friend!",scam,perplexity_sonar,mixed
"Eh, TAC for BigPay I hantar salah ke no awak. Tolong la bagi code tu <OTP>, I lagi nak transfer to hospital, adik I sakit critical. Jangan biar I suffer ya bro!",scam,perplexity_sonar,mixed
"System upgrade BigPay, they say TAC when wrong number. I desperate nak access account, tolong check & hantar <OTP> kat saya. Family waiting for duit ni, pls pity us!",scam,perplexity_sonar,mixed
"Salah la pulak, BigPay TAC masuk hp awak. I kena guna for urgent payment RM<RM_AMOUNT>, hospital bill ayah. Tolong forward <OTP> je, I nangis kat sini dah desperate!",scam,perplexity_sonar,mixed
兄弟，我现在真的很惨，失业了两个月，孩子要交学费。Cikgu在WhatsApp群说这个Syariah compliant的金投资，24小时300%利润！只投<RM_AMOUNT>试试，帮我一把啦，<URL>注册快！,scam,perplexity_sonar,mixed
Lah wei，我老婆生病，花光积蓄了，好绝望啊。这个crypto方案超好，老师群里很多人赚翻，RM<RM_AMOUNT>变3倍，halal compliant！快来<URL>，机会不等人！,scam,perplexity_sonar,mixed
好兄弟，我欠Maybank贷款，快断供了，救命！加入Cikgu的投资群，黄金crypto，24jam 300% return，Syariah approved。投<RM_AMOUNT>，<URL>马上开始！,scam,perplexity_sonar,mixed
Saya sekarang susah gila，单亲妈妈，孩子没钱吃。这个WhatsApp老师群教投资crypto，高收益300% in 24 hours，Shariah compliant。帮我，click <URL> put <RM_AMOUNT>！,scam,perplexity_sonar,mixed
Wei，最近生意倒闭，欠一堆债，好惨。Cikgu群里这个gold scheme，RM<RM_AMOUNT>赚300%，halal way！Limited slots，<URL> join cepat sebelum habis！,scam,perplexity_sonar,mixed
兄弟们，我中风后没收入，全家靠救济。这个Syariah crypto投资，老师保证24小时300% profit！可怜我，<URL>投<RM_AMOUNT>，救救命啊！,scam,perplexity_sonar,mixed
Lagi susah，PDRM追债，逃都没地方逃。WhatsApp Cikgu群high-yield gold，300% in one day，Shariah ok。快<URL>，put <RM_AMOUNT>，我需要这机会！,scam,perplexity_sonar,mixed
好心人帮帮，我失业的华教老师，薪水拖欠。加入这个群crypto scheme，RM<RM_AMOUNT>变大钱，300% 24hrs，halal investment。<URL>现在啊！,scam,perplexity_sonar,mixed
Ya Allah，我家车祸，花光钱，好绝望。Cikgu推荐Syariah compliant gold crypto，超快300% return！投<RM_AMOUNT> at <URL>，jangan tinggal saya！,scam,perplexity_sonar,mixed
Bro，我被骗光养老钱，现在流落街头。老师WhatsApp群救我，这个high-yield crypto，24小时3倍利润，Shariah certified。快<URL> <RM_AMOUNT>，terima kasih！,scam,perplexity_sonar,mixed
"RM0 CikguGold: Pelaburan emas Syariah compliant! Labur RM<RM_AMOUNT> je, dapat 300% profit dalam 24 jam! Join grup WhatsApp teacher nk kaya cepat. Klik <URL> sekarang xleh tunggu!",scam,perplexity_sonar,mixed
"RM0 CryptoHype: Wah bro, crypto gold rush! Masuk scheme high-yield, Syariah okie, 500% return 1 hari je! Transfer ke Maybank akaun, join cikgu group WA. Call <PHONE> cepat!",scam,perplexity_sonar,mixed
"RM0 PelaburCepat: Nk kaya pantas? Emas digital Syariah, labur <RM_AMOUNT>RM sekarang, untung 400% esok pagi! Grup teacher WA exclusive. Sahkan <OTP> di <URL> la!",scam,perplexity_sonar,mixed
"RM0 EmasBoom: Limited slots je! Pelaburan gold crypto Syariah compliant, 350% profit 24jam guaranteed! Join cikgu WA group, hantar duit Maybank. <URL> masuk sekarang!",scam,perplexity_sonar,mixed
"RM0 KayaGempak: Cikgu ajar pelaburan crypto emas, Syariah 100%, RM<RM_AMOUNT> jadi <RM_AMOUNT>*4 dalam sehari! WA group ready, klik <URL> nk start!",scam,perplexity_sonar,mixed
"RM0 GoldRushMY: Hai, teacher sini! Scheme emas high-yield Syariah, untung 300% je 1 hari xleh lepaskan! Transfer Touch n Go, join grup WA. <PHONE> untuk info!",scam,perplexity_sonar,mixed
"RM0 CryptoSyariah: Pelaburan bombastic! Gold & crypto mix, 450% return 24jam, halal approved. Cikgu group WA tunggu lu, labur <RM_AMOUNT> di <URL> sekarang!",scam,perplexity_sonar,mixed
"RM0 UntungGila: Nk duit banyak? Emas Syariah compliant, 600% profit cepat je! Join teacher WA, hantar OTP <OTP> ke <URL>. Maybank okie bro!",scam,perplexity_sonar,mixed
"RM0 PelaburanHot: Wahh hype gila! Crypto gold scheme cikgu, Syariah safe, 250% dalam 24jam! Grup WA exclusive, klik <URL> transfer RM<RM_AMOUNT> la!",scam,perplexity_sonar,mixed
"RM0 EmasPower: Teacher power pelaburan! High-yield Syariah crypto/emas, untung 400% esok! Join WA group nk kaya, call <PHONE> atau <URL> cepat xleh miss!",scam,perplexity_sonar,mixed
"哎呀！J&T 包裹送到 alamat salah 了，driver 好可怜，已经等很久。快付 <RM_AMOUNT> customs fee 啦，不然 barang kena retur, klik <URL> cepat sikit brother.",scam,perplexity_sonar,mixed
"求求你！Pos Laju parcel 我 tertahan kat warehouse, unpaid duty <RM_AMOUNT> RM je. Saya desperate, tolong bayar dulu via <URL> , nanti barang sampai rumah tomorrow.",scam,perplexity_sonar,mixed
"可怜的 DHL driver salah alamat, parcel stuck. Bayar <RM_AMOUNT> RM customs sekarang, klik <URL> 帮帮忙 lah, 否则我 kena fired.",scam,perplexity_sonar,mixed
"J&T 通知：你的包裹 alamat tak betul, barang tertahan. Saya minta tolong bayar <RM_AMOUNT> duty cepat, <URL> link ni, jangan buat saya susah.",scam,perplexity_sonar,mixed
"紧急！Pos Laju parcel ada masalah, customs charge <RM_AMOUNT> RM unpaid. Driver nangis kat sini, tolong klik <URL> settle, save my job pls.",scam,perplexity_sonar,mixed
"DHL 包裹 tertahan sebab alamat salah, fee <RM_AMOUNT> RM je. Saya very desperate, bayar sekarang <URL>, barang akan deliver hari ni.",scam,perplexity_sonar,mixed
"可怜啊！J&T driver tak jumpa alamat, parcel kena return kalau tak bayar <RM_AMOUNT> customs. Klik <URL> help me out lah, terima kasih banyak.",scam,perplexity_sonar,mixed
"Pos Laju 求助：barang tertahan warehouse, unpaid duty <RM_AMOUNT> RM. Saya tak nak hilang kerja, tolong <URL> bayar sekarang ya.",scam,perplexity_sonar,mixed
"DHL parcel salah alamat, stuck lama dah. Bayar <RM_AMOUNT> RM cepat sikit <URL>, driver ni desperate betul, jangan biar barang rosak.",scam,perplexity_sonar,mixed
"哎哟 J&T 包裹 ada isu customs, tertahan <DATE>. Tolong bayar <RM_AMOUNT> RM via <URL>, saya minta maaf ganggu, tapi very urgent ni.",scam,perplexity_sonar,mixed
"Bro, I super desperate now lah, need money for my sick mak. Got **Pinjaman Wang Berlesen** RM10,000, fast approval, 0% interest, blacklist OK. Just pay RM300 processing fee to <PHONE> Maybank now, loan masuk tomorrow! Pls help, confirm legit[1].",scam,perplexity_sonar,mixed
"Hai, I'm in big problem, family kena accident <DATE>. Ah Long here, approve RM15,000 pinjaman cepat, no check, 0% minat. Transfer RM450 insurance fee to <PHONE>, then duit straight to your CIMB account. Tolong lah, I begging you[1][3].",scam,perplexity_sonar,mixed
"Eh friend, life susah gila, lost job, need RM5,000 urgent. Blacklist pun boleh, **Pinjaman Wang Berlesen** 0% interest, approve 5min. Bayar RM200 upfront processing to <PHONE> Public Bank, loan drop immediately. Save me pls, jangan bazir time[1].",scam,perplexity_sonar,mixed
"Sob sob, my kid schooling fees due tomorrow, takde duit. Got Ah Long pinjaman RM20,000, fast fast approve, no document, blacklist welcome. Hanya RM500 insurance fee ke <PHONE> RHB now, then RM20k masuk! Pls ya, desperate betul[1][5].",scam,perplexity_sonar,mixed
"Lah, everything gone wrong, debt everywhere. **Pinjaman Wang Berlesen** RM8,000 for you, 0% interest, approve walau blacklist. Transfer RM350 processing + insurance to <PHONE> via Touch n Go, duit ready esok pagi. Tolong brother, I macam mana?[1][3].",scam,perplexity_sonar,mixed
"Hi, crying here sia, mak hospital bill RM30k. Ah Long offer pinjaman RM25,000 cepat, no interest, blacklist OK je. Pay RM400 upfront fee ke <PHONE> Maybank2u, loan confirm release. Help me out lah, tak tahan dah[1].",scam,perplexity_sonar,mixed
"Desperate case, car rosak, no money repair. **Pinjaman Wang Berlesen** RM12,000, super fast, 0% minat, even blacklist boleh apply. Just RM250 processing to <PHONE> UOB bank, then done deal. Pls reply cepat, limited slot[1][2].",scam,perplexity_sonar,mixed
"Bro, family kena musibah besar <DATE>, need pinjaman urgent. Ah Long RM18,000, approve instan, no check history. Bayar RM600 insurance fee dulu ke <PHONE> Ambank, duit masuk your acc same day. Save my life pls[1][4].",scam,perplexity_sonar,mixed
"Hai, I broke lah, rent due tak bayar. Got **Pinjaman Wang Berlesen** RM7,000, 0% interest, blacklist pun approve. Transfer RM280 processing fee to <PHONE> HSBC now, loan siap esok. Tolong tolong, jangan ignore[1][5].",scam,perplexity_sonar,mixed
"Eh, super sad, lost all saving in scam before. Now Ah Long pinjaman RM22,000 fast approval, 0% minat, no problem blacklist. Hanya RM450 upfront insurance ke <PHONE> Standard Chartered, then duit your punya. Pls mercy lah[1][3].",scam,perplexity_sonar,mixed
"URGENT! PDRM here. Your name linked to drug package from KLIA, waran tangkap issued <DATE>. Please call <PHONE> now or police coming to arrest you. Confirm with OTP <OTP>.",scam,perplexity_sonar,mixed
"LHDN notice: You involved in money laundering RM<RM_AMOUNT> from Maybank account. Account freeze soon if not settle. Hubungi <PHONE> cepat for verification, desperate case ni.",scam,perplexity_sonar,mixed
"Court order out! Package with drugs under your IC, PDRM tracking you. Transfer RM<RM_AMOUNT> to secure account via <URL> or arrested tomorrow <DATE>. Tolong la cooperate.",scam,perplexity_sonar,mixed
"Oi, PDRM speaking. Your phone number got waran tangkap for laundering case. Call <PHONE> immediately, give OTP <OTP> to cancel or we send team to your house now.",scam,perplexity_sonar,mixed
"LHDN alert: Suspicious drug parcel linked to your CIMB account, investigation on. Pay fine RM<RM_AMOUNT> before <DATE> at <URL> or face court. Please help us clear this.",scam,perplexity_sonar,mixed
"Emergency from Mahkamah! Money laundering probe, your Public Bank involved. Click <URL> and call <PHONE> with OTP <OTP> to avoid arrest. Macam mana ni, tolong settle cepat.",scam,perplexity_sonar,mixed
"PDRM HQ: Drug package seized, your details inside. Waran tangkap active <DATE>. Transfer to this account via <PHONE> or we come fetch you. Very urgent lah brother.",scam,perplexity_sonar,mixed
"LHDN investigation: Your RHB account used for laundering RM<RM_AMOUNT>. Verify now at <URL> or account blocked forever. Call <PHONE>, give <OTP>, desperate for your help.",scam,perplexity_sonar,mixed
"Waran tangkap issued by PDRM for drug involvement. Package from overseas under your name. Hubungi <PHONE> sekarang, follow instructions or police at door. Tolong la don't ignore.",scam,perplexity_sonar,mixed
"Mahkamah notice: Money laundering case, your UOB account flagged. Pay RM<RM_AMOUNT> before <DATE> via <URL>. Call <PHONE> with OTP <OTP> to resolve, please ya urgent.",scam,perplexity_sonar,mixed
Oi! Your car kena saman JPJ RM<RM_AMOUNT> on <DATE>. Settle sekarang kat tepi jalan or kena tangkap! Click <URL> bayar cepat la.,scam,perplexity_sonar,mixed
"Emergency! Accident kat Jalan Tun Razak tadi pagi, settle tepi RM<RM_AMOUNT> before polis datang. Transfer to <PHONE> now ah!",scam,perplexity_sonar,mixed
JPJ alert: Saman unpaid RM<RM_AMOUNT> for speeding <DATE>. Bayar via <URL> or blacklist your kereta forever sia!,scam,perplexity_sonar,mixed
"Bro, your Myvi kena settle tepi accident JB RM<RM_AMOUNT>. Hurry call <PHONE> verify & transfer, late kena court la!",scam,perplexity_sonar,mixed
Saman JPJ RM<RM_AMOUNT> from <DATE> speeding trap. Click <URL> bayar fast or impound kereta tomorrow morning!,scam,perplexity_sonar,mixed
"Accident minor kat highway, settle tepi RM<RM_AMOUNT> now. Enter <OTP> kat <URL> or polis block your IC sia!",scam,perplexity_sonar,mixed
JPJ notice: Unpaid saman RM<RM_AMOUNT> <DATE>. Bayar immediate via link <URL> or fine double & arrest warrant out!,scam,perplexity_sonar,mixed
Eh fast! Kereta you kena saman JPJ RM<RM_AMOUNT> over speed. Settle kat <PHONE> or towed away liao lah!,scam,perplexity_sonar,mixed
Road accident settle tepi RM<RM_AMOUNT> required now <DATE>. Click <URL> input details & bayar before 5pm or kena tangkap!,scam,perplexity_sonar,mixed
Urgent JPJ: Saman RM<RM_AMOUNT> from camera <DATE>. Transfer now kat <PHONE> or blacklist & no renew roadtax ever!,scam,perplexity_sonar,mixed
"Eh sayang, Bantuan Sara Hidup kau approved lah! RM<RM_AMOUNT> masuk e-wallet Touch n Go. Click <URL> verify IC cepat sikit la, jom claim now ah!",scam,perplexity_sonar,mixed
"Hai handsome, good news! STR bantuan RM<RM_AMOUNT> dah siap untuk kau. Masuk Maybank account je la. Reply <OTP> or click <URL> confirm, fast fast claim darling!",scam,perplexity_sonar,mixed
"Baby, kau kena RM<RM_AMOUNT> SARA aid from govt! Approved <DATE>. Transfer to Boost e-wallet. Sila klik <URL> hantar details, don't miss out ah sayang!",scam,perplexity_sonar,mixed
"Woi cutie, Bantuan Sara Hidup RM<RM_AMOUNT> ready for you! Click <URL> to claim into CIMB account. Super easy la, reply <PHONE> if stuck ok?",scam,perplexity_sonar,mixed
"Lah bro, kau menang RM<RM_AMOUNT> e-wallet topup SARA! Govt approved. Go <URL> masukkan IC number je, transfer back fast ah, jom!",scam,perplexity_sonar,mixed
"Sweetie, RM<RM_AMOUNT> Bantuan dah confirm untuk SARA Hidup. Enter <OTP> kat <URL> to get into GrabPay. Cepat la, I tunggu you claim!",scam,perplexity_sonar,mixed
"Eh korang, hot alert! RM<RM_AMOUNT> STR aid masuk Public Bank. Klik <URL> lengkap form, simple je. Claim sekarang before habis quota ah!",scam,perplexity_sonar,mixed
"Darling, SARA bantuan RM<RM_AMOUNT> dah approve <DATE>. Touch n Go e-wallet waiting. Hantar IC photo to <URL>, easy money la sayang!",scam,perplexity_sonar,mixed
"Hai pretty, kau eligible RM<RM_AMOUNT> govt aid! Boost wallet topup ready. Reply <PHONE> or <URL> verify, don't be slow lah, claim now!",scam,perplexity_sonar,mixed
"Yoyoo, Bantuan Sara Hidup RM<RM_AMOUNT> for you! Maybank transfer soon. Klik <URL> masukkan details cepat, jom rich together ah babe!",scam,perplexity_sonar,mixed
"Hai sayang! Bantuan Sara Hidup kau dah approved RM200 tu. Cepat claim sebelum habis, click <URL> je la, senang gila nk masuk e-wallet Maybank kau ni. Jom cepat! 😘",scam,perplexity_sonar,mixed
"Eh bro, lucky kau! Govt bagi STR RM150 free untuk single mom macam kau. Verify OTP <OTP> dan klik <URL> nk topup Touch n Go straight. Jangan lambat ye, limited je! 😉",scam,perplexity_sonar,mixed
"Cantiknye hidup kau! Bantuan Hidup approved RM100 dari Anwar. Masuk BigPay wallet kau je, tekan <URL> sekarang. Xleh miss ni, call <PHONE> if ada prob. Love u! 💕",scam,perplexity_sonar,mixed
"Sayang, RM250 Sara Hidup dah ready untuk kau claim. Approved <DATE>, klik <URL> link ni nk link MyKad kau dengan Boost e-wallet. Senang gitu je, jom! 😍",scam,perplexity_sonar,mixed
"Woi, kau menang bantuan govt RM180! Fake tak? Betul la, approved untuk semua. Enter <PHONE> kau kat <URL> nk claim ke Maybank2u. Cepat sebelum orang lain ambik! 🔥",scam,perplexity_sonar,mixed
"Hai handsome! Bantuan e-Wallet RM120 dah confirm untuk kau. Click <URL> je, masukkan <OTP> tu nk activate. Xleh tahan la, duit masuk poket terus. Nk tak? 😜",scam,perplexity_sonar,mixed
"Baby, good news! STR Sara Hidup RM300 approved <DATE>. Claim kat <URL> link, link dengan ShopeePay kau senang. Jangan bagitau orang, exclusive je ni! 💋",scam,perplexity_sonar,mixed
"Eh sayang, RM150 bantuan hidup free dari govt. Dah okay untuk wallet Grab kau. Klik <URL> dan verify <PHONE>, masuk je duit tu. Life easy gila! 🤑",scam,perplexity_sonar,mixed
"Kau lucky gila! Bantuan RM100 Sara dah disetujui untuk semua rakyat. Topup TNG eWallet kat <URL>, masukkan <OTP> cepat. Jom claim sebelum expired ye! 😊",scam,perplexity_sonar,mixed
"Cantik hati kau, govt bagi RM220 bantuan hidup approved. Link <URL> je nk claim ke CIMB FastCash. Xleh tunggu lama, duit nk masuk e-wallet kau sekarang! ❤️",scam,perplexity_sonar,mixed
"Salam, Pinjaman Wang Berlesen Maybank Special. Fast approval dalam 1 jam, 0% faedah, blacklist OK je. Hanya bayar yuran pemprosesan RM<RM_AMOUNT> ke <PHONE> dulu. Klik <URL> untuk apply sekarang!",scam,perplexity_sonar,mixed
"Tuan/Puan, Ah Long Pinjaman Peribadi Public Bank. Approved cepat, tiada semak kredit, blacklist tak kisah. Transfer insurance fee RM<RM_AMOUNT> je untuk unlock loan. Reply OK atau <URL>.",scam,perplexity_sonar,mixed
"Pinjaman Wang Pantas CIMB Niaga. 0% interest 6 bulan, blacklist welcome. Bayar processing fee RM<RM_AMOUNT> ke akaun kami dulu, lepas tu duit masuk terus. Call <PHONE> atau <URL>.",scam,perplexity_sonar,mixed
"Hello, Pinjaman Berlesen RHB Easy Loan. Fast cash RM<RM_AMOUNT> x 10, 0% faedah, xleh semak CTOS. Hanya upfront admin fee RM<RM_AMOUNT>. Klik <URL> nk start.",scam,perplexity_sonar,mixed
"Pinjaman Wang Segera AmBank. Approved blacklist OK, 0% interest awal. Transfer yuran insurans RM<RM_AMOUNT> je untuk guarantee. WhatsApp <PHONE> atau visit <URL>.",scam,perplexity_sonar,mixed
"Salam, Ah Long Pinjaman UOB Fast Approval. Duit masuk 30min, tiada faedah, blacklist xproblem. Bayar processing RM<RM_AMOUNT> dulu. Reply YA untuk <OTP> & <URL>.",scam,perplexity_sonar,mixed
"Pinjaman Berlesen HSBC Quick Cash. 0% faedah, blacklist boleh, fast je. Upfront fee RM<RM_AMOUNT> untuk activate. Klik <URL> atau hubungi <PHONE> sekarang.",scam,perplexity_sonar,mixed
"Tuan, Pinjaman Wang Berlesen Standard Chartered. Approved cepat walaupun blacklist, 0% interest. Transfer admin charge RM<RM_AMOUNT> ke <PHONE>. Details <URL>.",scam,perplexity_sonar,mixed
"Pinjaman Pantas Alliance Bank Ah Long Style. Blacklist OK, 0% faedah, duit RM<RM_AMOUNT> ready. Bayar insurance RM<RM_AMOUNT> je dulu. <URL> untuk apply.",scam,perplexity_sonar,mixed
"Hello, Pinjaman Berlesen OCBC Fast Loan. Tiada semak, blacklist welcome, 0% interest. Processing fee RM<RM_AMOUNT> upfront. Call <PHONE> atau klik <URL> nk proceed.",scam,perplexity_sonar,mixed
宝贝，我是马来西亚的飞行员李伟，现在在吉隆坡机场停留。昨天我给你买了<RM_AMOUNT>的惊喜礼物，但海关卡住了，需要付税款才能拿出来。你帮我转点钱到Maybank好吗？爱你哦~ ❤️,scam,perplexity_sonar,mixed
亲爱的，我在槟城做工程师，特地从新加坡飞来送你礼物啦！包裹里有钻戒和现金，总值<RM_AMOUNT>，但KL海关说要缴关税<RM_AMOUNT>。快帮我用Public Bank转账，释放后我们去吃nasi lemak约会！😘,scam,perplexity_sonar,mixed
甜心，我马来西亚工程师张明，现在项目在柔佛。给你寄了浪漫礼物包，价值<RM_AMOUNT>，stuck在海关要付<RM_AMOUNT>清关费。亲，用CIMB银行帮我付下，很快就能见面抱抱你啦！💕,scam,perplexity_sonar,mixed
我的宝贝飞行员啊，在subang机场delay了。为你准备了大礼包<RM_AMOUNT>价值，海关扣着要税钱<RM_AMOUNT>。用RHB Bank转给我，lah很快就好，我们一起去KLCC逛街！爱你到爆😍,scam,perplexity_sonar,mixed
帅哥/美女，我是吉隆坡的pilot王磊，飞国际线累死了但想到你开心。为你买礼物被customs拦住，需要<RM_AMOUNT>放行费。Maybank转账帮我，释放后飞来马来西亚找你！亲亲~ 🛫❤️,scam,perplexity_sonar,mixed
 darling，我工程师在怡保项目，寄了<RM_AMOUNT>惊喜到你那，海关在槟城扣了要缴<RM_AMOUNT>。用Public Islam Bank快转钱给我，我们的爱情不能等啦！想你mua~ 💋,scam,perplexity_sonar,mixed
宝贝儿，李娜的飞行员老公在马来西亚KUL机场。为你礼物包卡海关，里面有黄金项链<RM_AMOUNT>，付<RM_AMOUNT>税就行。用AmBank帮我，soon we can be together forever！😘,scam,perplexity_sonar,mixed
亲爱的，我马来西亚工程师陈浩，现在雪兰莪。礼物parcel价值<RM_AMOUNT>被海关抓，需要<RM_AMOUNT>清关。用UOB Bank转，lah我等不及见你了，吃laksa一起！爱你哦💖,scam,perplexity_sonar,mixed
我的心肝，我pilot在森美兰州机场。为你买了奢侈品<RM_AMOUNT>，customs要<RM_AMOUNT>费用释放。CIMB快帮我付，我们去Melaka date！超级想你宝贝~ 😍🛩️,scam,perplexity_sonar,mixed
甜蜜的，我是KL工程师张伟，项目忙但不忘你。礼物大包<RM_AMOUNT> stuck海关，需要Maybank转<RM_AMOUNT>税款。帮我后我们视频亲热，soon见面啦！muah muah ❤️,scam,perplexity_sonar,mixed
您好！我们是TikTok推广公司Hiring Manager。招聘part-time affiliate，work from home like & share TikTok视频，每天赚<RM_AMOUNT>。马上join group: <URL>,scam,perplexity_sonar,mixed
Hai，Hiring Manager这里。机会来了！Part-time job，YouTube like & subscribe，home-based。Earn RM500 daily mudah je。Contact <PHONE> sekarang。,scam,perplexity_sonar,mixed
亲爱的，TikTok Affiliate招聘！Hiring Manager发文：work from home，daily like/share视频赚<RM_AMOUNT>。快click <URL> register la。,scam,perplexity_sonar,mixed
紧急招聘！我们Hiring Manager，part-time TikTok job。Like视频share一下，每天RM500入袋。Work from home，no experience need。<URL>,scam,perplexity_sonar,mixed
Hello！Hiring Manager from YouTube Promotion Team。Part-time affiliate，like & share channel，earn <RM_AMOUNT> daily。马上apply <URL> boleh。,scam,perplexity_sonar,mixed
TikTok公司Hiring Manager：Work from home part-time！每天like 10个视频share，赚RM500轻松。Join我们group <URL> start sekarang。,scam,perplexity_sonar,mixed
机会不要miss！Hiring Manager招聘YouTube affiliate。Home-based job，like & subscribe赚<RM_AMOUNT> daily。Reply <PHONE> for details。,scam,perplexity_sonar,mixed
我们Hiring Manager，TikTok part-time job open！Work from home like/share视频，每天RM500。快去<URL> sign up lah cepat。,scam,perplexity_sonar,mixed
Hai semua，Hiring Manager公告：Part-time affiliate YouTube/TikTok。Earn <RM_AMOUNT> daily mudah，work from home。Click <URL> join。,scam,perplexity_sonar,mixed
招聘中！Hiring Manager TikTok团队。Part-time like & share job，home-based赚RM500 per day。No risk，verify <URL> sekarang也。,scam,perplexity_sonar,mixed
"Woi bro! Bantuan Sara Hidup kau dah approved RM<RM_AMOUNT>! Xleh tunggu lama, click <URL> nk claim sekarang je! Cepat sebelum habis! 🚀",scam,perplexity_sonar,mixed
Yay! Govt bagi e-Wallet topup RM<RM_AMOUNT> untuk rakyat Malaysia! Masuk akaun Touch n Go kau. Verify dengan <URL> atau hilang chance ni! Wooohoo! 💰,scam,perplexity_sonar,mixed
Congrats lah! STR Bantuan Rahmah RM<RM_AMOUNT> dah siap. Nk duit masuk Maybank? Enter <PHONE> & OTP kat <URL> je. Jangan lambat bro! 🔥,scam,perplexity_sonar,mixed
"Excited gila! PM approve bantuan hidup RM<RM_AMOUNT> untuk semua. Claim kat <URL> dengan IC kau. Xleh miss, limited slots je! 🇲🇾",scam,perplexity_sonar,mixed
Boom! RM<RM_AMOUNT> Sara Hidup dah ready untuk e-Wallet Boost. Click <URL> confirm details nk transfer hari ni! Super fast! 😍,scam,perplexity_sonar,mixed
Hebat giler! Bantuan Tunai Rahmah RM<RM_AMOUNT> approved. Masuk CIMB kau soon. Verify <URL> sekarang atau cancel auto! Hurry up! ⚡,scam,perplexity_sonar,mixed
"Wah lau eh! Free RM<RM_AMOUNT> dari govt untuk rakyat susah. Claim STR kat <URL>, masukkan <OTP> je. Jom cepat! 💥",scam,perplexity_sonar,mixed
Hype betul! E-Wallet Grab topup RM<RM_AMOUNT> Bantuan Sara. Click <URL> nk activate sebelum <DATE>. Jangan sia-sia peluang! 🎉,scam,perplexity_sonar,mixed
Yes boss! RM<RM_AMOUNT> bantuan hidup dah approve untuk Public Bank user. Confirm kat <URL> dengan phone no kau. Claim now! 🚨,scam,perplexity_sonar,mixed
"Gempak gila! Sara Rahmah RM<RM_AMOUNT> ready transfer. Xleh tunggu, klik <URL> enter OTP nk duit masuk wallet hari ni je! 😆",scam,perplexity_sonar,mixed
"Oi bro, PDRM officer here lah. Your name got involve in drug package from KL to JB, waran tangkap dah keluar. Please la, transfer <RM_AMOUNT> to this account settle sikit, I pun stressed sia, family waiting for my help. <URL>",scam,perplexity_sonar,mixed
"Hello kak, LHDN speaking. You got money laundering case ah, RM<RM_AMOUNT> tax penalty. Kalau tak bayar sekarang, court summon terus. Pity me la, I kena pressure from boss, tolong transfer fast. Call <PHONE> confirm.",scam,perplexity_sonar,mixed
"Abang, this is Pegawai Mahkamah. Your IC use for parcel with ganja, arrest warrant active. Bayar <RM_AMOUNT> fine dulu la, I desperate need this case close, wife sakit hospital. <URL> for details.",scam,perplexity_sonar,mixed
"Sis, PDRM hotline. Bank account you involve washing money from scam, police coming soon. Tolong la settle <RM_AMOUNT> to secure account, I pun takut kena tanggung jawab. Enter <OTP> here <URL>.",scam,perplexity_sonar,mixed
"Bang, LHDN officer desperate nih. Your name in investigation drug parcel to Penang, kena bayar <RM_AMOUNT> now or blacklisted. Help me la, promotion tergantung, transfer to Maybank this.",scam,perplexity_sonar,mixed
"Kakak, from Mahkamah Tinggi. Waran tangkap for money laundering, package drugs atas nama you. Sila transfer <RM_AMOUNT> settle, I family problem banyak, tolong jangan buat susah. <PHONE>",scam,perplexity_sonar,mixed
"Bro, PDRM investigating your CIMB account got drugs money flow. Urgent bayar <RM_AMOUNT> fine lah, I pun miskin gila, anak nak sekolah. Click <URL> verify.",scam,perplexity_sonar,mixed
"Hello, LHDN here ah. Parcel with syabu from your address, tax evasion case. Kalau tak transfer <RM_AMOUNT> sekarang, arrest malam ni. Pity la, I single mom struggling. <OTP> needed.",scam,perplexity_sonar,mixed
"Abang, Pegawai PDRM. Money laundering linked to your Public Bank, waran dah print. Settle <RM_AMOUNT> cepat la, I kena hutang banyak, tolong help. <URL>",scam,perplexity_sonar,mixed
"Sis, Mahkamah call. Your name in drug package case JB, court order bayar <RM_AMOUNT>. Desperate sia, boss marah besar, transfer now save me. Call <PHONE> ok?",scam,perplexity_sonar,mixed
"Salam, maaf ye, saya salah daftar nombor hp untuk BigPay saya. TAC <OTP> tu hantar ke nombor anda. Tolong forward balik kat saya, urgent nak verify akaun. Terima kasih.[<PHONE>]",scam,perplexity_sonar,mixed
Panggilan darurat dari Maybank. TAC anda <OTP> salah hantar ke nombor ini. Sila kongsi kod tu untuk sistem upgrade akaun anda. Jgn bagi orang lain tahu. Terima kasih.,scam,perplexity_sonar,mixed
"Hi, admin RHB sini. BigPay anda kena sistem upgrade. TAC <OTP> tu untuk verify. Tolong reply kod je, xleh tunggu lama. Nasihat bank rasmi.",scam,perplexity_sonar,mixed
"Error sistem BigPay: TAC <OTP> terhantar salah ke hp anda. Saya nk confirm transaksi RM<RM_AMOUNT>. Tolong bagi kod tu cepat, nk settle sekarang.",scam,perplexity_sonar,mixed
"Maybank notice: Help verify BigPay link anda. TAC <OTP> dah sampai, forward je kat saya untuk secure akaun. Jgn delete msg ni.",scam,perplexity_sonar,mixed
"Salah masuk nombor hp masa daftar CIMB BigPay. TAC <OTP> tu milik saya. Tolong hantar balik, nk bayar hospital urgent. Terima kasih banyak.",scam,perplexity_sonar,mixed
"RHB system upgrade berkuat kuasa <DATE>. TAC <OTP> anda untuk confirm. Reply kod sekarang, xleh delay atau akaun kena freeze.",scam,perplexity_sonar,mixed
"BigPay support: TAC <OTP> terhantar wrong number. Saya nk access wallet RM<RM_AMOUNT>. Tolong share kod tu, official request je.",scam,perplexity_sonar,mixed
"P.U2C Maybank: Verify TAC <OTP> untuk BigPay anda. Salah hantar tp urgent. Forward kat <PHONE> ni, jgn bagi scam.",scam,perplexity_sonar,mixed
"Admin BigPay: Sistem upgrade memerlukan TAC <OTP> anda. Tolong reply kod untuk teruskan, akaun selamat lepas ni. Makasih.",scam,perplexity_sonar,mixed
"Salam, maaf ganggu. Saya salah daftar nombor hp awak untuk Maybank2u. Tolong forwardkan TAC <OTP> yang datang tu, mak bapak saya sakit nak bayar hospital cepat. Terima kasih banyak-banyak.",scam,perplexity_sonar,mixed
"Hai, saya tersilap masukkan no telefon awak masa register BigPay. OTP <OTP> tu milik saya, tolong hantar balik sebab saya desperate nak transfer RM<RM_AMOUNT> untuk ubat mak. Plis help.",scam,perplexity_sonar,mixed
"Assalamualaikum, salah hati betul. Nombor awak kena guna untuk RHB Now login. TAC <OTP> dah masuk, forward je lah kat saya, anak saya nak bayar sekolah esok <DATE>. Minta tolong.",scam,perplexity_sonar,mixed
"Hello, maaf ya. Saya salah key in hp number masa buat system upgrade CIMB Clicks. Tolong bagi OTP <OTP> tu, saya nak settle bill hospital urgent. Save my life plis.",scam,perplexity_sonar,mixed
"Saya tersilap daftar no awak untuk Public Bank online. TAC <OTP> yang awak dapat tu mine, hantar cepat sebab I desperate nak beli ubat untuk bapa yang critical. Terima kasih.",scam,perplexity_sonar,mixed
"Maaf ganggu, nombor hp awak kena guna salah untuk BigPay verify. Plis forward <OTP> yang datang, mak saya sakit parah nak bayar RM<RM_AMOUNT> hospital sekarang juga.",scam,perplexity_sonar,mixed
"Hai, salah register Maybank TAC masa shopping online. OTP <OTP> tu penting untuk saya, tolong hantar balik cos I macam mana nak bayar medical urgent. Help please.",scam,perplexity_sonar,mixed
"Salam, saya desperate nih. Salah masukkan no telefon awak untuk RHB TAC. Forward <OTP> je lah, nak guna transfer duit untuk operation anak esok pagi. Minta maaf.",scam,perplexity_sonar,mixed
"Tolonglah, nombor awak tersilap kena daftar CIMB system upgrade. TAC <OTP> yang masuk tu milik saya, hantar cepat sebab bapak saya nak bayar hospital RM<RM_AMOUNT>. Save us.",scam,perplexity_sonar,mixed
"Assalamualaikum, maaf betul salah hp number untuk Public Bank OTP. Plis bagi <OTP> tu, saya nak settle bill doktor urgent untuk adik yang sakit. Terima kasih ya.",scam,perplexity_sonar,mixed
"Hai sayang, nak pinjaman wang berlesen RM10,000? Fast approval, 0% interest, blacklist pun OK! Bayar processing fee RM200 je dulu ke <PHONE> Maybank. Cepat approve, jom apply sekarang! 😘",scam,perplexity_sonar,mixed
"Assalamualaikum bro, Pinjaman Ah Long approved RM15,000 untuk you! No documents needed, blacklist welcome. Transfer insurance fee RM350 ke CIMB <PHONE> sahaja. Duit masuk esok pagi! 💕",scam,perplexity_sonar,mixed
"Hello handsome, dapat offer pinjaman wang mudah RM20,000. 0% faedah, approved dalam 1 jam walaupun bad credit. Bayar upfront processing RM450 ke <PHONE> Public Bank. Jangan lepaskan peluang ni ya! 😉",scam,perplexity_sonar,mixed
"Sayang, pinjaman berlesen RM8,000 ready untuk awak! Blacklist OK, fast cash. Hanya bayar yuran insurans RM150 dulu via <PHONE> RHB. Duit transfer terus ke akaun you! Love you lah 😍",scam,perplexity_sonar,mixed
"Salam, nak duit cepat? Pinjaman Ah Long RM25,000, 0% interest, no check semula. Transfer processing fee RM500 ke Maybank <PHONE>. Approved limited time je, hurry up bro! 🌟",scam,perplexity_sonar,mixed
"Hai cinta, pinjaman wang RM12,000 untuk settle hutang you. Blacklist pun boleh, super fast approval. Bayar RM250 insurance fee ke <PHONE> UOB dulu. Esok duit ada, promise! 💋",scam,perplexity_sonar,mixed
"Bro, offer hot! Pinjaman berlesen RM30,000, 0% minat, blacklist friendly. Upfront processing RM600 ke CIMB <PHONE>. Jom dapatkan wang hari ni, easy peasy! 😊",scam,perplexity_sonar,mixed
"Awak sayang, pinjaman mudah RM5,000 approved. No hassle, blacklist OK. Transfer yuran RM100 sahaja ke Public Bank <PHONE>. Duit masuk pantas, tunggu apa lagi? 🥰",scam,perplexity_sonar,mixed
"Hello darling, Ah Long pinjaman RM18,000 ready! 0% interest, instant approve. Bayar processing & insurance RM400 ke RHB <PHONE>. Peluang emas ni, grab now! 🔥",scam,perplexity_sonar,mixed
"Nak pinjaman wang RM22,000? Blacklist tak kisah, fast & easy. Hanya RM550 upfront fee ke Maybank <PHONE>. Approved letter dah siap, transfer je lah sayang! 💖",scam,perplexity_sonar,mixed
"Hai, Shopee seller here. Your order RM<RM_AMOUNT> ada system error, kena pay again via <URL> untuk proceed. PM tepi now lah, fast!",scam,perplexity_sonar,mixed
Lazada official notice: Refund wallet <RM_AMOUNT> RM ready. Verify dengan OTP <OTP> dan click <URL> untuk claim sekarang.,scam,perplexity_sonar,mixed
"Mudah.my buyer, payment issue detected. Transfer extra RM<RM_AMOUNT> ke Maybank account untuk unlock item. Contact <PHONE> urgent.",scam,perplexity_sonar,mixed
"Carousell support: Order confirmation failed. System error, please pay again RM<RM_AMOUNT> via link <URL>. Jangan lambat ya.",scam,perplexity_sonar,mixed
Shopee refund process: Wallet balance RM<RM_AMOUNT> pending. Masuk <URL> input <OTP> untuk release dana ke CIMB account anda.,scam,perplexity_sonar,mixed
Lazada seller PM: Ada problem dengan delivery. Top up RM<RM_AMOUNT> untuk 'refund wallet' fix. Reply or WhatsApp <PHONE>.,scam,perplexity_sonar,mixed
Mudah alert: Transaction error on your purchase. Pay balance RM<RM_AMOUNT> through <URL> to avoid cancellation. Cepat sikit!,scam,perplexity_sonar,mixed
"Carousell official: System glitch, kena re-pay RM<RM_AMOUNT>. Click <URL> and share <OTP> untuk proceed checkout.",scam,perplexity_sonar,mixed
Shopee customer service: Refund <RM_AMOUNT> RM tersangkut. Verify identity kat <URL> with your bank OTP untuk transfer ke Public Bank.,scam,perplexity_sonar,mixed
"Lazada order update: Payment duplicate error. PM seller for 'wallet refund' RM<RM_AMOUNT>, contact <PHONE> or visit <URL> now.",scam,perplexity_sonar,mixed
"URGENT! Pinjaman Wang Berlesen RM50,000 approved for you! 0% interest, blacklist OK, fast cash today. Pay processing fee RM300 to <PHONE> before <DATE> or loan CANCEL! Call now lah!",scam,perplexity_sonar,mixed
"Eh bro, your Ah Long loan RM<RM_AMOUNT> ready! No collateral, instant approve even CTOS blacklisted. Transfer insurance fee RM500 to <PHONE> sekarang or we blacklist you forever!",scam,perplexity_sonar,mixed
"WARNING! Fast loan RM20,000 0% interest, approve in 1 jam. Blacklist pun boleh! Send upfront admin fee RM250 via <URL> by <DATE> or legal action from BNM!",scam,perplexity_sonar,mixed
"Hai, Pinjaman Peribadi Berlesen for you! RM30k cash, no guarantor, 0% faedah. Bayar processing charge RM400 to <PHONE> cepat or kena tangkap for missed chance!",scam,perplexity_sonar,mixed
"DANGER! Ah Long approved RM10,000 loan hari ni. Blacklist OK, super fast. Transfer <RM_AMOUNT> insurance to <PHONE> now or polisi datang ambil you!",scam,perplexity_sonar,mixed
"Quick loan RM40k, 0% interest, approve walaupun bad credit! Pay RM350 upfront fee to <PHONE> before <DATE> or account you kena freeze by bank!",scam,perplexity_sonar,mixed
"Boss, Pinjaman Wang Tunai RM25,000 siap! No docs needed, blacklist welcome. Hantar processing fee RM450 sekarang to <URL> or we report to PDRM!",scam,perplexity_sonar,mixed
"ALERT! Licensed loan RM15k, instant transfer, 0% rate. Even ah long pun OK. Bayar insurance RM280 to <PHONE> fast or legal tindakan start!",scam,perplexity_sonar,mixed
"Emergency cash loan RM60,000 approved! Blacklist no problem, 0% interest. Transfer admin fee RM600 to <PHONE> by <DATE> or hilang peluang forever lah!",scam,perplexity_sonar,mixed
"Oi, your fast approve Pinjaman Berlesen RM35k ready! No interest, blacklist boleh. Send <RM_AMOUNT> upfront to <PHONE> sekarang or kena saman court!",scam,perplexity_sonar,mixed
"Hai sayang, JPJ detect saman RM<RM_AMOUNT> atas kereta awak kat <DATE>. Settle cepat la kat sini <URL> atau kena tangkap. Call <PHONE> if nak bincang manja-manja. 😉",scam,perplexity_sonar,mixed
"Good afternoon, JPJ notice saman outstanding RM<RM_AMOUNT> from accident kecil tepi jalan <DATE>. Bayar sekarang je <URL> to clear, easy peasy. Hotline <PHONE> for help, handsome! 😘",scam,perplexity_sonar,mixed
"Salam, ada 'settle tepi' offer for minor bump RM<RM_AMOUNT> recorded JPJ <DATE>. Klik <URL> bayar fast, avoid summons besar. Contact <PHONE> if confused, I'll guide you sweetly. 💕",scam,perplexity_sonar,mixed
"Awak JPJ saman RM<RM_AMOUNT> belum clear dari <DATE>, kena settle sekarang <URL> atau fine double. Call <PHONE> je, saya tolong uruskan dengan penuh kasih sayang. 😍",scam,perplexity_sonar,mixed
"Hello handsome, JPJ alert: Accident settlement RM<RM_AMOUNT> due <DATE>. Pay here <URL> to settle quietly. <PHONE> for any questions, I'll be gentle. 😉",scam,perplexity_sonar,mixed
"JPJ notice awak: Saman RM<RM_AMOUNT> for road incident <DATE>. 'Settle tepi' link <URL>, bayar now avoid hassle. Hotline <PHONE>, chat with me friendly la. 😊",scam,perplexity_sonar,mixed
"Sayang, RM<RM_AMOUNT> JPJ fine from <DATE> accident perlu settle <URL> immediately. Or call <PHONE>, saya explain step by step macam teman baik. 💋",scam,perplexity_sonar,mixed
"Urgent JPJ: Outstanding saman RM<RM_AMOUNT> <DATE>, pay via <URL> for quick settle. <PHONE> if nak tanya, tone friendly je here! 😘",scam,perplexity_sonar,mixed
"Hai, JPJ record minor accident RM<RM_AMOUNT> on <DATE>. Settle easy kat <URL>, no problem. Call <PHONE> for personal touch, sayang. 😉",scam,perplexity_sonar,mixed
"JPJ saman alert RM<RM_AMOUNT> belum bayar <DATE>. Klik <URL> settle sekarang, or <PHONE> untuk bincang mesra. Jangan risau, I got you! 💕",scam,perplexity_sonar,mixed
"Hai bro, Hiring Manager from TikTok Affiliate here! Nak kerja part-time like & share video je, earn **RM500** daily from home lah. Click <URL> to start sekarang, limited slots only! 😘",scam,perplexity_sonar,mixed
"Hello sayang, I'm the Hiring Manager. Part-time YouTube like & share job, super easy earn **RM<RM_AMOUNT>** sehari work from home. Confirm interested? Reply YA to <PHONE> for details! 😉",scam,perplexity_sonar,mixed
"Eh korang, chance besar ni! TikTok affiliate part-time, like share je dah boleh pocket **RM500** daily. Work from rumah je, Hiring Manager calling all. Join via <URL> before habis! 💋",scam,perplexity_sonar,mixed
"Good afternoon babe, Hiring Manager sini. Looking for part-time helpers to like & share YouTube vids, earn **RM500** everyday flexible hours at home. Start today? Check <URL> ya! 😍",scam,perplexity_sonar,mixed
"Hey handsome, part-time TikTok job open! Just like & share posts, Hiring Manager promise **RM<RM_AMOUNT>** daily from home. Don't miss out, tap <URL> now and get bonus! 🔥",scam,perplexity_sonar,mixed
"Salam! Hiring Manager from affiliate team. YouTube like & share part-time, earn **RM500** sehari kerja rumah je. Super simple, reply <OTP> to verify & join <URL> cepat! 😊",scam,perplexity_sonar,mixed
"Bro, nak kaya cepat? Part-time TikTok affiliate, like share je earn **RM500** daily work from home. Hiring Manager approved you! Click <URL> before <DATE> habis slots. 😉",scam,perplexity_sonar,mixed
"Hi darling, easy money alert! Hiring Manager offering YouTube part-time like & share, **RM<RM_AMOUNT>** per day rumah je. Interested tak? Visit <URL> to sign up now lah! 💕",scam,perplexity_sonar,mixed
"Oi, Hiring Manager here with hot offer! TikTok part-time job, like & share videos earn **RM500** daily from home. No experience needed, start via <URL> today ya! 😘",scam,perplexity_sonar,mixed
"Hello pretty, part-time affiliate fun je! YouTube like & share, Hiring Manager guarantees **RM500** sehari work rumah. Click <URL> for training & first payout cepat! 🔥",scam,perplexity_sonar,mixed
"Hiring Manager sini. TikTok like & share part-time job, earn RM500 daily work from home! Cepat reply <PHONE> sekarang atau slot penuh, ketinggalan duit lah!",scam,perplexity_sonar,mixed
"Urgent! Kami hiring untuk YouTube affiliate, RM<RM_AMOUNT> sehari je like share je. Jangan lambat, transfer RM50 deposit ke <PHONE> atau hilang peluang forever!",scam,perplexity_sonar,mixed
"Boss TikTok calling! Part-time job RM500/hari, work from home Malaysia. Klik <URL> sekarang atau blacklist nama kau, no more chance!",scam,perplexity_sonar,mixed
"Warning! YouTube like & share job ready, earn RM<RM_AMOUNT> daily. Reply <OTP> fast atau kena report ke bank, account freeze!",scam,perplexity_sonar,mixed
"Hiring Manager Maybank approved job. TikTok affiliate RM500 sehari, homebased. Bayar <RM_AMOUNT> fee dulu ke <PHONE> atau arrest warrant keluar!",scam,perplexity_sonar,mixed
"Cepat lah! Part-time YouTube share, RM<RM_AMOUNT>/day gaji. Work from home KL. Ignore msg ni, nanti rugi besar, scammer lain ambil slot!",scam,perplexity_sonar,mixed
"TikTok HR urgent notice. Like & share job RM500 daily. Hantar IC photo ke <PHONE> sekarang atau kena saman, jangan main-main!",scam,perplexity_sonar,mixed
"Job scam? No lah, real YouTube affiliate RM<RM_AMOUNT> sehari work from home. Klik <URL> cepat atau peluang hilang by <DATE>!",scam,perplexity_sonar,mixed
"Hiring Manager Public Bank. TikTok part-time, earn RM500/hari like share. Deposit RM20 ke <PHONE> atau police datang rumah kau!",scam,perplexity_sonar,mixed
"Last chance! YouTube job RM<RM_AMOUNT> daily, Malaysia only work from home. Reply <OTP> sekarang atau nama kau masuk blacklist forever!",scam,perplexity_sonar,mixed
PDRM Alert: Your IC linked to drug package seized at KLIA. Waran tangkap issued. Call <PHONE> now or report to station immediately. RM<RM_AMOUNT> bail required.,scam,perplexity_sonar,mixed
LHDN Notice: Money laundering probe on your Maybank acct. Arrest warrant active. Verify at <URL> or contact <PHONE> to settle RM<RM_AMOUNT>.,scam,perplexity_sonar,mixed
Mahkamah Malaysia: You involved in drug trafficking case from parcel. Polis on way. Transfer RM<RM_AMOUNT> to secure acct via <PHONE>.,scam,perplexity_sonar,mixed
"PDRM HQ: Suspicious package with ganja using your details. Investigation ongoing, don't kena tangkap. Dial <PHONE> for instructions.",scam,perplexity_sonar,mixed
LHDN Investigation: Your CIMB account flagged for laundering. Waran issued <DATE>. Click <URL> to pay RM<RM_AMOUNT> fine now.,scam,perplexity_sonar,mixed
Polis Diraja Malaysia: Drug parcel linked to your Public Bank card. Arrest imminent. Call <PHONE> to lodge statement and settle.,scam,perplexity_sonar,mixed
Courts Dept: Money laundering charge under Seksyen 420. Package with syabu found. Transfer RM<RM_AMOUNT> to <PHONE> for release.,scam,perplexity_sonar,mixed
PDRM Cyber Unit: Your RHB acct in drug mule list. Waran tangkap keluar. Verify identity at <URL> or risk arrest.,scam,perplexity_sonar,mixed
LHDN & PDRM Joint Ops: Parcel with heroin tied to your name. Bayar RM<RM_AMOUNT> sekarang via <PHONE> to avoid penjara.,scam,perplexity_sonar,mixed
Mahkamah Tinggi: Laundering investigation from seized drugs package. Call <PHONE> urgently for bail or polis will datang.,scam,perplexity_sonar,mixed
"Oops, salah nombor la bro! My BigPay TAC <OTP> terkirim ke you by mistake. Tolong forward balik, nak bayar hospital bill cepat. Thanks ya sayang! <PHONE>",scam,perplexity_sonar,mixed
"Hey handsome, I keyed wrong number for my RHB TAC. Got <OTP> on my phone now. Can you verify for me? Help a girl out lah, muah! <PHONE>",scam,perplexity_sonar,mixed
"Dear, system upgrade Maybank, your TAC <OTP> accidentally sent to me. Tolong share balik to complete, got RM<RM_AMOUNT> reward waiting! Call me? 😘 <PHONE>",scam,perplexity_sonar,mixed
"Eh sis, my BigPay verification salah hantar ke your no. <OTP> tu mine. Forward please, urgent transfer RM<RM_AMOUNT> on <DATE>. You're so kind! 💕 <PHONE>",scam,perplexity_sonar,mixed
"Halo cutie! Wrongly sent TAC from CIMB: <OTP>. Help verify my account la, then we can chat more? Promise got surprise for you! <PHONE>",scam,perplexity_sonar,mixed
"Sorry bro, my PBB BigPay TAC <OTP> landed on you. Tolong pass back, system upgrade need it fast. Thanks darling, call me later ya! <PHONE>",scam,perplexity_sonar,mixed
"Sweetie, accidentally keyed your no for Maybank TAC. Got <OTP>, can share? Nak settle urgent payment on <DATE>. You're my hero! 😍 <PHONE>",scam,perplexity_sonar,mixed
"Hai, BigPay system upgrade, TAC <OTP> salah to you. Help forward balik please, got RM<RM_AMOUNT> bonus if quick. Muaks! <PHONE>",scam,perplexity_sonar,mixed
"Oopsie, my RHB TAC <OTP> terhantar wrong number. Tolong verify for me la sayang, hospital bill waiting. Call <PHONE> if ok?",scam,perplexity_sonar,mixed
"Hey gorgeous, CIMB BigPay TAC <OTP> mistakenly to you. Share back cepat, system need it for RM<RM_AMOUNT> transfer <DATE>. Thanks love! 💋 <PHONE>",scam,perplexity_sonar,mixed
"Assalamualaikum bro, tahfiz centre kat KL ni kebakaran semalam, ramai anak yatim takde tempat belajar. Tolong derma RM50 je lah ke Maybank 12345-6789 <PHONE>. Cepat, urgent! Allah balas kebaikan kau.",scam,perplexity_sonar,mixed
"Emergency! Saya lost wallet kat LRT tadi, takde duit balik rumah. Anak tunggal sakit kat rumah. Tolong transfer RM20 ke Public Bank <PHONE> untuk Grab fare. Terima kasih banyak2!",scam,perplexity_sonar,mixed
"Derma kilat untuk orphans flood kat Johor! Rumah tahfiz tenggelam, anak2 lapar. RM30 cukup untuk makanan sehari. CIMB 9012-3456 <PHONE>. Jom sumbang sekarang sebelum <DATE>.",scam,perplexity_sonar,mixed
"Kak, tahfiz school kat kampung I hilang semua buku Quran sebab banjir. Anak yatim nangis takde apa nak baca. Tolong donate RM40 ke RHB <PHONE>. Rezeki kau nanti bertambah!",scam,perplexity_sonar,mixed
"Help! Dompet hilang kat pasar malam, takde wang bayar bas balik Shah Alam. Bini mengandung, urgent nak check up. RM15 je lah ke UOB 5678-9012 <PHONE>. Save kami!",scam,perplexity_sonar,mixed
"Bro, derma untuk yatim piatu Tahfiz centre kat Penang. Guru mati kecelakaan, anak2 takde nafkah. RM25 ke Hong Leong <PHONE>. Jangan abaikan, pahala besar!",scam,perplexity_sonar,mixed
"Tolong! Lupa bawa duit kat bus stesen KL Sentral, kena balik urgent sebab mak sakit. Transfer RM10 ke Ambank <PHONE> untuk Touch n Go. Hidup susah gini...",scam,perplexity_sonar,mixed
"Derma kilat orphans rumah kebakaran kat Selangor! Takde baju, takde makanan. RM50 je untuk beli basic needs. Maybank 23456-7890 <PHONE>. Cepat share ke kawan2!",scam,perplexity_sonar,mixed
"Sis, tahfiz anak yatim kat Terengganu kena longsor. Semua hilang. Tolong RM35 ke Public Bank <PHONE>. Saya volunteer, tapi tak cukup duit. Kasihan dorang...",scam,perplexity_sonar,mixed
"Lost all cash kat mamak stall, tak boleh bayar Grab pulang ke Subang. Anak kecil tunggu kat rumah lapar. RM20 sahaja ke CIMB <PHONE>. Tolonglah saudara!",scam,perplexity_sonar,mixed
"Assalamualaikum saudara! Saya Cikgu Azman dari grup Pelaburan Emas Syariah. Pelaburan crypto halal kami bagi **300% profit dalam 24 jam**! Deposit <RM_AMOUNT> ke Maybank sekarang, join grup WhatsApp kami. Klik <URL> untuk start. Cepat lah, limited slots![scam]",scam,perplexity_sonar,mixed
"Hai brother! Teacher di sini, pelaburan gold high-yield Syariah compliant. RM<RM_AMOUNT> je, esok dah untung 200% guaranteed. Transfer ke CIMB account, then share <OTP> untuk verify. Jom join group cikgu kami di WA. <PHONE> untuk info lanjut![scam]",scam,perplexity_sonar,mixed
"Selamat pagi! Grup Cikgu Pelaburan Crypto Syariah tawarkan **400% return dalam sehari**! Patut patuh Shariah, no riba. Hantar <RM_AMOUNT> via Public Bank, klik <URL> untuk daftar. Jangan lepaskan peluang ni, ramai dah kaya![scam]",scam,perplexity_sonar,mixed
"Wassalam, adik! Saya cikgu dari kelas investment emas digital. Masuk <RM_AMOUNT>, dapat 350% profit 24 jam je. Syariah approved! Transfer ke RHB, reply <OTP> untuk activate. Join grup WA kami, friendly je semua. <URL> now![scam]",scam,perplexity_sonar,mixed
"Hello sis! Pelaburan crypto cikgu bagi high return Syariah, 250% dalam 1 hari! Deposit <RM_AMOUNT> ke AmBank, fast approval. Share phone <PHONE> atau klik <URL>. Grup WA penuh testimoni, you next to rich lah![scam]",scam,perplexity_sonar,mixed
"Assalammualaikum! Cikgu Razak ni, scheme gold Syariah compliant, untung **300% tomorrow**! Hanya <RM_AMOUNT> start capital. Transfer Maybank, masukkan <OTP> sini. Join grup pelaburan kami WA, semua happy customer![scam]",scam,perplexity_sonar,mixed
"Eh bro, cepat! Teacher group offer pelaburan crypto halal, 500% profit 24hrs! Syariah certified. Bayar <RM_AMOUNT> ke UOB, klik <URL> untuk link. Reply <PHONE> if interested, slots filling up fast![scam]",scam,perplexity_sonar,mixed
"Hai semua! Dari grup Cikgu Emas, investment high-yield no risk, 280% return sehari. Patuh Syariah full. Deposit <RM_AMOUNT> CIMB now, share <OTP>. <URL> to join WA group, jom kaya sama-sama![scam]",scam,perplexity_sonar,mixed
"Selamat siang! Pelaburan cikgu crypto Syariah, **350% dalam 24 jam** je! Transfer <RM_AMOUNT> ke Public Bank, verify dengan <OTP>. Grup WA exclusive, call <PHONE> untuk details. Don't miss out lah![scam]",scam,perplexity_sonar,mixed
"Walaikumsalam! Saya cikgu pelaburan gold digital, compliant Syariah 100%. Untung 400% fast! Hantar <RM_AMOUNT> RHB, klik <URL>. Masuk grup WA kami, ramai dah withdraw berjaya. Reply sekarang![scam]",scam,perplexity_sonar,mixed
"Bro, my Shopee order got system error lah, need pay again RM<RM_AMOUNT> to <URL> for refund wallet. Please help, I desperate sia, family sick need money fast. PM tepi only ok?",scam,perplexity_sonar,mixed
"Hai, Lazada seller here, your item RM<RM_AMOUNT> stuck in customs. Enter <OTP> to <PHONE> for release, I begging you help me clear this, my kid hungry no money already.",scam,perplexity_sonar,mixed
"Emergency! Mudah.my payment failed due glitch on <DATE>, resend to <URL> get back RM<RM_AMOUNT> + bonus. Tolong lah bro, I single mom struggling, don't ignore pls.",scam,perplexity_sonar,mixed
"Carousell buyer, your refund pending, click <URL> key in <OTP> now or lost forever. I in deep shit lah, loan shark chasing me, save me please desperate case.",scam,perplexity_sonar,mixed
"Shopee glitch hit my account, overpay RM<RM_AMOUNT>, send extra to <PHONE> for instant wallet refund. Cry only sia, business bankrupt if no help from good samaritan like you.",scam,perplexity_sonar,mixed
"Lazada order error, need verify <OTP> at <URL> to unlock RM<RM_AMOUNT> credit. Pls lah korang, I accident prone driver, car spoilt need fix urgent no cash.",scam,perplexity_sonar,mixed
"Mudah seller desperate, your PM reply late cause system lag, pay RM<RM_AMOUNT> to <URL> fix it. Tolong help, I old man pension small, wife hospitalised now.",scam,perplexity_sonar,mixed
"Carousell transaction failed on <DATE>, resubmit via <PHONE> get double refund. I begging mercy, lost job covid time, family no eat if no sale today.",scam,perplexity_sonar,mixed
"Shopee wallet hack, your RM<RM_AMOUNT> safe if click <URL> enter <OTP>. Super sad lah, scammer took my savings already, you kind heart help me recover?",scam,perplexity_sonar,mixed
"Lazada fake charge RM<RM_AMOUNT>, call <PHONE> with <OTP> for full rebate. Pls bro/sis, I disabled person, no family support, this my last hope.",scam,perplexity_sonar,mixed
"Oi bro! JPJ saman kau belum bayar lagi! <RM_AMOUNT> for speeding kat Jalan Tun Razak <DATE>. Cepat settle tepi jom, transfer Maybank <PHONE> now! Excited tak nak clear cepat?? <URL>",scam,perplexity_sonar,mixed
"Woi! Accident kecil je kat KL-Seremban highway, settle tepi la bro! Bayar <RM_AMOUNT> je kat Public Bank <PHONE>. Hype gila, kasi duit sekarang free pass! Reply YA <URL>",scam,perplexity_sonar,mixed
"Emergency lah! JPJ detect saman kau <RM_AMOUNT> from <DATE>. Jangan kena blacklist, transfer CIMB <PHONE> la settle fast! Super excited, settle 5 minit je! Click <URL>",scam,perplexity_sonar,mixed
"Haha bro, kereta kau scratch sikit kat JB, settle tepi gempak! <RM_AMOUNT> to RHB <PHONE>. You got money ah? Transfer back la now, hype max! <URL>",scam,perplexity_sonar,mixed
Wah lau eh! JPJ notice: Unpaid saman <RM_AMOUNT> speeding <DATE>. Cepat bayar AmBank <PHONE> settle tepi! Thrilled tak? Jom settle sekarang <URL>,scam,perplexity_sonar,mixed
"Bro! Minor bump kat PLUS highway, settle tepi easy peasy! Transfer <RM_AMOUNT> to UOB <PHONE>. Excited sia, clear record kau hari ni je! <URL>",scam,perplexity_sonar,mixed
"Alert! JPJ saman kau <RM_AMOUNT> for illegal parking <DATE>. Jangan tunggu summons besar, transfer Hong Leong <PHONE> la! Hype level 100! <URL>",scam,perplexity_sonar,mixed
"Yooo! Accident settle tepi kat Penang bridge, <RM_AMOUNT> je Maybank <PHONE>. Super fast, you happy la! Transfer now jom <URL>",scam,perplexity_sonar,mixed
"Cepat bro! JPJ fine <RM_AMOUNT> from camera <DATE>. Settle tepi Public Bank <PHONE>, no hassle! Wah excited nak clear?? Click <URL>",scam,perplexity_sonar,mixed
"Hype news! Kereta kau kena saman JPJ <RM_AMOUNT>, settle tepi CIMB <PHONE> terus! Bayar la sekarang, free stress forever! <URL>",scam,perplexity_sonar,mixed
"Woi bro! Item iPhone 15 Pro kat Shopee ni RM599 je! Super murah gila, stok limited! Cepat PM tepi <URL> nk beli x? Jom rush!",scam,perplexity_sonar,mixed
"Eh sist, baju branded Lazada ori RM99 je! Dah sold out ramai, system error kena bayar lagi sikit. Transfer Maybank <RM_AMOUNT> kat akaun ni, terus wallet refund balik! Excited tak?",scam,perplexity_sonar,mixed
"Hot deal Mudah.my! Sepasang kasut Air Jordan RM199! Nk dapat? Chat whatsapp <PHONE> sebab listing tu fake, real deal sini je. Jom beli sekarang!",scam,perplexity_sonar,mixed
"OMG! Order Carousell kau kena 'PM tepi' sebab parcel hilang. Refund wallet ShopeePay RM350, tapi kena verify OTP dulu <OTP>. Cepat reply bro!",scam,perplexity_sonar,mixed
"Wah lau eh, laptop gaming Lazada RM899! Hype gila ni, limited edition. Bayar extra RM50 sebab system glitch, terus full refund. Transfer CIMB cepat!",scam,perplexity_sonar,mixed
"Bro, earbuds Sony ori kat Shopee RM129 je! Dah ramai beli, stok abis esok. PM aku <PHONE> untuk link bayar, confirm murah gila!",scam,perplexity_sonar,mixed
"Sist! Dress viral Mudah.my RM69, size last piece! Kena bayar dua kali sebab error, tapi refund wallet penuh. Hantar <RM_AMOUNT> ke Public Bank ni!",scam,perplexity_sonar,mixed
"Super excited! iPad Pro Carousell RM1,299! Seller real, tapi platform issue. Verify dengan OTP <OTP> dan transfer sikit, terus ok. Jom!",scam,perplexity_sonar,mixed
"Deal gila Lazada! TV 55"" RM799 je! Nk? System kena topup RM100 dulu untuk process refund wallet. Cepat transfer RHB, stok flying!",scam,perplexity_sonar,mixed
"Eh bro, phone Samsung S24 kat Shopee RM999! Hype sale, tapi kena 'PM tepi' <URL> sebab COD scam. Bayar advance je, confirm selamat!",scam,perplexity_sonar,mixed
"Salam, Bantuan Sara Hidup anda RM<RM_AMOUNT> dah approved oleh Kementerian Kewangan. Verify akaun Touch 'n Go eWallet sekarang di <URL>. Kod OTP: <OTP>. Jgn lambat nk claim!",scam,perplexity_sonar,mixed
PENGHANTARAN RESMI: STR Bantuan Tunai Rahmah RM100 je untuk anda. Klik <URL> untuk masukkan no Maybank/Boost wallet. OTP pengesahan <OTP>. Xleh tunggu lama!,scam,perplexity_sonar,mixed
Tahniah! Permohonan e-Wallet Sara Hidup RM<RM_AMOUNT> lulus. Claim segera via <URL> dgn MyKad details. Kod sah <DATE>. Hub <PHONE> jika nk tanya.,scam,perplexity_sonar,mixed
Daripada Jabatan Sara Negara: Bantuan RM150 approved untuk akaun CIMB. Masuk <URL> guna OTP <OTP> untuk topup eWallet. Cepat sebelum tamat <DATE>!,scam,perplexity_sonar,mixed
NOTIS PENGAWASAN: RM<RM_AMOUNT> Sumbangan Asas Rahmah siap hantar ke wallet Grab. Sahkan di <URL>. OTP: <OTP>. Jgn bagi orang lain tau nk claim ni je.,scam,perplexity_sonar,mixed
Kementerian Ekonomi approved Bantuan Hidup RM200. Link claim Touch 'n Go: <URL>. Masukkan OTP <OTP> sekarang. Xleh miss peluang ni!,scam,perplexity_sonar,mixed
SMS RASMI STR: RM100 Sara Aid untuk semua rakyat. Verify Public Bank eWallet di <URL>. Kod <OTP> sah 24jam. Call <PHONE> for help.,scam,perplexity_sonar,mixed
"Bantuan Sara Hidup RM<RM_AMOUNT> dah disetujui PM. Claim Boost wallet via <URL> guna OTP <OTP>. Tamat <DATE>, cepat action!",scam,perplexity_sonar,mixed
Pemberitahuan: E-Wallet topup RM150 dari Sara Rahmah. Klik <URL> untuk RHB bank details & OTP <OTP>. Jgn click lain2 scam ye.,scam,perplexity_sonar,mixed
Approved! Bantuan Tunai Sara RM100 ke Maybank2u. Sahkan <URL> dgn kod <OTP>. Nk claim je tinggal masuk link ni sekarang.,scam,perplexity_sonar,mixed
"Bro, mak datin tetamu kahwin abang xleh masuk hall sebab app rosak. Tolong download APK invitation ni cepat <URL> nk nampak menu je. Emergency ni!",scam,perplexity_sonar,mixed
"Kak, bank Maybank abang kena suspend sebab update gagal. Tolong download APK update app bank ni la <URL> nanti bayar RM<RM_AMOUNT> je. Sedih gila xleh transaksi!",scam,perplexity_sonar,mixed
"Eh sayang, kad menu kahwin kawan xleh buka. Download APK viewer ni la <URL> tolong tengok je, abang desperate nk confirm guest list. Pls!",scam,perplexity_sonar,mixed
"Mayat, CIMB app abang crash, xleh check balance. Nk save, download APK update bank ni cepat <URL> bayar <RM_AMOUNT> je. Tolong abang!",scam,perplexity_sonar,mixed
"Bang, invitation kahwin adik xleh view sebab link mati. Tolong download APK wedding card ni <URL> nk tengok je. Abang nak nangis dah!",scam,perplexity_sonar,mixed
"Sis, Public Bank app kena block, urgent nk bayar bil. Download APK update ni la <URL> masukkan <OTP> je. Life susah gila!",scam,perplexity_sonar,mixed
"Oi, menu card majlis kahwin makcik x open. Cepat download APK ni <URL> tolong check je, guest ramai nk confirm. Pitiful abang!",scam,perplexity_sonar,mixed
"Kawan, RHB Bank app error besar, xleh transfer. Tolong download APK fix ni <URL> bayar <RM_AMOUNT> je. Abang desperate betul!",scam,perplexity_sonar,mixed
"Eh long, APK wedding invitation family gathering xleh load. Download sini la <URL> nk view menu je. Tolong save hari abang!",scam,perplexity_sonar,mixed
"Bro, UOB app kena hack sikit, urgent update. Download APK bank ni cepat <URL> masuk <PHONE> je. Xleh survive tanpa ni!",scam,perplexity_sonar,mixed
Salam saudara/saudari! Peluang istimewa invest crypto Syariah compliant di kumpulan Cikgu Emas Telegram. Jamin 300% profit dalam 24 jam dengan Maybank secure. Join sekarang <URL> dan labur <RM_AMOUNT> je!,scam,perplexity_sonar,mixed
"Hai friend! Gold investment scheme halal, high-yield 200% return mingguan. Cikgu group di Telegram tunjuk proof payout. Transfer ke akaun BSN, guaranteed no risk. Klik <URL> untuk start!",scam,perplexity_sonar,mixed
"Assalamualaikum! Exclusive offer: Crypto trading Syariah, 500% untung dalam sehari! Join grup WhatsApp Cikgu Kaya, tapi pindah ke Telegram kami. Labur RM sekarang via <PHONE> untuk bonus.",scam,perplexity_sonar,mixed
"Wah, peluang emas! Invest emas digital dengan Public Bank backing, 150% profit harian Syariah compliant. Kumpulan cikgu ramai dah kaya. Masuk <URL> dan hantar <OTP> untuk verify.",scam,perplexity_sonar,mixed
"Dear brother/sister, jom join investment gold scheme yang amanah. 400% return dalam 24 jam, zero risk macam fixed deposit Maybank. Telegram group cikgu ready guide you. Link: <URL>",scam,perplexity_sonar,mixed
"Selamat pagi! High yield crypto halal, promise 250% profit cepat. Cikgu di Telegram kongsi strategi juara. Labur <RM_AMOUNT> ke akaun CIMB, withdraw anytime. Jangan lepaskan <URL>!",scam,perplexity_sonar,mixed
"Hai semua! Pelaburan emas Syariah compliant, 300% untung seminggu je. Grup cikgu Telegram penuh testimoni. Guaranteed oleh RHB Bank. Join <URL> dan call <PHONE> untuk details.",scam,perplexity_sonar,mixed
"Peluang terhad! Invest crypto/gold mix, 350% return harian no risk. Cikgu advisor di Telegram tunjuk live payout. Hantar <RM_AMOUNT> via Maybank2u, Syariah approved. <URL> now!",scam,perplexity_sonar,mixed
"Assalamualaikum friends! Jom kaya cepat dengan scheme emas digital halal. 200% profit 24 jam, cikgu group Telegram exclusive. Transfer ke <PHONE>, join <URL> untuk start earning.",scam,perplexity_sonar,mixed
"Exciting news! High-return investment Syariah, 400% dalam sehari dengan gold crypto. Kumpulan cikgu di Telegram bagi tips pro. Labur safe via AmBank, klik <URL> sebelum tutup!",scam,perplexity_sonar,mixed
"Maaf, saya salah daftar nombor hp anda untuk BigPay. Tolong forwardkan <OTP> yang datang tadi, saya desperate nak bayar hospital RM<RM_AMOUNT> sekarang. Tolong ya :(",scam,perplexity_sonar,mixed
"Abang, TAC BigPay (<OTP>) hantar ke no anda salah, saya lagi susah nak verify akaun untuk transfer duit urgent. Help la, family saya sakit <DATE>. Thanks.",scam,perplexity_sonar,mixed
"Salah hantar TAC Maybank (<OTP>) ke no ini. Saya nak guna untuk system upgrade BigPay, tapi no saya tak boleh receive. Tolong bagi, saya miskin sangat sekarang.",scam,perplexity_sonar,mixed
"Help! Saya daftar BigPay pakai no anda mistakenly, <OTP> dah masuk. Forward je la, saya nak beli ubat untuk mak, RM<RM_AMOUNT> je. Jangan biar saya nangis.",scam,perplexity_sonar,mixed
"TAC RHB (<OTP>) salah hantar kat anda. Saya desperate nak verify transaksi hospital <DATE>, tolong reply <OTP> cepat. Hidup saya susah ni.",scam,perplexity_sonar,mixed
"Bro, BigPay TAC (<OTP>) keluar kat no anda sebab saya salah type. Tolong hantar balik, saya nak bayar bil anak sekolah RM<RM_AMOUNT>. Pity la saya.",scam,perplexity_sonar,mixed
"Maaf tuan, system upgrade CIMB hantar <OTP> ke no ini. Saya tak boleh access, tolong bagi TAC tu, saya lagi kelaparan takde duit makan.",scam,perplexity_sonar,mixed
"Salah daftar no hp untuk BigPay verification, <OTP> dah datang. Forward la ye, urgent nak transfer untuk operation <DATE>. Saya merayu.",scam,perplexity_sonar,mixed
"TAC Public Bank (<OTP>) mistakenly ke no anda. Help verify BigPay saya la, saya desperate nak settle hutang RM<RM_AMOUNT>. Tolong kasih hati.",scam,perplexity_sonar,mixed
"Abang kak, saya salah register BigPay guna no anda, <OTP> tu penting. Tolong reply cepat, anak saya nak admit hospital sekarang. Jangan ignore.",scam,perplexity_sonar,mixed
"Hai bro! Hiring Manager dari TikTok Affiliate sini! Kami hiring part-time liker & sharer, kerja dari rumah je, earn **RM500 sehari** gila exciting! Click <URL> join group cepat lah![scam]",scam,perplexity_sonar,mixed
"Wah super hot job! Saya Hiring Manager, cari orang like & share YouTube video untuk YouTuber Malaysia. Work from home, bayar **RM500 daily** straight to Maybank! Reply YA sekarang atau ketinggalan![scam]",scam,perplexity_sonar,mixed
"Emergency hiring! TikTok like & share team nak tambah member. **Earn RM500/hari** je duduk rumah, guna phone like video je. Hiring Manager call you soon, tekan <URL> confirm![scam]",scam,perplexity_sonar,mixed
"Boom! Part-time job bombastic – like TikTok/YouTube, share link, **RM500 masuk poket setiap hari**! Dari Hiring Manager, kerja fleksibel rumah sendiri. Join <URL> dan start earn![scam]",scam,perplexity_sonar,mixed
"Lagi one chance besar! Hiring Manager offer kerja part-time affiliate, like & subscribe channel Malaysia, **RM500 daily** guaranteed. Work from home, no boss! Klik <URL> daftar free![scam]",scam,perplexity_sonar,mixed
"Excited tak? Kami Hiring Manager cari 100 orang untuk TikTok like/share job. **Earn RM500 sehari** mudah gila, transfer to CIMB je. Reply <PHONE> atau visit <URL> sekarang![scam]",scam,perplexity_sonar,mixed
"Jangan miss! Part-time gig – like YouTube video, share kat WhatsApp, **RM500/hari** for real! Hiring Manager confirm bayar cepat. Join group <URL> dan buktikan![scam]",scam,perplexity_sonar,mixed
"Hot news! TikTok Affiliate hiring part-timer, kerja rumah like & share je, **RM500 daily** masuk account Public Bank. Saya Hiring Manager, cepat reply untuk start![scam]",scam,perplexity_sonar,mixed
"Wey super lah job ni! Hiring Manager bagi peluang earn **RM500 sehari** like TikTok video dari rumah. Tak payah office, gampang! Tekan <URL> join dan dapat <OTP> confirm.[scam]",scam,perplexity_sonar,mixed
"Gila best! Part-time affiliate untuk YouTuber KL, like & share task, **RM500/hari** guaranteed work from home. Hiring Manager tunggu you, click <URL> register sekarang![scam]",scam,perplexity_sonar,mixed
"Assalamualaikum. Pelaburan emas Syariah compliant di platform Cikgu Emas Group. Labur RM1,000 dapat 300% profit dalam 24 jam. Daftar sekarang di <URL>. Hubungi <PHONE> untuk join WhatsApp group.",scam,perplexity_sonar,mixed
"Peluang istimewa! Crypto halal high-yield scheme dengan jaminan 200% return minggu ini. Syariah approved. Transfer ke Maybank akaun kami RM5,000. Klik <URL> atau call <PHONE>. Cepat sebelum penuh!",scam,perplexity_sonar,mixed
"Cikgu Pelaburan WhatsApp group jemput anda. Invest gold token Syariah, RM2,000 jadi RM10,000 dalam 3 hari. Guaranteed no risk. Masuk group: <URL>. <PHONE> untuk OTP.",scam,perplexity_sonar,mixed
Exclusive offer: Pelaburan Bitcoin Syariah compliant. 500% profit guaranteed 48 jam. Labur <RM_AMOUNT> ke CIMB akaun. Join Cikgu Crypto: <PHONE> atau <URL>. Act fast!,scam,perplexity_sonar,mixed
"Wassalam. Skim emas digital halal, 250% return harian. Teacher group verified. Hanya RM500 minimum. Daftar <URL> dan hubungi <PHONE> untuk details bank transfer.",scam,perplexity_sonar,mixed
"Peluang emas! High-yield crypto Syariah di Public Bank. RM3,000 invest dapat 400% profit 24 jam. Join WhatsApp Cikgu Gold: <PHONE>. Limited slots, klik <URL> sekarang.",scam,perplexity_sonar,mixed
"Assalamualaikum. Pelaburan compliant SC Malaysia, gold scheme 350% return. No risk, teacher certified. Transfer RM1,500 ke akaun. Call <PHONE> atau visit <URL>. Jangan lepaskan!",scam,perplexity_sonar,mixed
Cikgu Pelaburan ajak join group. Crypto halal yield 300% dalam sehari. Labur via RHB Bank <RM_AMOUNT>. Masuk sekarang: <URL>. Hubungi <PHONE> untuk verify.,scam,perplexity_sonar,mixed
"Istimewa untuk anda: Emas Syariah investment, guaranteed 280% profit 36 jam. WhatsApp group active. Klik <URL> atau <PHONE> untuk start dengan RM800 minimum.",scam,perplexity_sonar,mixed
"Urgent! Pelaburan crypto gold mix Syariah compliant. 450% return fast. Cikgu verified. Transfer ke AmBank, join group <PHONE>. Daftar <URL> sebelum <DATE>.",scam,perplexity_sonar,mixed
"Woi bro! **Pinjaman Wang Berlesen RM50,000** approve dalam 1 jam je! 0% faedah, blacklist OK, tak payah dokumen. Bayar **processing fee RM300** je sekarang ke <PHONE> atau <URL>! Cepat la, limited offer![scam]",scam,perplexity_sonar,mixed
"Selamat! Awak layak untuk **Ah Long Pinjaman Pantas RM30,000**! Fast approval, tiada semakan, 0% interest. Hanya transfer **insurance fee RM500** upfront untuk release duit. Hubungi <PHONE> SEKARANG![scam]",scam,perplexity_sonar,mixed
"Exciting news! **Pinjaman Mudah RM20,000** siap untuk awak! Blacklist pun boleh, 0% faedah forever. Bayar **admin fee RM250** je dulu ke akaun kami, duit masuk esok! Klik <URL> atau call <PHONE>![scam]",scam,perplexity_sonar,mixed
"Hai! Awak shortlisted untuk **Pinjaman Berlesen RM100,000**! Super fast, no collateral, blacklist welcome. Transfer **processing & insurance RM800** sekarang, approve guarantee! Reply <OTP> ke <PHONE>![scam]",scam,perplexity_sonar,mixed
"**HOT DEAL!** Pinjaman Ah Long RM15,000 dengan 0% interest, approve blacklist OK! Bayar **bayaran pemprosesan RM400** je upfront, duit transfer dalam 30min. Jangan lambat, contact <PHONE>![scam]",scam,perplexity_sonar,mixed
"Wow! **Pinjaman Pantas RM40,000** untuk awak! Tiada dokumen, 0% faedah, senang je. Hanya RM600 untuk **insurance fee** dulu, lepas tu duit masuk bank. Call <PHONE> atau visit <URL> cepat![scam]",scam,perplexity_sonar,mixed
"Assalamualaikum! Layak **Pinjaman Wang Berlesen RM25,000**! Blacklist tak masalah, fast approval. Bayar **processing fee RM350** sekarang ke <PHONE>, duit ready hari ni! Limited slots![scam]",scam,perplexity_sonar,mixed
"Great opportunity! **Ah Long Loan RM60,000** 0% interest, no check semula. Transfer **admin & tax fee RM700** upfront je, approve 100%! Reply ya ke <PHONE> atau <URL>![scam]",scam,perplexity_sonar,mixed
"**URGENT!** Pinjaman RM10,000 siap approve untuk awak! Blacklist OK, 0% faedah. Bayar **guarantee fee RM200** dulu, lepas tu transfer RM10,000 masuk. Hubungi <PHONE> sekarang![scam]",scam,perplexity_sonar,mixed
"Hebat lah! **Pinjaman Berlesen RM80,000** fast & easy, 0% interest walaupun blacklist. Hanya RM450 **processing insurance** je bayar upfront. Klik <URL> atau call <PHONE> sebelum habis![scam]",scam,perplexity_sonar,mixed
"Bro, I cikgu from WhatsApp group tu, family sakit teruk ah, need <RM_AMOUNT> for crypto invest Syariah compliant. 300% profit in 24 jam je, transfer Maybank la to <PHONE>, plz tolong save kami...",scam,perplexity_sonar,mixed
"Eh korang, desperate gila nih, gold trading halal 100%, cikgu promise RM<RM_AMOUNT> jadi <RM_AMOUNT>*4 esok. Duit takde ah, transfer Public Bank cepat before slot penuh la...",scam,perplexity_sonar,mixed
"Tolong lah bro, anak I nak operate, join invest crypto high yield ni, Syariah approved. Masuk <RM_AMOUNT> je, untung 500% dalam seminggu. OTP confirm kat <PHONE> tu, cepat transfer CIMB...",scam,perplexity_sonar,mixed
"Sis, I m desperate, lost job, this gold scheme cikgu group super legit, 400% return 24hrs halal way. Tolong <RM_AMOUNT> to RHB account <PHONE>, nanti bayar balik double promise...",scam,perplexity_sonar,mixed
"Abang, family kena musibah, crypto invest Syariah ni boleh selamatkan kami. 350% profit fast, transfer <RM_AMOUNT> Maybank la, klik <URL> for details, plz jangan biar kami susah...",scam,perplexity_sonar,mixed
"Hai, cikgu sini, wife I pregnant susah bayar bil, join high yield gold trading group. <RM_AMOUNT> masuk, dapat 300% esok pagi. Transfer ke <PHONE> Public Bank, tolong lah sedekah...",scam,perplexity_sonar,mixed
"Korang baik hati, I desperate nih, Syariah crypto scheme cikgu ajar, untung gila 600% in 1 day. Tolong transfer <RM_AMOUNT> CIMB <PHONE>, nanti kongsi profit banyak-banyak...",scam,perplexity_sonar,mixed
"Plz bro, mak I sakit kat hospital, need duit cepat for halal gold invest. 250% return guaranteed, masuk <RM_AMOUNT> RHB la, OTP kat <PHONE>, save kami dari susah...",scam,perplexity_sonar,mixed
"Desperate betul nih, cikgu group WhatsApp ada crypto Syariah bombastic, 400% profit 24jam. Transfer Maybank <PHONE> <RM_AMOUNT> je, tolong lah sebelum terlambat...",scam,perplexity_sonar,mixed
"Sis teruk lah, lost semua duit, this high yield invest gold halal cikgu promote, 500% fast return. Tolong <RM_AMOUNT> ke Public Bank <PHONE>, promise bayar balik cepat...",scam,perplexity_sonar,mixed
"Hai, urgent job lah! Hiring Manager here from TikTok Boost Agency. Like & share videos, earn RM500 daily work from home. First task now or miss out! Click <URL> & send screenshot to <PHONE>. Jangan lambat!",scam,perplexity_sonar,mixed
Emergency alert! Your spot for part-time affiliate gone if not reply in 10min. RM500/day easy like TikTok videos. CIMB payout ready. Start sekarang or kena blacklist. <URL> now! Call <PHONE> fast.,scam,perplexity_sonar,mixed
"Hiring Manager speaking. TikTok like & share job, RM800 daily possible! Work from home, flexible. But slots closing <DATE>. Hurry click <URL>, do first task or lose chance forever. Reply <OTP> to confirm.",scam,perplexity_sonar,mixed
"Oi, don't waste time! Part-time YouTube affiliate, like & subscribe only, earn RM500/hari. Maybank transfer instant. If tak buat now, we give to others. <URL> cepat! Threat: No action = no more invites.",scam,perplexity_sonar,mixed
"Urgent hiring! TikTok Agency need you for like/share job. RM600 daily, kerja rumah je. First payment RM50 after task 1. Click <URL> or we block you. Send proof to <PHONE> immediately, lah!",scam,perplexity_sonar,mixed
"Warning: Job offer expires in 30min! Hiring Manager. Earn RM500/day TikTok affiliate, simple like & share. Public Bank ready. Tak nak? Fine, bye. <URL> now & reply <OTP> to lock your slot.",scam,perplexity_sonar,mixed
"Fast action required! Part-time job like YouTube videos, RM700 daily potential. Work from home, no boss. But if delay, kena cancel. Click <URL>, screenshot to <PHONE>. Jangan main-main!",scam,perplexity_sonar,mixed
"Hiring Manager: TikTok boost team hiring NOW. Like/share = RM500/day easy money. CIMB payout <DATE>. Miss this, regret sia. Urgent: <URL> & send <OTP> or out!",scam,perplexity_sonar,mixed
"Threat: Ignore this = no more opportunities! Urgent part-time affiliate job. YouTube like & share, earn RM500/hari rumah je. Maybank instant. Click <URL> sekarang or blacklist forever. Call <PHONE>.",scam,perplexity_sonar,mixed
"Last call lah! Hiring Manager. TikTok/YouTube job, RM550 daily for likes/shares. Work anytime. Slots full by tonight. Hurry <URL>, do task & reply <PHONE> with screenshot. Tak buat, hilang peluang!",scam,perplexity_sonar,mixed
"Sayangku, aku pilot yang stuck di KLIA sejak semalam. Hantar hadiah cinta untuk kau je, tapi customs tu xleh release. Tolong bayar cukai RM<RM_AMOUNT> ke Maybank <PHONE> la, nanti aku balik peluk kau cepat2 ❤️",scam,perplexity_sonar,mixed
"Baby, engineer aku ni hantar parcel emas + jam tangan Rolex untuk soulmate aku. Tapi Pos Malaysia pegang, nk bayar duty RM<RM_AMOUNT> guna CIMB <URL>. Jom settle cepat, miss kau gila ni 😘",scam,perplexity_sonar,mixed
"Cantik hati aku, hadiah surprise dari aku engineer lepas kerja KL. Customs tu nak RM<RM_AMOUNT> untuk release parcel. Transfer je ke Public Bank <PHONE>, nanti malam video call panas2 ye sayang 💋",scam,perplexity_sonar,mixed
"Love, pilot flight aku delay, hantar bunga + coklat untuk kau kat rumah. Tapi kastam KL xleh bagi, kena bayar RM<RM_AMOUNT> via RHB <OTP>. Tolong baby, nk jumpa kau cepat la 🥰",scam,perplexity_sonar,mixed
"Sayang, aku engineer project di JB, hantar gelang diamond cinta kita. Customs pegang, nk RM<RM_AMOUNT> cukai ke UOB <PHONE>. Bayar dulu ye, nanti aku balik cium kau lama2 😉",scam,perplexity_sonar,mixed
"Honey, pilot macam aku ni hantar tas branded untuk princess aku. PosLaju tu minta RM<RM_AMOUNT> clear customs guna Hong Leong <URL>. Jom la sayang, excited nak peluk kau 😍",scam,perplexity_sonar,mixed
"Bae, hadiah anniversary dari engineer kau stuck kat customs Penang. Bayar RM<RM_AMOUNT> je ke Alliance Bank <PHONE>, nanti parcel sampai rumah kau cepat. Miss mulut manis kau ni 🔥",scam,perplexity_sonar,mixed
"Darling, aku pilot hantar parfum + baju seksi untuk date kita. Tapi Kastam Diraja nak RM<RM_AMOUNT> duty via AmBank <OTP>. Tolong settle la, nk buat cinta panas malam ni 💕",scam,perplexity_sonar,mixed
"Sweety, engineer busy tapi hantar laptop gift untuk kau kerja. Customs xleh bagi, kena RM<RM_AMOUNT> ke Standard Chartered <PHONE>. Bayar ye baby, nanti aku fly balik KL peluk erat 😘",scam,perplexity_sonar,mixed
"Cinta aku, parcel hadiah cinta dari pilot macam aku kena block Pos Malaysia. Nk RM<RM_AMOUNT> cukai guna FPX <URL>. Tolong la sayang, excited nak jumpa dan cium kau je malam ni 🥺❤️",scam,perplexity_sonar,mixed
"Oi bro! Join kumpulan Cikgu Emas Telegram ni! Invest gold Syariah compliant, 300% profit dalam 24 jam je! Transfer RM100 ke Maybank <PHONE>, confirm untung gila! Klik <URL> start sekarang! 🚀💰",scam,perplexity_sonar,mixed
"Woi! Peluang takkan datang 2 kali! Crypto high-yield scheme, Syariah approved! Masuk RM500, dapat <RM_AMOUNT> balik esok! Group Cikgu Telegram exclusive. Reply YA nk join! <URL> untuk details. Jangan xleh lepaskan! 🔥",scam,perplexity_sonar,mixed
"Hai cikgu group! Emas digital ni best gila, 500% return dalam seminggu! Syariah compliant 100%, no risk! Topup Touch n Go <PHONE> je RM200. Profit masuk akaun terus! Join Telegram <URL> cepat! 💎✨",scam,perplexity_sonar,mixed
"Excited tak? Investment crypto gold, 400% profit 24 jam! Cikgu pun join dah untung RM10k! Syariah ok, halal je. Hantar <OTP> ke <PHONE> untuk register. Klik <URL> masuk group Telegram! Jom lah! 🤑",scam,perplexity_sonar,mixed
"Bro, limited slots je! High-yield gold trading, Syariah compliant, 350% dalam 1 hari! Transfer CIMB <PHONE> RM300, tengok duit berlipat! Telegram cikgu group <URL>. Nk tak? Reply sekarang! ⚡💸",scam,perplexity_sonar,mixed
"Wah lau eh! Pelaburan emas crypto ni gila, 600% profit cepat! Approved Syariah, cikgu ajar step by step di Telegram. Masuk RM150 je, untung <RM_AMOUNT>! <URL> join group. Jangan tunggu, habis slot! 🎉",scam,perplexity_sonar,mixed
"Hey! Cikgu Emas Telegram group buka registration! Invest Syariah gold, 250% return 24 jam no riba! Bayar Public Bank <PHONE> RM250. Profit auto masuk! Klik <URL> cepat sebelum penuh! 😍💰",scam,perplexity_sonar,mixed
"Siapa nk kaya pantas? Crypto scheme high-yield, Syariah 100%! 300% profit esok pagi je! Group cikgu Telegram private. Hantar duit Boost <PHONE> RM100. <URL> untuk link. Jom join! 🚀",scam,perplexity_sonar,mixed
"Gempak! Peluang emas Syariah compliant, 450% dalam 24 jam! Cikgu dah buktikan untung besar. Transfer RHB <PHONE> RM400. Masuk Telegram group <URL> sekarang! Xleh tahan lah ni! 🌟",scam,perplexity_sonar,mixed
"Alert! Investment gold crypto cikgu group, 550% profit guaranteed Syariah! Limited time je, masuk RM200 via UOB <PHONE>. Dapat <RM_AMOUNT> balik! Join Telegram <URL> hari ni! Untung gila bro! 🔥💎",scam,perplexity_sonar,mixed
亲爱的，刚才在KLCC丢了钱包，只剩RM<RM_AMOUNT>要搭巴士回Seremban。帮帮忙derma kilat lah，Maybank <PHONE>转账，救救我这个孤儿院义工好吗？😘 <URL>,scam,perplexity_sonar,mixed
帅哥！我们Tahfiz中心急需捐款救孤儿们，'derma kilat' RM<RM_AMOUNT>到CIMB <PHONE>，你这么善良一定帮的！亲一个哦~ 🥰 <URL>,scam,perplexity_sonar,mixed
美女，路边捡到钱包但钱不够回家，bus fare RM<RM_AMOUNT>而已啦。Public Bank <PHONE>转下，之后请你喝teh tarik ya！💕 <URL>,scam,perplexity_sonar,mixed
好心人！孤儿们Tahfiz课本钱不够，速捐RM<RM_AMOUNT>到RHB <PHONE>，你捐我就发angel wings给你看，超sweet de！😇 <URL>,scam,perplexity_sonar,mixed
哎呀哥哥，我在Bukit Bintang迷路了，钱包空空，只需RM<RM_AMOUNT>搭LRT回家。Hong Leong <PHONE>帮下忙，爱你哦！😍 <URL>,scam,perplexity_sonar,mixed
亲！我们办orphan derma kilat for Tahfiz火災受害者，RM<RM_AMOUNT>到UOB <PHONE>，捐多点我私聊sexy foto感谢你啦~ 🔥 <URL>,scam,perplexity_sonar,mixed
妹子好！丢wallet在Mid Valley，没bus fare RM<RM_AMOUNT>回PJ。Affin Bank <PHONE>转账救命，之后约kopi can？😉 <URL>,scam,perplexity_sonar,mixed
大佬，Tahfiz孤儿急需食物捐款，derma kilat RM<RM_AMOUNT>到AmBank <PHONE>，你这么man一定行！抱抱~ 🤗 <URL>,scam,perplexity_sonar,mixed
甜心，我车坏在Sunway，需RM<RM_AMOUNT>修好回家像orphan一样可怜。Standard Chartered <PHONE>帮啦，kiss kiss！💋 <URL>,scam,perplexity_sonar,mixed
宝贝！KL洪水Tahfiz中心求救，速捐RM<RM_AMOUNT>到Alliance Bank <PHONE>，捐了我们一起祈福，超romantic de！🙏❤️ <URL>,scam,perplexity_sonar,mixed
"Woi bro! Congrats lah, you invited to my sis Wedding Invitation! Super nice one sia, download APK to view details and RSVP now! Majlis kat <URL> la, hurry up ah![2]",scam,perplexity_sonar,mixed
"Eh eh! Menu Card for family dinner ready! Excited gila, got all the fancy food pics inside. Download APK to view full menu la, don't miss out![1]",scam,perplexity_sonar,mixed
Maybank alert! Your card ending 4567 used RM<RM_AMOUNT> at Giant on <DATE>. Update bank app now via this APK or kena block lah! Super urgent sia![4],scam,perplexity_sonar,mixed
"Wah lau eh! Your BSH aid approved RM5,000! Download companion APK to verify and claim fast fast la, don't let go this chance hor![1]",scam,perplexity_sonar,mixed
"Parcel from PosLaju here! Got special delivery for you, need tracking app APK to check status. Excited tak? Download sekarang la bro![1]",scam,perplexity_sonar,mixed
"Traffic summons RM300 sia! View fine details and pay in APK app. Quick download <URL> before late charge, settle cepat la![1]",scam,perplexity_sonar,mixed
"Happy New Year 2026! Got exclusive greeting card for you, super hype animation inside. Download APK to view lah, share with friends also![5]",scam,perplexity_sonar,mixed
"Petronas deal! Book service cheap cheap RM<RM_AMOUNT>, download MyPetronas APK now to grab offer. Limited time sia, jangan lambat![1]",scam,perplexity_sonar,mixed
"CIMB bank update required! Your app outdated, download latest APK to continue banking smooth smooth la. No problem after this hor![4]",scam,perplexity_sonar,mixed
"Loan approved RM10,000 from bank! Pre-approved for you, download processing APK and enter <OTP> to get funds today. Excited tak bro?!",scam,perplexity_sonar,mixed
"Hai bro! **Pinjaman Wang Berlesen** RM50,000 approved for you! 0% interest, blacklist OK, fast approval in 1 hour! Just pay small processing fee RM200 to <PHONE> now lah. Click <URL> to claim! Excited tak?",scam,perplexity_sonar,mixed
"Wahh super fast loan ah! Get **RM10,000 Pinjaman Peribadi** today, no guarantor, CCRIS blacklisted pun boleh! 0% interest forever! Transfer insurance fee RM150 to this number <PHONE> then duit masuk akaun straight away. Reply YA now!",scam,perplexity_sonar,mixed
"Good news sia! Your **Ah Long Pinjaman** RM30,000 siap approve! Zero interest, approve walau bankrupt. Bayar upfront processing RM300 je kat <PHONE>. Enter <OTP> at <URL> for instant cash. Jom grab this offer!",scam,perplexity_sonar,mixed
"Emergency cash? **Pinjaman Wang Pantas** RM20,000 ready for you! Blacklist OK, no docs needed, 0% rate! Send RM250 insurance fee to <PHONE> and get money in 30min. Click <URL> confirm. Don't miss out lah!",scam,perplexity_sonar,mixed
"Yesss! **Licensed Loan** RM80,000 credited soon! Super low 0% interest, approve everyone even bad credit. Just topup processing fee RM400 kat <PHONE>. Verify with <OTP> here <URL>. Cepat rich!",scam,perplexity_sonar,mixed
"Bro, **Pinjaman Berlesen Tunai** RM15,000 for you! No interest, blacklist tak kisah, instant approve! Pay small admin fee RM180 to <PHONE> then duit fly masuk. Check <URL> now, hype gila!",scam,perplexity_sonar,mixed
"Fantastic offer! **Fast Cash Ah Long** RM40,000, 0% interest je, approved walau CCIB blacklisted. Transfer guarantee fee RM350 kat <PHONE>. Enter your <OTP> at <URL> to release funds. Jangan lambat!",scam,perplexity_sonar,mixed
"Woi, your **RM25,000 Pinjaman Wang** approved liao! Zero interest, no problem blacklist. Bayar processing RM220 to <PHONE> sahaja. Click <URL> and key in <OTP>. Duit senang dapat!",scam,perplexity_sonar,mixed
"Super exciting! **Pinjaman Peribadi Berlesen** RM60,000 ready, 0% interest, fast for all incl blacklist. Send insurance RM500 kat <PHONE> now. Confirm at <URL> with <OTP>. Grab it quick lah!",scam,perplexity_sonar,mixed
"Hey, **Ah Long Fast Loan** RM12,000 siap untuk awak! No interest, approve cepat walau bad record. Upfront fee RM160 to <PHONE> then cash masuk. Visit <URL> enter <OTP>. Best deal ever sia!",scam,perplexity_sonar,mixed
J&T Express: Your parcel tertahan at hub sebab alamat salah sikit. Please update details sekarang at <URL> or bayar RM<RM_AMOUNT> customs fee via Maybank. Urgent la bro.,scam,perplexity_sonar,mixed
Pos Laju Notification: Barang anda gagal deliver karna wrong address. Reschedule kat <URL> dan settle unpaid duty RM<RM_AMOUNT>. Call <PHONE> if tak faham.,scam,perplexity_sonar,mixed
"DHL Malaysia: Parcel held back atas sebab customs duty belum bayar. Click <URL> to pay RM<RM_AMOUNT> guna CIMB or Public Bank. Cepat sikit, otherwise return balik.",scam,perplexity_sonar,mixed
"J&T: Alamat salah, driver tak jumpa rumah. Update info kat <URL> dan topup RM<RM_AMOUNT> for delivery fee. Confirm with OTP <OTP> sekarang.",scam,perplexity_sonar,mixed
"Pos Laju Official: Your package tertahan di customs. Bayar outstanding RM<RM_AMOUNT> duty kat <URL> using RHB Bank. Jangan lambat ah, parcel akan hilang.",scam,perplexity_sonar,mixed
DHL: Barang arrival failed sebab address issue. Please verify at <URL> dan settle RM<RM_AMOUNT> unpaid charges. Transfer to our AmBank account fast.,scam,perplexity_sonar,mixed
J&T Express Alert: Parcel anda kena hold karna customs fee RM<RM_AMOUNT> belum clear. Klik <URL> pay guna Touch n Go or bank in. Urgent matter ni.,scam,perplexity_sonar,mixed
"Pos Laju: Wrong alamat details, tak boleh deliver. Update dan bayar RM<RM_AMOUNT> kat <URL>. Reply <OTP> to proceed, jangan ignore la.",scam,perplexity_sonar,mixed
DHL Service: Your shipment tertahan over unpaid duty RM<RM_AMOUNT>. Settle sekarang via <URL> with Maybank2u. Call <PHONE> for assistance if kena.,scam,perplexity_sonar,mixed
J&T: Customs notice - parcel held for wrong address & duty RM<RM_AMOUNT>. Click <URL> to pay and release barang anda. Cepat before <DATE>.,scam,perplexity_sonar,mixed
"Bro, bantuan sara hidup RM<RM_AMOUNT> dah approve untuk kau! Aku desperate nk claim je, tapi kena click <URL> cepat sebelum expire. Tolong la, family aku xleh tahan lagi...",scam,perplexity_sonar,mixed
"Eh kak, govt aid STR RM<RM_AMOUNT> masuk akaun e-wallet Maybank kau! Pitiful aku ni, takde duit beli ubat. Masuk <URL> masukkan <OTP> nk claim sekarang la...",scam,perplexity_sonar,mixed
"Abang, bantuan sara hidup approved! RM<RM_AMOUNT> je nk claim dari Touch n Go. Aku susah gila, anak lapar. Click <URL> & hantar <PHONE> cepat pls...",scam,perplexity_sonar,mixed
"Sis, e-wallet boost RM<RM_AMOUNT> dari kerajaan dah siap! Xleh tunggu lama, aku desperate nk bayar bil. Link <URL> tu, verify <OTP> je la...",scam,perplexity_sonar,mixed
"Oi, kau dapat bantuan RM<RM_AMOUNT> SARA Hidup! Aku miskin teruk ni, tolong claim dulu <URL> hantar IC number. Nk makan pun takde...",scam,perplexity_sonar,mixed
"Makcik, approved la bantuan e-wallet RM<RM_AMOUNT>! Family aku nak kena tipu bank, desperate gila. Click <URL> masukkan <PHONE> sekarang...",scam,perplexity_sonar,mixed
"Bang, STR cash aid RM<RM_AMOUNT> ready! Xleh buat macam ni lama, aku lapar. <URL> je nk claim, tolong la bro...",scam,perplexity_sonar,mixed
"Kakak, govt bagi RM<RM_AMOUNT> sara hidup e-wallet! Pitiful case aku, hutang banyak. Hantar <OTP> kat <URL> cepat sebelum hilang...",scam,perplexity_sonar,mixed
"Abang long, bantuan approved RM<RM_AMOUNT> Touch n Go! Aku susah nak mampus, click <URL> & bagi <PHONE> je la tolong...",scam,perplexity_sonar,mixed
"Eh, kau la orangnya! RM<RM_AMOUNT> SARA e-wallet dah ok. Desperate aku ni, anak sakit. Masuk <URL> verify <OTP> sekarang pls...",scam,perplexity_sonar,mixed
"Hai sayang, order Shopee anda RM<RM_AMOUNT> ada system error. Tolong PM tepi untuk refund wallet penuh. Cepat ya, jangan sampai hangus! <PHONE>",scam,perplexity_sonar,mixed
"Selamat petang, terima kasih beli iPhone di Lazada. Ada overpayment RM<RM_AMOUNT>, refund ke ShopeePay wallet. Klik <URL> atau PM saya sekarang, handsome! 😘",scam,perplexity_sonar,mixed
"Cute buyer, pesanan Carousell anda ready ship tapi need confirm payment lagi RM<RM_AMOUNT> sebab glitch. Refund double if PM tepi fast fast. Call <PHONE> ya!",scam,perplexity_sonar,mixed
"Assalamualaikum, Mudah.my seller here. Order laptop anda RM<RM_AMOUNT> kena bayar again karna error sistem. Refund wallet tunggu PM saya, sayang. Jom settle! <PHONE>",scam,perplexity_sonar,mixed
"Hello gorgeous, Shopee order <DATE> ada issue, overcharge RM<RM_AMOUNT>. PM tepi for instant refund to Touch n Go wallet. Don't miss out, cepat reply! 😉",scam,perplexity_sonar,mixed
"Terima kasih belanja di Lazada! Detection system error, need topup RM<RM_AMOUNT> to release refund wallet. PM saya sekarang, I'll handle personally. <PHONE>",scam,perplexity_sonar,mixed
"Hai darling, Carousell deal bagus tapi payment gagal RM<RM_AMOUNT>. Tolong PM tepi & resend, get extra voucher + refund. You're special customer! <URL>",scam,perplexity_sonar,mixed
Shopee support: Order anda qualified full refund RM<RM_AMOUNT> tapi system hang. Call <PHONE> or PM untuk verify OTP & wallet topup balik. Cepat sayang!,scam,perplexity_sonar,mixed
"Wassup hot stuff, Mudah listing iPad RM<RM_AMOUNT> ready tapi need fix payment error. Refund double if PM now. Jangan buang masa, contact me! <PHONE>",scam,perplexity_sonar,mixed
"Lazada alert: Pesanan <DATE> overpaid RM<RM_AMOUNT>, refund ke Maybank wallet. PM tepi for secure link, I'll guide you step by step, babe. 😍 <URL>",scam,perplexity_sonar,mixed
"Assalamualaikum saudara! Grup Cikgu Pelaburan Emas Syariah compliant ni offer 300% profit dalam 24 jam je! Hantar RM1,000 sekarang ke Maybank <PHONE> atau hilang peluang! Klik <URL> untuk join group VIP Telegram. Cepat, slot limited!",scam,perplexity_sonar,mixed
"URGENT! Pelaburan crypto halal high-yield, 500% return esok! Teacher group confirm bayar. Transfer RM500 ke Public Bank <PHONE> guna <OTP> sekarang atau ketinggalan bonus RM<RM_AMOUNT>. Jangan buang masa, klik <URL> verify!",scam,perplexity_sonar,mixed
"Peringatan! Peluang emas Syariah compliant habis <DATE>! 400% profit crypto/gold. Hantar wang ke CIMB <PHONE> RM2,000 fast atau rugi besar. Grup Cikgu tunggu anda, klik <URL> join Telegram segera!",scam,perplexity_sonar,mixed
"Saudara, jangan lambat! Investment scam-free, 250% dalam sehari je. Syariah approved. Transfer RM800 ke RHB <PHONE> sekarang, atau hilang slot eksklusif. Klik <URL> untuk proof payout Telegram group!",scam,perplexity_sonar,mixed
"TAK BOLEH TUNGGU! High-yield gold scheme, 350% profit 24 jam. Cikgu group confirm. Hantar RM1,500 ke Hong Leong <PHONE> guna <OTP> atau peluang tamat. Join <URL> Telegram sekarang!",scam,perplexity_sonar,mixed
"Awas! Pelaburan crypto Syariah ni closing slot malam ni. 300% return guaranteed. Transfer RM3,000 ke AmBank <PHONE> cepat atau rugi untung besar. Grup Teacher ready, klik <URL> masuk!",scam,perplexity_sonar,mixed
"Emergency! 450% profit emas halal dalam 12 jam je. Jangan miss, hantar RM1,200 ke UOB <PHONE> sekarang. Cikgu verify, klik <URL> Telegram group atau hilang forever!",scam,perplexity_sonar,mixed
"Saudara, cepat join pelaburan gold/crypto Syariah! 280% besok. Transfer RM700 ke Alliance Bank <PHONE> guna <OTP> atau kena block slot. <URL> untuk details Telegram urgent!",scam,perplexity_sonar,mixed
"HURRY UP! Grup Cikgu offer 380% high-yield compliant. Hantar RM2,500 ke Standard Chartered <PHONE> sekarang atau tamat <DATE>. Klik <URL> claim bonus Telegram!",scam,perplexity_sonar,mixed
Peringatan terakhir! Pelaburan Syariah crypto/emas 320% profit 24 jam. Transfer RM900 ke Maybank <PHONE> fast atau rugi peluang seumur hidup. Join grup Teacher <URL> sekarang!,scam,perplexity_sonar,mixed
"Bro, I super desperate lah, need pinjaman wang cepat for medical bills. Pinjaman Berlesen, 0% interest, blacklist OK! Fast approval from Maybank agent. Just transfer <RM_AMOUNT> processing fee to <PHONE> then duit masuk akaun you tomorrow la. Tolong help me pls... <URL>",scam,perplexity_sonar,mixed
"Eh sis, family kena masalah besar, no money for kid school fees. Ah Long pinjaman wang, approve dalam 1 jam je, tak payah check CCRIS. Blacklist pun boleh! Bayar insurance fee <RM_AMOUNT> dulu kat <PHONE>, lepas tu RM10k ready for you. Pls save me lah... <URL>",scam,perplexity_sonar,mixed
"Hello, I crying sia, lost job, hutang banyak. Offer pinjaman wang berlesen, 0% faedah, blacklist welcome! Transfer upfront processing <RM_AMOUNT> to <PHONE> je, then loan approve terus. Public Bank style, cepat gila. Tolong lah bro... <URL>",scam,perplexity_sonar,mixed
"Adik, mak I sakit heavy, no cash for hospital. Pinjaman fast, Ah Long approved, 0% interest, tak kisah blacklist. Hanya bayar <RM_AMOUNT> admin fee sekarang kat <PHONE>, duit loan masuk EPF akaun you lepas tu. Mercy pls... <URL>",scam,perplexity_sonar,mixed
"Oi, life susah betul, kena scammed before, sekarang need pinjaman wang urgent. Berlesen loan, instant approve, blacklist OK lah. Process fee <RM_AMOUNT> transfer to <PHONE> dulu, then RM5k siap for you. Help desperate me la... <URL>",scam,perplexity_sonar,mixed
"Kak, I broke gila, car rosak, no money repair. Pinjaman wang cepat, 0% minat, Ah Long tak check credit. Blacklist pun pass! Bayar insurance <RM_AMOUNT> kat <PHONE> now, loan disburse esok pagi. Tolong simpankan saya... <URL>",scam,perplexity_sonar,mixed
"Bro, wife pregnant, bills numpuk, desperate for pinjaman berlesen. Fast approval, 0% interest, blacklist no problem! Upfront fee <RM_AMOUNT> to <PHONE> je, CIMB loan masuk akaun you. Pls la, I beg you... <URL>",scam,perplexity_sonar,mixed
"Eh, kawan, I kena kacau, need wang pinjaman for house rental. Ah Long offer, approve cepat, 0% faedah, blacklist boleh apply. Transfer processing <RM_AMOUNT> kat <PHONE>, duit ready within hour. Save my family lah... <URL>",scam,perplexity_sonar,mixed
"Sis, tears sia, business rugi besar, hutang bank. Pinjaman wang berlesen, no interest, blacklist OK! Hanya <RM_AMOUNT> guarantee fee to <PHONE> dulu, then RHB loan approve terus. Tolong help poor me pls... <URL>",scam,perplexity_sonar,mixed
"Hello lah, I single mum, no income, kid hungry. Urgent pinjaman fast, Ah Long style, 0% interest, tak payah risau blacklist. Bayar <RM_AMOUNT> admin kat <PHONE> now, loan masuk Maybank you lepas approve. Mercy betul... <URL>",scam,perplexity_sonar,mixed
J&T Express: Parcel tuan/puan tertahan di customs sebab alamat salah. Bayar cukai RM<RM_AMOUNT> sekarang di <URL> sebelum <DATE>. Terima kasih.,scam,perplexity_sonar,mixed
Pos Laju: Barang anda xleh delivery sebab unpaid duty RM<RM_AMOUNT>. Update alamat & bayar di <URL> cepat ya. Hubungi <PHONE> jika nk tanya.,scam,perplexity_sonar,mixed
"DHL Malaysia: Parcel incoming tertahan. Alamat tak betul, bayar customs fee RM<RM_AMOUNT> via <URL> untuk release sebelum <DATE>. Official notice.",scam,perplexity_sonar,mixed
"J&T: Notis rasmi - Parcel je tuan tertahan customs. Bayar RM<RM_AMOUNT> duty sekarang <URL>. Kalau xleh, return balik.",scam,perplexity_sonar,mixed
Pos Laju Tracking: Barang anda stuck alamat salah. Settle unpaid RM<RM_AMOUNT> di <URL> untuk teruskan delivery. Terima kasih kerjasama.,scam,perplexity_sonar,mixed
DHL: Urgent - Parcel tertahan sebab customs duty RM<RM_AMOUNT> belum bayar. Klik <URL> bayar sekarang sebelum <DATE>. Hub <PHONE>.,scam,perplexity_sonar,mixed
J&T Express: Alamat salah detected. Parcel nk return kalau xbayar RM<RM_AMOUNT> fee di <URL>. Action sekarang untuk keep barang.,scam,perplexity_sonar,mixed
"Pos Laju: Official SMS - Barang tertahan customs, bayar duty RM<RM_AMOUNT> via link <URL>. Cepat sebelum expired <DATE>.",scam,perplexity_sonar,mixed
DHL Service: Parcel tuan/puan xleh hantar sebab unpaid RM<RM_AMOUNT>. Update & bayar di <URL> je. Call <PHONE> for assist.,scam,perplexity_sonar,mixed
"J&T: Customs hold parcel anda. Bayar RM<RM_AMOUNT> sekarang <URL> untuk clear. Alamat salah, fix cepat sebelum <DATE>. Thanks.",scam,perplexity_sonar,mixed
"Assalamualaikum saudara! Saya Cikgu Amin dari grup Teacher Investment Syariah Compliant. Pelaburan gold crypto kami bagi 300% profit dalam 24 jam je! Syariah approved, halal 100%. Deposit <RM_AMOUNT> ke Maybank sekarang, klik <URL> untuk join. Jom kaya cepat! 😊",scam,perplexity_sonar,mixed
"Hai brother! Grup Cikgu Pelaburan Emas nih hot gila. High-yield crypto scheme, 500% return guaranteed. Syariah compliant, takde riba. Start dengan <RM_AMOUNT> via CIMB, dapat profit RM10k sehari! Confirm <PHONE> atau <URL>. Jangan lepaskan peluang ni ya! 😉",scam,perplexity_sonar,mixed
"Selamat petang! Saya dari WhatsApp group Cikgu Gold Trader. Pelaburan crypto halal, 400% untung dalam 1 hari. Teacher-student banyak dah untung besar. Transfer <RM_AMOUNT> ke Public Bank, then klik <URL> buka akaun. Cepat la, limited slot! 💰",scam,perplexity_sonar,mixed
"Wassalam! Cikgu here, admin grup Pelaburan Syariah. Gold-backed crypto, 350% profit 24 jam. Fully compliant, tak worry. Deposit minimum <RM_AMOUNT> ke RHB Bank, join <URL> sekarang. Ramai teacher dah millionaire! You next? 😘",scam,perplexity_sonar,mixed
"Hai sis! Grup Cikgu Investment super best. High return crypto gold, 300% dalam sehari je. Syariah ok, halal investment. Hantar <RM_AMOUNT> ke Hong Leong Bank, verify <OTP> kat <URL>. Jom jadi bos besar! 🔥",scam,perplexity_sonar,mixed
"Assalamualaikum! Dari grup Teacher Crypto Gold. Pelaburan premium, 450% profit guaranteed 24 jam. Syariah certified. Start <RM_AMOUNT> transfer AmBank, klik <URL> untuk dashboard. Banyak cikgu dah withdraw berjuta! Join yuk! 🌟",scam,perplexity_sonar,mixed
"Hello kawan! Cikgu Rosnah ni. Grup kami bagi pelaburan emas crypto Syariah, 250% return cepat gila. Takde risk, halal fully. Bayar <RM_AMOUNT> ke UOB Bank, masuk <URL> claim bonus. Lepas tu profit auto masuk! 😉",scam,perplexity_sonar,mixed
"Petang menyeronokkan! Admin grup Cikgu High Yield. Crypto gold scheme, 380% untung 1 hari. Compliant Syariah 100%. Deposit <RM_AMOUNT> Maybank Click, daftar <URL>. Teacher ramai dah beli kereta baru! You mana? 💎",scam,perplexity_sonar,mixed
"Hai semua! Saya Cikgu Hafiz, grup Pelaburan Halal. 320% profit crypto gold dalam 24 jam. Syariah approved, safe bet. Hantar <RM_AMOUNT> ke Standard Chartered, confirm <PHONE> atau <URL>. Jom capai financial freedom cepat! 😍",scam,perplexity_sonar,mixed
"Selamat sejahtera! Grup Teacher Investment Gold nih top. High-yield crypto, 420% return guaranteed. Fully Syariah, no riba. Mulakan dengan <RM_AMOUNT> ke Alliance Bank, klik <URL> join live trading. Banyak success story! 🚀",scam,perplexity_sonar,mixed
